"2.0082564","-9.649591","3.3274617","0.16019134","-0.08864136","-0.010466004","1.7892075","-9.070607","3.2692733","0.12287476","-0.034833983","0.026656494","0.0","0.0","0.0","104573870974127"
"2.0044258","-9.613199","3.3432636","0.15888672","-0.05657501","-0.007868958","1.7866806","-9.066284","3.2824783","0.081137694","-0.03780762","0.027399903","0.0","0.0","0.0","104573891623033"
"2.00251","-9.618467","3.334165","0.15937194","-0.06535797","-0.027833557","1.7842789","-9.062767","3.2933457","0.07922607","-0.040144045","0.027612304","0.0","0.0","0.0","104573911060690"
"2.0049045","-9.639055","3.3116596","0.16390076","-0.09114532","-0.06569977","1.7821442","-9.057569","3.3087082","0.111723624","-0.041099854","0.0271875","0.0","0.0","0.0","104573933306158"
"2.0010736","-9.606016","3.3092656","0.16381684","-0.0743927","-0.114752196","1.7783982","-9.04128","3.3553681","0.15685913","-0.037170414","0.023789061","0.0","0.0","0.0","104573972302981"
"1.9857509","-9.556696","3.349488","0.15001526","-0.033462524","-0.09811401","1.7768784","-9.032888","3.3789506","0.14273438","-0.03175415","0.020390624","0.0","0.0","0.0","104573991218919"
"1.9565414","-9.470505","3.4294543","0.12306061","0.044021606","-0.042704772","1.7746246","-9.024185","3.403508","0.05012695","-0.020603027","0.01539917","0.0","0.0","0.0","104574032577825"
"1.9531896","-9.535627","3.4079068","0.12066345","-0.024291992","-0.07324676","1.7736709","-9.020993","3.4125016","0.047896728","-0.012850342","0.013168946","0.0","0.0","0.0","104574071460325"
"1.9560629","-9.5634","3.4031181","0.12456055","-0.05393677","-0.083538815","1.7726471","-9.019119","3.4180055","0.05012695","-0.007752686","0.0150805665","0.0","0.0","0.0","104574092212773"
"1.9531898","-9.570582","3.4150894","0.12572785","-0.062762454","-0.078027345","1.7686096","-9.017477","3.424466","0.030161131","-0.003079834","0.021134034","0.0","0.0","0.0","104574133399283"
"1.9536686","-9.589735","3.4035969","0.13296357","-0.081199646","-0.091107175","1.7618515","-9.018193","3.4260545","0.019541016","-0.0018054198","0.029311523","0.0","0.0","0.0","104574172852877"
"1.9560627","-9.583989","3.397372","0.13999024","-0.07402191","-0.095939636","1.7572174","-9.019626","3.4246643","0.008920899","-3.1860342E-4","0.034833983","0.0","0.0","0.0","104574191529960"
"1.9474436","-9.580158","3.389232","0.13665466","-0.068545535","-0.10245361","1.7519333","-9.021271","3.4230392","0.011363526","-5.310058E-4","0.037807617","0.0","0.0","0.0","104574212191679"
"1.9306843","-9.57537","3.3906684","0.12551117","-0.062712096","-0.1011261","1.7463181","-9.022314","3.4231477","0.022196043","-0.0016992188","0.039400633","0.0","0.0","0.0","104574231967877"
"1.9182342","-9.560527","3.404076","0.11910705","-0.046945192","-0.0883667","1.7402725","-9.023236","3.4237962","0.021134032","-6.3720724E-4","0.040887453","0.0","0.0","0.0","104574252335273"
"1.9129673","-9.543768","3.4141316","0.12004089","-0.029006958","-0.078352354","1.7340714","-9.024416","3.4238389","0.014974365","1.0620118E-4","0.040356446","0.0","0.0","0.0","104574271618814"
"1.9086574","-9.536585","3.4160469","0.121362306","-0.020661926","-0.07623291","1.7284393","-9.0255785","3.4236343","0.014230957","5.310062E-4","0.036108397","0.0","0.0","0.0","104574292756106"
"1.9024327","-9.530838","3.4165256","0.119989015","-0.01430664","-0.07660522","1.7235855","-9.026187","3.4244857","0.021240234","-8.496091E-4","0.03175415","0.0","0.0","0.0","104574312094908"
"1.9000385","-9.514557","3.4189198","0.121730044","0.002532959","-0.074823","1.7194488","-9.026747","3.425096","0.014868164","-0.0013806148","0.029099122","0.0","0.0","0.0","104574332927096"
"1.9033905","-9.494925","3.4232297","0.12867431","0.023718262","-0.06821747","1.7158569","-9.028302","3.4227996","-0.0031860345","1.062016E-4","0.025594482","0.0","0.0","0.0","104574352796002"
"1.9048269","-9.493967","3.425145","0.1328888","0.02679596","-0.06209717","1.7130798","-9.030421","3.4185958","-0.011151122","-7.43408E-4","0.020815428","0.0","0.0","0.0","104574373451575"
"1.9029114","-9.511206","3.4256237","0.1324234","0.011141968","-0.058169555","1.7116302","-9.032005","3.4151459","-0.0021240227","-0.0022302244","0.013912353","0.0","0.0","0.0","104574393166627"
"1.9057846","-9.526529","3.4289756","0.13556671","-0.0036010742","-0.0534256","1.7113602","-9.032583","3.4137542","0.008177491","-0.0022302244","0.0076464848","0.0","0.0","0.0","104574412839752"
"1.9163191","-9.527487","3.4356797","0.14528045","-0.004232788","-0.0454422","1.7121811","-9.032911","3.4124742","0.00541626","-5.3100585E-4","0.0019116218","0.0","0.0","0.0","104574432776835"
"1.925896","-9.521261","3.442862","0.15337677","0.0026153564","-0.035853576","1.7136596","-9.033537","3.4100678","-0.0028674311","6.372072E-4","-0.0018054198","0.0","0.0","0.0","104574453709439"
"1.9287689","-9.522698","3.449566","0.15436096","0.0020889281","-0.02578125","1.7155488","-9.034447","3.406697","-0.0075402833","0.0020178223","-0.004885254","0.0","0.0","0.0","104574473306158"
"1.9273325","-9.536105","3.4533966","0.15096283","-0.010453796","-0.018669128","1.7175125","-9.035312","3.4034164","-0.0065844716","0.0035046388","-0.005947266","0.0","0.0","0.0","104574494094491"
"1.9235016","-9.55526","3.454354","0.14499359","-0.029052734","-0.015170288","1.7196518","-9.035866","3.4008727","-0.002548828","0.0064782714","-0.008389892","0.0","0.0","0.0","104574513522669"
"1.9148824","-9.566272","3.4591422","0.1340271","-0.039865114","-0.008662415","1.7220001","-9.036067","3.3991547","0.0020178226","0.009239502","-0.011575928","0.0","0.0","0.0","104574533775012"
"1.9038693","-9.568666","3.4639308","0.12068176","-0.042170715","-0.002456665","1.7243332","-9.036156","3.397737","0.0016992182","0.011044922","-0.012956543","0.0","0.0","0.0","104574554412929"
"1.8976443","-9.570582","3.458664","0.112521365","-0.043788146","-0.0059448243","1.7262695","-9.036453","3.3959565","-0.0020178221","0.014337158","-0.0132751465","0.0","0.0","0.0","104574575193658"
"1.8923771","-9.576807","3.446214","0.10583343","-0.049085997","-0.015199279","1.7276901","-9.037379","3.3927627","-0.011363527","0.018054198","-0.012213135","0.0","0.0","0.0","104574594809491"
"1.879927","-9.589257","3.4361584","0.09248199","-0.060516357","-0.022082519","1.7285935","-9.038401","3.3895888","-0.0076464848","0.01996582","-0.01083252","0.0","0.0","0.0","104574613886106"
"1.8636467","-9.602186","3.4289756","0.075871274","-0.07293854","-0.027758788","1.7289231","-9.038904","3.388083","0.0021240234","0.021027831","-0.0090271","0.0","0.0","0.0","104574634967721"
"1.85407","-9.605538","3.4174836","0.06640778","-0.0760437","-0.03865204","1.7288116","-9.039149","3.3874848","0.004354247","0.022939453","-0.0082836915","0.0","0.0","0.0","104574655000429"
"1.850239","-9.598355","3.398809","0.06290893","-0.06825256","-0.055867005","1.7284806","-9.039759","3.386026","-0.0016992189","0.024744872","-0.007965089","0.0","0.0","0.0","104574675110950"
"1.8435352","-9.594524","3.3796554","0.05659027","-0.063502505","-0.07276001","1.7280945","-9.040677","3.3837662","-0.003504639","0.02432007","-0.0076464848","0.0","0.0","0.0","104574695460168"
"1.8358738","-9.601229","3.3638535","0.049572755","-0.069107056","-0.08595886","1.727452","-9.041776","3.3811646","-0.0036108382","0.023045655","-0.005628662","0.0","0.0","0.0","104574713767512"
"1.829649","-9.619424","3.3490098","0.04426117","-0.08628082","-0.09854736","1.7265412","-9.042796","3.3789077","1.0620151E-4","0.022302248","-0.00361084","0.0","0.0","0.0","104574735898189"
"1.8243816","-9.633309","3.3336864","0.04008331","-0.099365234","-0.1122818","1.7254502","-9.043597","3.3773208","0.0056286617","0.021027835","-0.0013806153","0.0","0.0","0.0","104574755375793"
"1.8205509","-9.629","3.3212368","0.040254213","-0.08256073","-0.124508664","1.7224045","-9.046038","3.37231","0.003717041","0.018160403","0.00180542","0.0","0.0","0.0","104574796074856"
"1.8215088","-9.618944","3.3164482","0.044345092","-0.0782959","-0.12071991","1.7202286","-9.048388","3.3670852","-0.0040356433","0.015080566","0.0057348637","0.0","0.0","0.0","104574816832252"
"1.8200722","-9.627563","3.3111808","0.043421935","-0.08622589","-0.11877289","1.7177994","-9.050993","3.3613067","-0.014124756","0.009558105","0.011363526","0.0","0.0","0.0","104574833618502"
"1.8200722","-9.627563","3.3111808","0.040776063","-0.09542541","-0.114413455","1.7151779","-9.053286","3.3564682","-0.014124756","0.009558105","0.011363526","0.0","0.0","0.0","104574856801783"
"1.8186356","-9.632831","3.3198001","0.047671508","-0.086804196","-0.10039063","1.712114","-9.055684","3.3515441","-0.011575928","0.005310059","0.017523194","0.0","0.0","0.0","104574876191991"
"1.8186356","-9.632831","3.3198001","0.06711426","-0.054592896","-0.07842102","1.7084732","-9.059166","3.3439376","-0.011575928","0.005310059","0.017523194","0.0","0.0","0.0","104574896946523"
"1.8488026","-9.564836","3.3451786","0.085308835","-0.010699463","-0.056739807","1.7046432","-9.063797","3.3332686","-0.050445557","0.01072632","0.022727052","0.0","0.0","0.0","104574916241523"
"1.8583794","-9.519346","3.3456573","0.098594666","0.040516663","-0.042471312","1.7009323","-9.069524","3.3194778","-0.07179199","0.014124757","0.02155884","0.0","0.0","0.0","104574933078814"
"1.8641253","-9.482954","3.3403904","0.10754242","0.083891295","-0.030078124","1.697731","-9.076508","3.3018157","-0.09643067","0.01890381","0.01709839","0.0","0.0","0.0","104574953505950"
"1.8646042","-9.479124","3.3418267","0.10995331","0.095085144","-0.009120178","1.6957992","-9.083872","3.2822938","-0.10471436","0.024213867","0.008283692","0.0","0.0","0.0","104574975599543"
"1.8660408","-9.493967","3.3466153","0.111968994","0.08698578","0.0142532345","1.695221","-9.090616","3.263707","-0.09876709","0.030161133","-0.0012744144","0.0","0.0","0.0","104574995905116"
"1.8746599","-9.505461","3.341348","0.12016602","0.081552126","0.026193237","1.6956421","-9.096674","3.246498","-0.09398804","0.036427","-0.008920898","0.0","0.0","0.0","104575016551939"
"1.8871098","-9.510727","3.3241096","0.13134155","0.08179474","0.025027465","1.6969162","-9.102182","3.230426","-0.08942138","0.043436278","-0.01614258","0.0","0.0","0.0","104575035924022"
"1.8918982","-9.518867","3.3006465","0.13414153","0.07864685","0.016511535","1.6989044","-9.107175","3.2154784","-0.08347412","0.050657958","-0.02155884","0.0","0.0","0.0","104575056809804"
"1.8818426","-9.548555","3.2695222","0.121321104","0.052980043","-0.001953125","1.7016678","-9.111196","3.2028184","-0.06637573","0.051188964","-0.026762694","0.0","0.0","0.0","104575076090012"
"1.8646042","-9.600748","3.2355244","0.10028992","0.0029785156","-0.027838135","1.7054611","-9.113386","3.1947083","-0.0360022","0.049489744","-0.033240966","0.0","0.0","0.0","104575096772512"
"1.8511966","-9.65821","3.2106247","0.08279572","-0.05367279","-0.048327636","1.709549","-9.114194","3.1903","-0.0156115685","0.046197508","-0.034727782","0.0","0.0","0.0","104575116134387"
"1.8401835","-9.715671","3.197696","0.06801605","-0.11129455","-0.0597229","1.7133163","-9.114032","3.188768","0.0062658684","0.038975827","-0.03186035","0.0","0.0","0.0","104575136881418"
"1.8306065","-9.761161","3.1828518","0.05509491","-0.15850525","-0.07767639","1.7166626","-9.112309","3.1918778","0.03695801","0.027399903","-0.026975095","0.0","0.0","0.0","104575156867825"
"1.8306065","-9.761161","3.1828518","0.044807434","-0.17621765","-0.12180023","1.7192901","-9.109439","3.1986527","0.03695801","0.027399903","-0.026975095","0.0","0.0","0.0","104575181218450"
"1.8138473","-9.768822","3.0904355","0.033384703","-0.1725113","-0.18552093","1.7216156","-9.105963","3.207309","0.07529663","-0.005947268","-0.011151122","0.0","0.0","0.0","104575198517304"
"1.8138473","-9.768822","3.0904355","0.01939087","-0.15984496","-0.2350525","1.724118","-9.101871","3.2175782","0.07529663","-0.005947268","-0.011151122","0.0","0.0","0.0","104575221282043"
"1.7870321","-9.726206","3.0353687","0.0014007569","-0.13799286","-0.26073304","1.7267883","-9.097867","3.2274566","0.09218262","-0.0450293","0.0010620115","0.0","0.0","0.0","104575238271783"
"1.7664421","-9.697475","3.0181305","-0.02243042","-0.113146976","-0.28715056","1.7300308","-9.093985","3.2366364","0.09749268","-0.069880374","0.0032922365","0.0","0.0","0.0","104575261744335"
"1.7477672","-9.6586895","2.9951463","-0.04636078","-0.079258725","-0.32099915","1.735289","-9.089087","3.2475007","0.11873291","-0.09388184","-0.0023364264","0.0","0.0","0.0","104575276312564"
"1.7386694","-9.594524","2.9822178","-0.063252255","-0.021176148","-0.34656525","1.7430832","-9.083006","3.260138","0.13445069","-0.118732914","-0.009558106","0.0","0.0","0.0","104575297810272"
"1.7477672","-9.524612","2.996104","-0.0645813","0.041496277","-0.34694368","1.7535095","-9.07577","3.2744033","0.14730103","-0.14315918","-0.014124756","0.0","0.0","0.0","104575313235637"
"1.782244","-9.488221","3.0329747","-0.042274475","0.06987915","-0.3254715","1.7656769","-9.067762","3.2898011","0.15526612","-0.16535524","-0.013912355","0.0","0.0","0.0","104575335187460"
"1.8310856","-9.501149","3.062184","-0.006594849","0.04773712","-0.3143204","1.7788376","-9.05855","3.30786","0.17746216","-0.18542725","-0.009451905","0.0","0.0","0.0","104575360818814"
"1.8741812","-9.558611","3.071282","0.022930909","-0.02153473","-0.32981414","1.7924057","-9.04674","3.3324509","0.22344728","-0.21240234","-0.0029736324","0.0","0.0","0.0","104575375277512"
"1.9029114","-9.619423","3.0909145","0.03643646","-0.09951477","-0.34729308","1.8076293","-9.029572","3.3695602","0.30288574","-0.23374876","-0.0042480463","0.0","0.0","0.0","104575401616366"
"1.9206285","-9.624212","3.1445446","0.037434388","-0.12668152","-0.34229738","1.8243484","-9.007192","3.4181945","0.36427003","-0.2521216","-0.00456665","0.0","0.0","0.0","104575415790949"
"1.9292475","-9.5777645","3.230257","0.027856445","-0.10610809","-0.31242523","1.842543","-8.981318","3.4740357","0.40027222","-0.27421144","-0.002867433","0.0","0.0","0.0","104575437452252"
"1.9383457","-9.531317","3.3375175","0.01720276","-0.08878784","-0.2674164","1.862294","-8.952191","3.5362854","0.43935424","-0.29598266","0.0012744128","0.0","0.0","0.0","104575459057876"
"1.9531896","-9.507375","3.448608","0.012252808","-0.097242735","-0.22517547","1.8820862","-8.919794","3.6051345","0.4733386","-0.3166919","0.014868165","0.0","0.0","0.0","104575477135168"
"1.972822","-9.538021","3.5362358","0.0105636595","-0.16659546","-0.21817322","1.9034073","-8.881085","3.685759","0.5516089","-0.33793214","0.013806152","0.0","0.0","0.0","104575498291574"
"1.9929335","-9.524613","3.6109347","0.0033599853","-0.20086822","-0.23850556","1.9307235","-8.833403","3.7807908","0.64400387","-0.36044678","-0.008920899","0.0","0.0","0.0","104575517857876"
"2.0915747","-9.29477","3.7430947","0.068955995","-0.023020934","-0.20661011","1.9637696","-8.781407","3.8810546","0.65589845","-0.38051882","-0.024532473","0.0","0.0","0.0","104575538462251"
"2.3228545","-8.946652","3.9264908","0.2624405","0.27486724","-0.116809085","2.0015655","-8.73118","3.9746475","0.616604","-0.3896521","-0.04630371","0.0","0.0","0.0","104575558195793"
"2.5914838","-8.666052","4.101268","0.4864319","0.5060455","-0.02866516","2.0462022","-8.681758","4.0612793","0.57433593","-0.34844604","-0.107263185","0.0","0.0","0.0","104575578256106"
"2.7442338","-8.515697","4.2635946","0.59139556","0.61057127","0.0591156","2.093988","-8.63593","4.1358247","0.49086183","-0.31106323","-0.13105226","0.0","0.0","0.0","104575598217929"
"2.7303474","-8.564059","4.400064","0.5251816","0.51643676","0.12669373","2.1463165","-8.590159","4.2047133","0.47896734","-0.29577023","-0.17268312","0.0","0.0","0.0","104575618399856"
"2.624045","-8.774749","4.502536","0.3617813","0.2534439","0.15280303","2.203415","-8.537855","4.2810745","0.5365283","-0.27283078","-0.20241944","0.0","0.0","0.0","104575638297876"
"2.5167847","-9.019916","4.6260767","0.19702606","-0.052394103","0.18754578","2.26091","-8.477182","4.369873","0.6167102","-0.25084716","-0.2098535","0.0","0.0","0.0","104575658484856"
"2.4631546","-9.186072","4.7630253","0.085214235","-0.2906128","0.21996613","2.3190932","-8.405121","4.4743986","0.7266284","-0.24553712","-0.2177124","0.0","0.0","0.0","104575678268397"
"2.515348","-9.058222","4.852568","0.07609101","-0.24148865","0.20115967","2.3804107","-8.326395","4.5827484","0.7302393","-0.25137818","-0.22482789","0.0","0.0","0.0","104575698421418"
"2.7001805","-8.70005","4.869327","0.20430298","0.0494339","0.13022462","2.4370284","-8.259145","4.670442","0.5678577","-0.2247217","-0.19806519","0.0","0.0","0.0","104575718061783"
"2.8414385","-8.558313","4.8271894","0.29793853","0.1328415","0.011708069","2.484651","-8.200816","4.7468214","0.53015625","-0.1429468","-0.19742799","0.0","0.0","0.0","104575736840741"
"2.726038","-8.723993","4.807078","0.13960418","-0.09648438","-0.09548187","2.5275834","-8.137171","4.833902","0.5905847","-0.09462525","-0.19700319","0.0","0.0","0.0","104575758395949"
"2.428678","-8.904994","4.8621445","-0.19762269","-0.3449646","-0.13396911","2.567453","-8.069692","4.927457","0.62170166","-0.12977782","-0.1634436","0.0","0.0","0.0","104575778502199"
"2.2337902","-8.890628","4.916733","-0.4337372","-0.39739227","-0.17024383","2.6086807","-8.002897","5.018321","0.6026917","-0.16546144","-0.16036378","0.0","0.0","0.0","104575798146053"
"2.2960393","-8.64211","4.9071555","-0.41193694","-0.20578614","-0.25384063","2.6491303","-7.9459867","5.0923414","0.4853394","-0.1707715","-0.14124757","0.0","0.0","0.0","104575818441210"
"2.53115","-8.319372","4.858793","-0.21564636","0.07239227","-0.35480958","2.6879501","-7.901427","5.144948","0.3603406","-0.17576295","-0.1358313","0.0","0.0","0.0","104575837871783"
"2.7820625","-8.061756","4.8042054","-0.005566406","0.2951828","-0.4431366","2.7287812","-7.8666015","5.178688","0.25233397","-0.18234743","-0.14698242","0.0","0.0","0.0","104575858819126"
"2.9597125","-7.8965554","4.805163","0.13036498","0.43785247","-0.45450592","2.7704988","-7.844072","5.1910157","0.10864379","-0.16323122","-0.15515992","0.0","0.0","0.0","104575878483501"
"3.0090327","-7.938694","4.9133806","0.14289093","0.38600463","-0.34098512","2.8072937","-7.834363","5.185712","0.0069030724","-0.12287475","-0.14687622","0.0","0.0","0.0","104575899674126"
"2.9070399","-8.216901","5.0862417","0.0058395388","0.09712372","-0.16499023","2.8423538","-7.8236895","5.182576","0.05129517","-0.11554688","-0.15197387","0.0","0.0","0.0","104575920142824"
"2.758599","-8.483136","5.2394705","-0.18115386","-0.18250123","-0.010876465","2.8809083","-7.8102965","5.181691","0.053100586","-0.16354981","-0.14092895","0.0","0.0","0.0","104575940660845"
"2.750459","-8.581778","5.3577437","-0.22640839","-0.2882309","0.11710358","2.9180236","-7.8032045","5.171982","-0.0023364252","-0.17788698","-0.117777094","0.0","0.0","0.0","104575960457095"
"2.9290664","-8.624393","5.4717083","-0.07727508","-0.33150634","0.24624023","2.947496","-7.802545","5.1568084","-0.040993657","-0.13381349","-0.08262451","0.0","0.0","0.0","104575981064699"
"3.1512485","-8.774271","5.6335564","0.12823181","-0.47918853","0.42052612","2.964171","-7.8047395","5.144368","-0.030267337","-0.078057855","-0.035046384","0.0","0.0","0.0","104576001397876"
"3.3063927","-9.05104","5.907453","0.44208223","-1.0629364","1.076506","2.9457612","-7.8276796","5.118541","-0.025382081","-0.033665765","0.035577398","0.0","0.0","0.0","104576041424022"
"3.4466927","-9.38096","6.2637105","0.7282547","-1.4810531","1.4671646","2.891826","-7.8706846","5.0774355","-0.14145996","0.0143371625","0.15813355","0.0","0.0","0.0","104576062149335"
"4.027526","-10.615412","6.9364805","1.1791382","-2.1911101","1.8438003","2.789537","-7.933954","5.0240173","-0.37935057","0.1907373","0.5943018","0.0","0.0","0.0","104576078793762"
"4.027526","-10.615412","6.9364805","1.7329605","-3.1893554","2.1817367","2.622615","-8.007831","4.975299","-0.37935057","0.1907373","0.5943018","0.0","0.0","0.0","104576102249595"
"4.716577","-12.715127","7.401435","2.2818985","-4.1401873","2.394626","2.375824","-8.084589","4.9381456","-0.32147095","0.6108691","1.251687","0.0","0.0","0.0","104576120124543"
"4.716577","-12.715127","7.401435","2.6818528","-4.7569594","2.3897507","2.0357254","-8.161179","4.903755","-0.32147095","0.6108691","1.251687","0.0","0.0","0.0","104576142187355"
"4.435977","-13.818377","7.099766","2.7753189","-5.094237","2.1718903","1.6018035","-8.233789","4.859215","-0.3612964","1.1589735","2.0382128","0.0","0.0","0.0","104576159168449"
"3.7407005","-13.992673","6.743988","2.5938354","-5.210948","1.8663269","1.0880142","-8.291376","4.809001","-0.33665773","1.297566","2.4111915","0.0","0.0","0.0","104576179994595"
"2.9922733","-13.799701","6.358521","2.429689","-4.9896545","1.524643","0.50373685","-8.319697","4.7652206","-0.22004886","1.4364772","2.7497606","0.0","0.0","0.0","104576199206470"
"2.392765","-13.115916","5.8715405","2.4737656","-4.319823","1.0637954","-0.1398468","-8.305746","4.7390885","-0.004460442","1.5943983","3.0148387","0.0","0.0","0.0","104576219808032"
"1.8128893","-12.118971","5.295017","2.5850067","-3.3922563","0.48737335","-0.8309616","-8.236369","4.738988","0.28175172","1.7284243","3.2296836","0.0","0.0","0.0","104576236046053"
"1.2090718","-10.403765","4.509719","2.6870651","-1.7897034","-0.3113388","-1.5368363","-8.123718","4.7524033","0.39315674","1.7814186","3.263031","0.0","0.0","0.0","104576258088032"
"0.5075706","-8.268137","3.6219487","2.6765137","0.20967102","-1.2019714","-2.2277846","-7.9874663","4.755267","0.35407466","1.7645327","3.180513","0.0","0.0","0.0","104576275216262"
"-0.19009955","-5.833233","2.650381","2.6268342","2.5022233","-2.145244","-2.8757737","-7.845117","4.7269745","0.16397458","1.6299757","2.974164","0.0","0.0","0.0","104576300818553"
"-0.76614445","-3.5620933","1.7693151","2.6227784","4.642413","-2.962001","-3.4477615","-7.7141695","4.6626663","-0.047790505","1.3959082","2.6422853","0.0","0.0","0.0","104576315854543"
"-1.1463436","-1.7501615","1.074039","2.710939","6.34104","-3.5744095","-3.9161224","-7.6008654","4.5798006","-0.14411502","1.0762427","2.1531227","0.0","0.0","0.0","104576342514907"
"-1.2315773","-0.31651342","0.5573702","2.966638","7.688234","-4.0148344","-4.2570543","-7.5144134","4.5035553","-0.15972658","0.77611816","1.5245178","0.0","0.0","0.0","104576356655532"
"-1.0299855","0.82025355","0.1771709","3.3699784","8.781725","-4.329463","-4.458804","-7.471138","4.4379854","-0.1858521","0.52686405","0.7922608","0.0","0.0","0.0","104576379017824"
"-0.76853865","1.6333244","-0.063685745","3.6794448","9.60697","-4.513681","-4.5068254","-7.483313","4.3813477","-0.23406737","0.24468751","-0.012850237","0.0","0.0","0.0","104576398689230"
"-0.6560113","2.0824766","-0.17956515","3.678044","10.125134","-4.583084","-4.392897","-7.5523252","4.334871","-0.3058594","-0.08581054","-0.8300684","0.0","0.0","0.0","104576419262564"
"-0.64739215","2.3348255","-0.23175871","3.4002273","10.502653","-4.5937223","-4.1064606","-7.677495","4.293317","-0.44041625","-0.44997436","-1.6889172","0.0","0.0","0.0","104576438702668"
"-0.7613561","1.9574995","-0.06560113","2.8453202","10.290392","-4.378053","-3.6655152","-7.8425584","4.243805","-0.5670081","-0.7886499","-2.39473","0.0","0.0","0.0","104576459369387"
"-0.89207953","0.8887278","0.28012162","2.142363","9.405299","-3.97184","-3.09328","-8.0262375","4.1833143","-0.6435791","-1.1187232","-2.9956164","0.0","0.0","0.0","104576479230272"
"-0.9308656","-1.2952633","0.866701","1.4109237","7.4053164","-3.309877","-2.4006271","-8.210245","4.10793","-0.6399683","-1.4885156","-3.5090992","0.0","0.0","0.0","104576499956939"
"-0.59567744","-4.270777","1.5619771","1.2448776","1.686032","-1.6660141","-0.7808243","-8.499446","3.9360185","-0.5374841","-1.8032959","-3.886432","0.0","0.0","0.0","104576539932095"
"2.5115178","-9.968498","3.2197223","2.418164","-0.8671463","-0.66535795","0.034510802","-8.611012","3.8164277","-0.63348997","-1.964934","-3.7812927","0.0","0.0","0.0","104576560356001"
"4.774517","-12.449849","4.1793184","3.9406006","-3.255754","0.42924803","0.77507323","-8.703755","3.6814163","-0.70039666","-1.7260878","-3.3355668","0.0","0.0","0.0","104576579185428"
"6.561549","-14.953707","5.2045155","5.1044784","-5.685135","1.5912735","1.3982254","-8.778229","3.5445862","-0.7057067","-1.4640894","-2.6893325","0.0","0.0","0.0","104576598505011"
"7.696401","-17.40058","6.2402472","5.7680573","-8.06942","2.7634003","1.8694961","-8.840816","3.408191","-0.7129285","-1.1430433","-1.8947353","0.0","0.0","0.0","104576618189074"
"8.442434","-19.746899","7.0557127","6.229834","-10.359256","3.7133515","2.153752","-8.897296","3.273703","-0.69922847","-0.7149462","-0.9719534","0.0","0.0","0.0","104576639756105"
"9.02231","-21.936634","7.4263353","6.7370057","-12.503497","4.1936646","2.2264526","-8.94279","3.164009","-0.5165624","-0.21919914","0.013168859","0.0","0.0","0.0","104576658674543"
"9.409214","-23.300371","7.255868","7.2674284","-13.8431425","4.0791883","2.0829315","-8.966881","3.1080184","-0.18967527","0.3063904","0.98883903","0.0","0.0","0.0","104576679166001"
"9.335951","-22.950817","6.6123056","7.5507154","-13.506124","3.4070878","1.7263825","-8.954346","3.13656","0.29810667","0.92437506","1.8882568","0.0","0.0","0.0","104576696293084"
"8.512825","-20.87744","5.7714624","7.262561","-11.473236","2.4742951","1.1914139","-8.913855","3.228511","0.57699096","1.4228834","2.6536489","0.0","0.0","0.0","104576716339178"
"6.91685","-17.98237","4.914817","6.347104","-8.642428","1.4891586","0.51089936","-8.849596","3.3570037","0.6762891","1.6784033","3.3400269","0.0","0.0","0.0","104576737700689"
"4.822401","-15.105975","3.9580941","5.0079436","-5.859993","0.38119203","-0.24438629","-8.75564","3.5082488","0.7937476","1.707715","3.6927211","0.0","0.0","0.0","104576759041366"
"2.8242004","-12.228145","2.798343","3.782524","-3.1042526","-0.9356003","-1.0171677","-8.63355","3.6652908","0.88508064","1.6236036","3.762177","0.0","0.0","0.0","104576777806626"
"1.508347","-9.126219","1.5327678","3.2205613","-0.15070954","-2.3504777","-1.7710571","-8.485167","3.814595","0.9044092","1.5035964","3.6594803","0.0","0.0","0.0","104576796965532"
"0.89447385","-5.9979534","0.36679173","3.3046188","2.8114777","-3.6543853","-2.468985","-8.319092","3.9525268","0.8866736","1.3060622","3.3610547","0.0","0.0","0.0","104576816894334"
"0.62680197","-2.9826965","-0.548751","3.6336427","5.657814","-4.7019563","-3.06568","-8.150172","4.084558","0.88624877","1.0136905","2.8205972","0.0","0.0","0.0","104576835158449"
"0.47117892","-0.07230506","-1.1449072","3.9248185","8.415029","-5.4283953","-3.5124772","-7.996997","4.2148438","0.8395203","0.666731","2.0337527","0.0","0.0","0.0","104576855533241"
"0.43957537","2.4109612","-1.3986926","4.1527815","10.787178","-5.7915373","-3.7720444","-7.8858824","4.3241987","0.6344458","0.27877802","1.0774109","0.0","0.0","0.0","104576878690636"
"0.62392896","3.8666358","-1.3268665","4.3931274","12.197438","-5.783908","-3.8280365","-7.8404694","4.388396","0.25456423","-0.16259402","0.108856104","0.0","0.0","0.0","104576900291522"
"0.95815957","4.060567","-1.013705","4.584422","12.402481","-5.5121765","-3.6851013","-7.8515825","4.429825","0.097067855","-0.56891966","-0.84206927","0.0","0.0","0.0","104576916379647"
"1.1305422","3.3432636","-0.464954","4.4171934","11.74016","-4.9974165","-3.345491","-7.906563","4.4638166","-0.008071303","-0.816687","-1.8543787","0.0","0.0","0.0","104576940739126"
"0.98928416","2.1088135","0.38881835","3.7686265","10.6088915","-4.1289797","-2.8381805","-8.009746","4.44915","-0.28653076","-1.094403","-2.6467454","0.0","0.0","0.0","104576958616782"
"0.762314","0.025378799","1.4058752","2.907936","8.64665","-3.0688324","-2.2044601","-8.130939","4.4060593","-0.37329715","-1.428512","-3.1860352","0.0","0.0","0.0","104576979775532"
"0.49847284","-2.8352134","2.300349","1.9006668","5.8921328","-2.1438966","-1.4610322","-8.237012","4.3755937","-0.26231688","-1.7459472","-3.6646836","0.0","0.0","0.0","104576999415897"
"0.6454768","-6.7013702","2.8476634","1.2115448","2.0976899","-1.5711823","-0.62490845","-8.308723","4.350192","-0.042374253","-2.2007008","-3.9644895","0.0","0.0","0.0","104577019730011"
"1.6740258","-10.277829","3.3116596","1.3958191","-1.403743","-1.0174652","0.2193634","-8.383748","4.260469","-0.1554785","-2.6578968","-3.7458215","0.0","0.0","0.0","104577039359595"
"3.914041","-12.893254","3.997359","2.8631027","-3.9321258","-0.17079468","0.9920944","-8.470789","4.0994964","-0.5053052","-2.4834082","-3.2737575","0.0","0.0","0.0","104577059863032"
"6.4882865","-15.127523","5.0057974","4.802226","-6.085275","1.0037308","1.627217","-8.551906","3.9334075","-0.58941656","-2.080587","-2.5755908","0.0","0.0","0.0","104577079776730"
"8.126879","-17.455168","6.2048135","5.967781","-8.348879","2.3486953","2.1002517","-8.615944","3.7874572","-0.50955325","-1.5241991","-1.8291029","0.0","0.0","0.0","104577099835480"
"8.755117","-19.652567","7.2601776","6.3191133","-10.491556","3.5328827","2.377156","-8.670664","3.6586335","-0.47652465","-0.92405623","-0.90865725","0.0","0.0","0.0","104577120092615"
"8.943781","-21.371122","7.781634","6.45208","-12.165914","4.1500244","2.4328523","-8.714862","3.562947","-0.22164187","-0.32678097","0.08474846","0.0","0.0","0.0","104577140073449"
"8.888713","-22.229687","7.664319","6.570314","-13.02184","4.034555","2.259552","-8.717494","3.5611007","0.32656866","0.3386757","1.0569141","0.0","0.0","0.0","104577159930220"
"8.380186","-21.570799","7.1519594","6.4434023","-12.389097","3.470012","1.8779373","-8.691351","3.6132858","0.5327051","0.89315194","1.9497474","0.0","0.0","0.0","104577180660115"
"7.5810003","-19.717688","6.3379307","6.217192","-10.564374","2.615541","1.3049653","-8.662966","3.6537309","0.40218383","1.2478639","2.8746533","0.0","0.0","0.0","104577201250740"
"6.512229","-16.725895","5.344337","5.890512","-7.5929184","1.5951431","0.5628769","-8.642629","3.6805375","0.13530034","1.7278931","3.6385581","0.0","0.0","0.0","104577221975740"
"5.101565","-13.80401","4.276044","5.312799","-4.735379","0.44388884","-0.27007142","-8.578287","3.7634995","0.25159058","2.2920337","3.9164867","0.0","0.0","0.0","104577241790167"
"2.999456","-11.392092","3.2527626","4.0587206","-2.444664","-0.7242981","-1.1181015","-8.457087","3.908406","0.6512256","2.306371","3.9143627","0.0","0.0","0.0","104577262273657"
"0.7833826","-8.861898","2.2864628","2.6474411","-0.07273102","-1.8321717","-1.9228958","-8.29883","4.0499816","0.7919422","2.101615","3.707908","0.0","0.0","0.0","104577282814803"
"-0.49559993","-5.8734565","1.3421896","2.1012619","2.7457108","-2.8954742","-2.6556962","-8.12883","4.1690125","0.7451075","1.699856","3.3972695","0.0","0.0","0.0","104577300920688"
"-0.72161245","-2.831862","0.46064442","2.4936218","5.627576","-3.868695","-3.2740676","-7.9691024","4.26069","0.6085327","1.2247119","2.8479972","0.0","0.0","0.0","104577321895115"
"-0.35242647","-0.24229284","-0.27246022","3.3239396","8.087181","-4.6615877","-3.735199","-7.839142","4.320479","0.3824304","0.73406255","2.0977921","0.0","0.0","0.0","104577343453397"
"0.26862922","1.535162","-0.7896078","4.992639","10.563179","-5.448035","-4.069374","-7.7265306","4.37478","0.14496462","0.18659541","1.2096317","0.0","0.0","0.0","104577382349803"
"0.98210156","2.3463175","-1.0046071","4.992639","10.563179","-5.448035","-4.069374","-7.7265306","4.37478","0.09600586","-0.22748294","0.1827722","0.0","0.0","0.0","104577382349803"
"1.7875111","2.0365078","0.03447647","5.3231173","10.323514","-4.5065064","-3.5944443","-7.796674","4.4723344","0.14252198","-0.74032843","-1.8440773","0.0","0.0","0.0","104577415571522"
"1.7875111","2.0365078","0.03447647","4.399371","9.61189","-3.6468139","-3.0911193","-7.886627","4.5181303","0.14252198","-0.74032843","-1.8440773","0.0","0.0","0.0","104577441362719"
"1.367089","1.2349291","0.93996364","4.399371","9.61189","-3.6468139","-3.0911193","-7.886627","4.5181303","0.076040044","-1.0470374","-2.6788185","0.0","0.0","0.0","104577441362719"
"-0.5444416","-2.5100808","2.6690562","1.065953","6.092537","-1.9285965","-1.6692307","-8.112279","4.5290008","-0.26231688","-1.8487499","-3.8252606","0.0","0.0","0.0","104577480301782"
"-0.5444416","-2.5100808","2.6690562","0.04621582","3.0228105","-1.207434","-0.7893158","-8.202896","4.4748626","-0.26231688","-1.8487499","-3.8252606","0.0","0.0","0.0","104577503611365"
"0.8006209","-8.938991","3.8125267","0.633609","-0.16784516","-0.60623014","0.10817413","-8.280803","4.350104","-0.4172644","-2.86021","-3.844801","0.0","0.0","0.0","104577521526522"
"0.8006209","-8.938991","3.8125267","2.8788636","-2.7614715","0.116636656","0.9274948","-8.35288","4.1994505","-0.4172644","-2.86021","-3.844801","0.0","0.0","0.0","104577543739282"
"6.905835","-13.845668","5.2433023","5.2173433","-4.941928","1.1201767","1.6296508","-8.413396","4.054471","-0.4793921","-2.125298","-2.8156056","0.0","0.0","0.0","104577559471261"
"8.652645","-15.935328","6.212475","6.4180403","-6.980208","2.223053","2.1757615","-8.464773","3.9207656","-0.491499","-1.7007058","-2.0388503","0.0","0.0","0.0","104577582112928"
"9.389101","-17.824352","6.930257","6.793869","-8.817606","3.0699248","2.5363877","-8.516398","3.7916732","-0.53217405","-1.1374145","-1.1712929","0.0","0.0","0.0","104577595324699"
"9.735782","-19.370049","7.235278","6.9923887","-10.31093","3.4893448","2.684546","-8.568769","3.6772752","-0.46218753","-0.47896728","-0.2327929","0.0","0.0","0.0","104577620125167"
"9.977595","-20.379925","7.1299324","7.3223906","-11.2733965","3.472632","2.5963593","-8.616178","3.5886428","-0.31839105","0.18425901","0.8057483","0.0","0.0","0.0","104577640234646"
"10.1336975","-20.622696","6.524678","7.801651","-11.489059","2.9114304","2.2732024","-8.643286","3.5445907","-0.013593709","0.7468067","1.8507679","0.0","0.0","0.0","104577657435949"
"9.965625","-19.701406","5.4300494","8.167694","-10.571551","1.7973999","1.7390884","-8.639506","3.5639954","0.28249514","1.3088232","2.7758863","0.0","0.0","0.0","104577681177042"
"9.098925","-17.333542","4.1879377","8.025549","-8.217914","0.48695526","1.014534","-8.625282","3.6323287","0.29215947","2.07687","3.5123916","0.0","0.0","0.0","104577702890011"
"7.0231504","-14.185167","3.0348902","6.7807097","-5.1144133","-0.7989868","0.18360138","-8.580411","3.7652237","0.53419197","2.559873","3.7683365","0.0","0.0","0.0","104577717468449"
"3.7876263","-11.101913","2.0130448","4.3880234","-2.115233","-1.9696014","-0.65923464","-8.49634","3.9139938","0.6511194","2.401527","3.8544655","0.0","0.0","0.0","104577744888657"
"0.75513124","-8.098147","0.99215716","2.1735535","0.7790375","-3.1148133","-1.4772599","-8.386844","4.0383196","0.6021607","2.2251267","3.713855","0.0","0.0","0.0","104577758705792"
"-0.67516476","-5.0694823","0.192015","1.5036514","3.686821","-3.9943557","-2.2376525","-8.265965","4.1177216","0.42491093","1.940614","3.4932752","0.0","0.0","0.0","104577780675115"
"-0.8997412","-2.4363394","-0.3715801","1.9461701","6.200053","-4.5963516","-2.9047456","-8.146057","4.156125","0.2592371","1.5096496","3.1000123","0.0","0.0","0.0","104577799933136"
"-0.63015413","-0.4252101","-0.72544307","2.7516525","8.102346","-4.958069","-3.4406419","-8.037224","4.16398","0.113741495","1.0372669","2.4913733","0.0","0.0","0.0","104577820649230"
"-0.19584584","0.97252476","-0.80062103","3.546617","9.418147","-5.025363","-3.8012986","-7.955289","4.156096","0.003823252","0.5692383","1.6689514","0.0","0.0","0.0","104577839252771"
"0.31268293","1.760696","-0.5822698","4.2256255","10.165899","-4.7934585","-3.9717789","-7.9148726","4.142543","-0.07104857","0.1933923","0.7443641","0.0","0.0","0.0","104577860714542"
"0.77811575","1.9359516","-0.1628057","4.6802034","10.346792","-4.3694077","-3.9609253","-7.920511","4.1379547","-0.053737797","-0.034302987","-0.18415284","0.0","0.0","0.0","104577880431521"
"0.9706095","1.5729905","0.40557772","4.6994734","10.024333","-3.823732","-3.7877014","-7.9610124","4.1606627","0.07465943","-0.23343019","-1.0237793","0.0","0.0","0.0","104577900985167"
"0.71107787","0.7244857","1.1238383","4.106694","9.236082","-3.1663957","-3.454451","-8.021265","4.2215867","0.24001464","-0.5895227","-1.8013843","0.0","0.0","0.0","104577920618188"
"0.010055685","-0.5841851","1.8358738","2.9258225","7.998398","-2.5370498","-2.9746003","-8.092252","4.304277","0.30341676","-0.95188105","-2.4132094","0.0","0.0","0.0","104577940720428"
"-0.9074024","-2.1207838","2.4277203","1.4132904","6.5353365","-2.0342712","-2.3795257","-8.16579","4.393344","0.33761352","-1.2465893","-2.9434717","0.0","0.0","0.0","104577960349594"
"-1.9397821","-3.8714242","2.7758374","-0.32748565","4.843591","-1.7715439","-1.6711289","-8.224683","4.478732","0.38264284","-1.6257274","-3.4335904","0.0","0.0","0.0","104577980875948"
"-2.4157493","-5.811685","3.2005687","-1.6146485","2.9277878","-1.4093994","-0.8599335","-8.249138","4.541318","0.5088098","-2.2112145","-3.7378564","0.0","0.0","0.0","104578000427928"
"-1.6505626","-7.855855","3.784275","-1.7142379","0.88510287","-0.82591707","0.0048416136","-8.25062","4.541539","0.42512327","-2.753159","-3.6363282","0.0","0.0","0.0","104578020929907"
"0.7795521","-9.94312","4.3904867","-0.10778656","-1.2137558","-0.18117523","0.8285019","-8.239026","4.5030074","0.34727782","-2.5932202","-3.3880296","0.0","0.0","0.0","104578040585167"
"3.9221814","-11.896788","5.1508856","2.310904","-3.1909103","0.6068176","1.5524368","-8.215538","4.475412","0.3028857","-2.3449218","-2.8146498","0.0","0.0","0.0","104578061107719"
"6.320693","-13.579912","6.200982","4.1109724","-4.89409","1.6924164","2.1508775","-8.19548","4.4399095","0.16779782","-2.0728345","-2.1765933","0.0","0.0","0.0","104578080499438"
"7.842926","-15.165831","7.300879","5.1803637","-6.491263","2.832042","2.6037154","-8.184225","4.4001784","0.10482055","-1.7020862","-1.4691871","0.0","0.0","0.0","104578101032250"
"8.958145","-16.713923","8.1422","6.026422","-8.03965","3.7112336","2.8728714","-8.183928","4.3623095","0.06807496","-1.0728444","-0.6556861","0.0","0.0","0.0","104578119417771"
"9.936417","-18.004875","8.59279","8.021978","-10.159506","4.2676606","2.7706466","-8.209752","4.327339","0.06722535","-0.3894398","0.20422475","0.0","0.0","0.0","104578157395480"
"10.8514805","-18.859606","8.663658","8.021978","-10.159506","4.2676606","2.7706466","-8.209752","4.327339","0.18287842","0.27665398","1.1032178","0.0","0.0","0.0","104578157395480"
"11.4552965","-18.914192","8.234617","9.01869","-10.218254","3.8015716","2.3777528","-8.205592","4.3643875","0.46601075","1.0883496","2.0466027","0.0","0.0","0.0","104578182344803"
"11.188105","-17.84925","7.2132506","9.376032","-9.178381","2.693779","1.7532196","-8.180527","4.4508147","0.61872804","2.0745337","2.87391","0.0","0.0","0.0","104578202574282"
"9.580158","-15.860148","5.9237337","8.559772","-7.245256","1.251889","0.9615372","-8.12455","4.6031904","0.80394286","2.8552184","3.3312123","0.0","0.0","0.0","104578222682823"
"6.529466","-13.312718","4.795107","6.367038","-4.782448","-0.046110533","0.103581235","-8.0399275","4.772565","0.78631353","2.8243136","3.6877296","0.0","0.0","0.0","104578242383240"
"3.2992103","-10.566092","3.7727828","3.9988327","-2.1381714","-1.1907578","-0.7584671","-7.9375777","4.89489","0.6267993","2.6663928","3.7084389","0.0","0.0","0.0","104578263145896"
"1.4369997","-7.876445","2.6226084","2.973082","0.42629853","-2.4305115","-1.5949249","-7.8124037","4.9844694","0.540033","2.4833016","3.6447182","0.0","0.0","0.0","104578282469490"
"0.836534","-5.2907066","1.403481","3.157872","2.8743043","-3.6986313","-2.380179","-7.6746736","5.0334625","0.3768018","2.280139","3.387074","0.0","0.0","0.0","104578303053813"
"0.65649","-2.8811822","0.33183637","3.6729035","5.1511474","-4.775496","-3.0752532","-7.5419936","5.0386825","0.21983644","1.9539953","2.950056","0.0","0.0","0.0","104578322406261"
"0.42712545","-0.82360536","-0.44532156","4.0028152","7.0885897","-5.5366592","-3.6345277","-7.421861","5.02269","0.15866455","1.493932","2.3115745","0.0","0.0","0.0","104578343177615"
"0.1446097","0.72113365","-0.8451532","4.102231","8.542471","-5.9140472","-4.016458","-7.331004","5.0002456","0.07561521","0.96218264","1.4840549","0.0","0.0","0.0","104578362478292"
"0.0043094875","1.6505629","-0.794875","4.1411986","9.439532","-5.827086","-4.195726","-7.2986374","4.9635634","-0.15144289","0.40144044","0.5615917","0.0","0.0","0.0","104578383112042"
"0.10869672","1.9297268","-0.34189206","4.2227707","9.757414","-5.3263535","-4.172911","-7.337355","4.9158144","-0.35513672","-0.10386473","-0.3614027","0.0","0.0","0.0","104578402587459"
"0.3021484","1.6496052","0.2777274","4.214099","9.572087","-4.6647873","-3.9707885","-7.4321504","4.873868","-0.40250245","-0.417583","-1.2293848","0.0","0.0","0.0","104578423120323"
"0.2710237","0.91075456","0.890643","3.8243668","8.956354","-4.031418","-3.6121795","-7.555269","4.853415","-0.29555786","-0.6750146","-2.0437355","0.0","0.0","0.0","104578443176782"
"-0.19009952","-0.22266054","1.5160086","2.8632188","7.9591093","-3.4034882","-3.1121552","-7.691438","4.85085","-0.21473876","-0.96791744","-2.6896508","0.0","0.0","0.0","104578463629959"
"-1.0285492","-1.6864758","2.1452048","1.4088058","6.6377563","-2.7724671","-2.4961915","-7.8339005","4.849025","-0.1999768","-1.2445714","-3.2257543","0.0","0.0","0.0","104578483243605"
"-1.8698717","-3.4735076","2.7739222","-0.15639648","4.985817","-2.1347046","-1.7723114","-7.9689913","4.8399796","-0.181604","-1.6494102","-3.631761","0.0","0.0","0.0","104578503776990"
"-2.3884559","-5.306988","3.3925838","-1.492926","3.2576416","-1.4889237","-0.954364","-8.074295","4.81286","-0.13530031","-2.1398475","-3.8853698","0.0","0.0","0.0","104578524171938"
"-2.0494368","-7.2314467","3.9542637","-2.039369","1.4039475","-0.8410446","-0.06890412","-8.145058","4.726659","-0.17533813","-2.7263963","-3.9497275","0.0","0.0","0.0","104578543844490"
"-0.5037403","-8.971074","4.3914447","0.21237183","-1.8493958","0.23089752","1.593393","-8.219653","4.4079285","-0.4117419","-2.8595726","-3.6917653","0.0","0.0","0.0","104578579030948"
"1.864604","-10.559387","4.7074795","1.6088912","-3.352475","0.74428403","2.304727","-8.207682","4.253671","-0.43829226","-2.6111684","-3.3873925","0.0","0.0","0.0","104578600745740"
"3.9724593","-12.050497","5.0666094","1.6088912","-3.352475","0.74428403","2.304727","-8.207682","4.253671","-0.37860718","-2.308495","-2.9642873","0.0","0.0","0.0","104578600745740"
"6.2124743","-13.853808","6.05733","2.730948","-5.2303877","2.0352662","3.4226823","-8.133077","3.9534042","-0.35534912","-1.8874071","-1.9417822","0.0","0.0","0.0","104578644230427"
"7.03177","-14.092272","6.192842","3.155449","-5.5097427","2.312407","3.8174758","-8.092184","3.8117738","-0.32401976","-1.5610509","-1.4778956","0.0","0.0","0.0","104578662710948"
"7.8400536","-14.044866","6.0056157","3.6717286","-5.4967637","2.2489944","4.109479","-8.057756","3.6879578","-0.29683223","-1.2216322","-1.0572327","0.0","0.0","0.0","104578682030584"
"8.464939","-13.657964","5.6723433","4.1095","-5.132449","2.0138214","4.296594","-8.035169","3.5898576","-0.2470239","-0.78960574","-0.65706664","0.0","0.0","0.0","104578704944802"
"8.8451395","-13.046483","5.2998056","4.4090834","-4.5256715","1.7041336","4.3772078","-8.030467","3.527008","-0.2015698","-0.29555792","-0.29279667","0.0","0.0","0.0","104578721846313"
"8.600931","-12.057679","4.9488153","4.1826353","-3.5292206","1.3499603","4.35945","-8.038115","3.5301926","-0.09048338","0.3375073","-0.010832503","0.0","0.0","0.0","104578742209959"
"7.380845","-11.015722","4.6926355","3.0092514","-2.490895","1.0293534","4.3127503","-8.034485","3.5946212","0.16068238","0.5637158","0.06998658","0.0","0.0","0.0","104578761742771"
"5.4769754","-10.055168","4.5398855","1.1673492","-1.5273956","0.8069946","4.2507844","-8.037433","3.6642318","0.16854127","0.43446898","0.1892505","0.0","0.0","0.0","104578782477979"
"3.926012","-9.185595","4.3718123","-0.32709044","-0.6474396","0.5943924","4.194261","-8.047816","3.7087617","0.09494385","0.2817517","0.2166504","0.0","0.0","0.0","104578802010011"
"3.2589874","-8.581297","4.1017466","-0.9425217","-0.028749084","0.2953186","4.1426682","-8.06221","3.7377715","0.057985842","0.21792479","0.21282713","0.0","0.0","0.0","104578823051104"
"3.1565156","-8.313147","3.8106112","-0.99814147","0.25353393","-0.019061279","4.0958176","-8.0763445","3.7610168","0.026231695","0.218562","0.18277222","0.0","0.0","0.0","104578841762250"
"3.1713595","-8.288248","3.6454113","-0.9421905","0.29281312","-0.19919892","4.054712","-8.090723","3.7759552","-0.004035637","0.17098391","0.16450563","0.0","0.0","0.0","104578862803396"
"3.1790211","-8.383537","3.6516366","-0.89971924","0.2143875","-0.19404908","4.019902","-8.107587","3.777031","-0.060534667","0.0994043","0.15908936","0.0","0.0","0.0","104578877723344"
"3.2666488","-8.529583","3.7732615","-0.75466156","0.071568295","-0.12162018","3.9624696","-8.110812","3.8262267","-0.17788698","0.054375004","0.16631104","0.0","0.0","0.0","104578900089438"
"3.4533966","-8.713457","3.926012","-0.50579834","-0.09643097","0.004598999","3.900354","-8.126688","3.8527572","-0.32359496","0.08358032","0.19530396","0.0","0.0","0.0","104578919147354"
"3.647327","-8.961496","4.0629606","-0.24276733","-0.31703645","0.13349915","3.83125","-8.154119","3.8608031","-0.4455139","0.12956543","0.20135741","0.0","0.0","0.0","104578938228188"
"3.7689521","-9.22438","4.1639957","-0.046022035","-0.54669493","0.23392792","3.7561295","-8.187342","3.8614106","-0.4926672","0.19466674","0.22918215","0.0","0.0","0.0","104578956694594"
"3.7938519","-9.393411","4.22002","0.065237425","-0.6809448","0.28373566","3.6697662","-8.22212","3.867627","-0.4860827","0.2720874","0.24511233","0.0","0.0","0.0","104578978730792"
"3.7497985","-9.451829","4.234864","0.11625519","-0.70361173","0.287735","3.5746949","-8.257872","3.8784728","-0.46696654","0.29502684","0.28854862","0.0","0.0","0.0","104578998203136"
"3.680367","-9.440336","4.193205","0.14792022","-0.6581589","0.22686616","3.4735978","-8.291834","3.8976836","-0.4117419","0.29885012","0.31658572","0.0","0.0","0.0","104579018547875"
"3.6214695","-9.375215","4.1060557","0.19455108","-0.56251526","0.110551454","3.3680663","-8.322355","3.9268508","-0.3524817","0.3076648","0.33814454","0.0","0.0","0.0","104579038189281"
"3.5908241","-9.320148","4.019386","0.27259827","-0.48394012","-0.020634461","3.2593703","-8.345865","3.9713683","-0.24734254","0.3156299","0.34908324","0.0","0.0","0.0","104579058748500"
"3.5525165","-9.3311615","3.9408562","0.34358215","-0.48420563","-0.16832428","3.1500778","-8.356611","4.04053","-0.08358033","0.32136476","0.33888793","0.0","0.0","0.0","104579077503344"
"3.4548328","-9.308178","3.8613687","0.255011","-0.31298828","-0.39276886","2.9906113","-8.380346","4.110312","0.067331545","0.3229578","0.3269934","0.0","0.0","0.0","104579119006938"
"3.304477","-9.18368","3.7861905","0.255011","-0.31298828","-0.39276886","2.9906113","-8.380346","4.110312","0.1813916","0.29853153","0.30447873","0.0","0.0","0.0","104579119006938"
"3.1387985","-8.994537","3.715322","0.16403656","-0.12736206","-0.52347106","2.9159088","-8.376834","4.1701493","0.27644163","0.28238893","0.30787718","0.0","0.0","0.0","104579142347094"
"2.9894004","-8.803959","3.6746204","0.08665009","0.055130005","-0.6302826","2.843898","-8.368749","4.2362595","0.31255004","0.23884642","0.28822997","0.0","0.0","0.0","104579162075219"
"2.8969843","-8.681854","3.6774936","0.058041383","0.16712952","-0.69007874","2.7800918","-8.3586445","4.2989287","0.31796628","0.18075438","0.27930906","0.0","0.0","0.0","104579182150427"
"2.867296","-8.627745","3.6784515","0.086705014","0.20897523","-0.75168914","2.7217393","-8.34638","4.361496","0.3183911","0.18563963","0.24128905","0.0","0.0","0.0","104579202361365"
"2.8486214","-8.591832","3.6578612","0.12251739","0.23328094","-0.8303207","2.6672516","-8.334775","4.4195356","0.2735742","0.21123412","0.2066675","0.0","0.0","0.0","104579223096417"
"2.7849355","-8.576989","3.6296096","0.10708771","0.237854","-0.9090134","2.6189957","-8.324503","4.469977","0.22960694","0.2008264","0.16599242","0.0","0.0","0.0","104579243471260"
"2.6714501","-8.573158","3.6075828","0.033428956","0.23382874","-0.97037506","2.5791717","-8.316646","4.5093126","0.17130247","0.16609862","0.13105224","0.0","0.0","0.0","104579264133135"
"2.572809","-8.529584","3.5975273","-0.03527832","0.27249604","-1.0072632","2.5492387","-8.311739","4.536145","0.1084314","0.124680184","0.09940431","0.0","0.0","0.0","104579283479438"
"2.5570073","-8.506121","3.6214695","-0.029167175","0.2953476","-0.9971558","2.527327","-8.311129","4.54998","0.05872925","0.08634155","0.06934936","0.0","0.0","0.0","104579304239021"
"2.62213","-8.544428","3.6779728","0.049212646","0.25838012","-0.94583434","2.5140672","-8.312468","4.555162","0.018903807","0.06446411","0.03196655","0.0","0.0","0.0","104579323569333"
"2.7135882","-8.600451","3.7565026","0.14613953","0.20512542","-0.8653351","2.508597","-8.315237","4.5531907","-0.014018558","0.05203857","-0.008389896","0.0","0.0","0.0","104579344258083"
"2.768655","-8.627267","3.8307228","0.19790344","0.17909393","-0.78778994","2.5118973","-8.316023","4.5498643","-0.016354982","0.037170406","-0.05235718","0.0","0.0","0.0","104579363608240"
"2.777274","-8.665094","3.8728607","0.19438171","0.13940582","-0.74213105","2.5240371","-8.314165","4.546344","8.496061E-4","-0.0033984422","-0.07965088","0.0","0.0","0.0","104579383650635"
"2.78302","-8.754637","3.880043","0.1799469","0.04523773","-0.7318802","2.5442185","-8.309538","4.5432754","0.016992187","-0.05564942","-0.095793456","0.0","0.0","0.0","104579404007146"
"2.8328195","-8.85711","3.8900986","0.20474854","-0.060572814","-0.71360475","2.5692153","-8.306198","4.535057","-0.014124757","-0.09494385","-0.098236084","0.0","0.0","0.0","104579423289698"
"2.9281087","-8.933724","3.927927","0.27306518","-0.1345871","-0.65512544","2.5961883","-8.308798","4.514407","-0.090695806","-0.10014771","-0.10248413","0.0","0.0","0.0","104579443689490"
"3.0205245","-8.952398","3.9595306","0.33863068","-0.14485168","-0.591716","2.6230378","-8.317207","4.4826","-0.16131958","-0.07306641","-0.11140503","0.0","0.0","0.0","104579464450687"
"3.0636203","-8.961976","3.9671922","0.3583145","-0.13960266","-0.5419067","2.6464477","-8.332034","4.4404526","-0.23321779","-0.03770141","-0.109918214","0.0","0.0","0.0","104579483713292"
"3.0497339","-9.040505","3.9336731","0.3235321","-0.20036621","-0.52867585","2.6673446","-8.3498","4.3937044","-0.2632727","-0.024107663","-0.10195313","0.0","0.0","0.0","104579504338292"
"2.9961038","-9.161173","3.8704662","0.25164032","-0.30189973","-0.543219","2.685608","-8.368933","4.345041","-0.27697265","-0.027718509","-0.08570434","0.0","0.0","0.0","104579524296729"
"2.9281085","-9.230605","3.8187518","0.16776276","-0.3496933","-0.54190063","2.7014923","-8.39057","4.292009","-0.29513305","-0.045878906","-0.061171878","0.0","0.0","0.0","104579544895115"
"2.8850126","-9.26604","3.8048654","0.11222229","-0.3614151","-0.50074464","2.7139404","-8.414281","4.2369676","-0.28663698","-0.07402222","-0.029205322","0.0","0.0","0.0","104579565227458"
"2.8893223","-9.317276","3.8024712","0.10759582","-0.3897751","-0.45248565","2.722879","-8.437155","4.1863127","-0.254458","-0.08411132","-0.008389893","0.0","0.0","0.0","104579584969646"
"2.9199681","-9.381919","3.7737408","0.1320694","-0.435054","-0.4397293","2.729051","-8.45652","4.144826","-0.19317992","-0.08018188","0.0011682119","0.0","0.0","0.0","104579605271417"
"2.935291","-9.428366","3.7153225","0.14151153","-0.46902466","-0.47023773","2.734932","-8.468996","4.1169157","-0.10758178","-0.08442993","0.0024426267","0.0","0.0","0.0","104579626119646"
"2.9209259","-9.425014","3.6516368","0.12259827","-0.46044618","-0.5207367","2.7394805","-8.474222","4.103728","-0.017204598","-0.09621826","0.019541014","0.0","0.0","0.0","104579645316573"
"2.9051244","-9.425014","3.6099772","0.12299957","-0.47943726","-0.581395","2.7429109","-8.471033","4.1078825","0.047896728","-0.11448487","0.039931644","0.0","0.0","0.0","104579682810896"
"2.9247568","-9.440816","3.5951335","0.12299957","-0.47943726","-0.581395","2.7429109","-8.471033","4.1078825","0.09972291","-0.13222046","0.058198243","0.0","0.0","0.0","104579682810896"
"2.969768","-9.398199","3.5936966","0.16860199","-0.4424759","-0.59463805","2.7423186","-8.465378","4.1196885","0.12393677","-0.11883911","0.06021607","0.0","0.0","0.0","104579706170010"
"3.0099902","-9.307698","3.6056676","0.2432495","-0.31841582","-0.60126036","2.737578","-8.448181","4.1583924","0.14804444","-0.09388183","0.057561032","0.0","0.0","0.0","104579746176417"
"3.0396786","-9.256941","3.625779","0.2712845","-0.34308165","-0.6174545","2.7339616","-8.438359","4.181291","0.18022338","-0.067331545","0.05150757","0.0","0.0","0.0","104579765558292"
"3.0789437","-9.28184","3.628173","0.29079133","-0.3603775","-0.639801","2.729297","-8.431117","4.1993284","0.13307008","0.0054162564","0.036958","0.0","0.0","0.0","104579780508864"
"3.0789437","-9.28184","3.628173","0.28945312","-0.31574097","-0.63121337","2.7224946","-8.42787","4.210373","0.13307008","0.0054162564","0.036958","0.0","0.0","0.0","104579805520844"
"3.0387206","-9.174581","3.7057452","0.26700592","-0.2556137","-0.57801664","2.7128587","-8.428622","4.2151155","0.034621585","0.075615235","0.033347167","0.0","0.0","0.0","104579823046833"
"2.9980195","-9.166441","3.779487","0.23716278","-0.24486542","-0.5060776","2.701999","-8.431231","4.216919","0.02963013","0.08920898","0.03483398","0.0","0.0","0.0","104579844155739"
"2.9980195","-9.166441","3.779487","0.21799926","-0.2694641","-0.4475952","2.691475","-8.434404","4.217334","0.02963013","0.08920898","0.03483398","0.0","0.0","0.0","104579866430635"
"2.9525294","-9.222943","3.867115","0.21206817","-0.2939621","-0.4167099","2.681604","-8.438637","4.2151794","0.021771241","0.0912268","0.034409184","0.0","0.0","0.0","104579883303760"
"2.9525294","-9.222943","3.867115","0.20440826","-0.3215027","-0.39423066","2.6725037","-8.443657","4.2108965","0.021771241","0.0912268","0.034409184","0.0","0.0","0.0","104579906713031"
"2.9079976","-9.294769","3.9183502","0.18600312","-0.35590515","-0.35730743","2.6631362","-8.448519","4.207013","0.041099858","0.08198731","0.043967284","0.0","0.0","0.0","104579922996364"
"2.9079976","-9.294769","3.9183502","0.16046448","-0.38427275","-0.3179718","2.6513276","-8.451754","4.207901","0.041099858","0.08198731","0.043967284","0.0","0.0","0.0","104579946425896"
"2.8289886","-9.3292465","3.9815574","0.13357544","-0.38497925","-0.29981384","2.6365585","-8.45392","4.2127275","0.07731445","0.06510131","0.07805786","0.0","0.0","0.0","104579963083135"
"2.7796679","-9.300516","3.9820366","0.10245514","-0.35402068","-0.30606538","2.6183593","-8.456149","4.219458","0.07816406","0.06446411","0.095474854","0.0","0.0","0.0","104579984042250"
"2.722207","-9.263166","3.9815574","0.06579437","-0.31345063","-0.31278077","2.5975602","-8.459371","4.2256956","0.0815625","0.05756104","0.11352905","0.0","0.0","0.0","104580003296729"
"2.657085","-9.234435","3.985867","0.023127746","-0.2816208","-0.3158447","2.5751069","-8.462469","4.233069","0.092819825","0.048002932","0.1260608","0.0","0.0","0.0","104580022706521"
"2.5948358","-9.214324","3.991613","-0.015104676","-0.25890198","-0.3192688","2.551094","-8.465077","4.242238","0.0991919","0.037170414","0.13423827","0.0","0.0","0.0","104580044676260"
"2.5373747","-9.194213","4.0074143","-0.047828674","-0.23727112","-0.31506807","2.5263581","-8.466597","4.253839","0.113210455","0.0270813","0.1376367","0.0","0.0","0.0","104580064231625"
"2.4880543","-9.160215","4.025132","-0.071920775","-0.20315094","-0.31187135","2.5011292","-8.466721","4.2683578","0.12977783","0.022089843","0.13901731","0.0","0.0","0.0","104580083461989"
"2.45262","-9.111853","4.0371027","-0.08161621","-0.15552826","-0.31637725","2.4753907","-8.465981","4.2848344","0.13349488","0.020603027","0.14007933","0.0","0.0","0.0","104580105415166"
"2.429157","-9.064447","4.040934","-0.07949219","-0.109011844","-0.32917175","2.4498048","-8.465094","4.3014603","0.12818483","0.022514647","0.1373181","0.0","0.0","0.0","104580122890218"
"2.4133554","-9.033801","4.0466795","-0.070559695","-0.0788208","-0.33852082","2.4250717","-8.46464","4.316554","0.12053833","0.025063476","0.13030884","0.0","0.0","0.0","104580142345896"
"2.399948","-9.030449","4.06296","-0.060658265","-0.07639007","-0.33717346","2.401764","-8.463717","4.3314867","0.124467775","0.026550293","0.11979492","0.0","0.0","0.0","104580164013708"
"2.3841462","-9.047688","4.08786","-0.055226136","-0.09679107","-0.33013305","2.3805299","-8.460554","4.349345","0.14910646","0.028461913","0.10513917","0.0","0.0","0.0","104580185151104"
"2.3669078","-9.050082","4.1170692","-0.053601075","-0.1053833","-0.323085","2.3616683","-8.454356","4.3715057","0.17820558","0.03005493","0.08867798","0.0","0.0","0.0","104580200325062"
"2.3602042","-9.016562","4.1649528","-0.043304443","-0.080496214","-0.3007187","2.3446686","-8.445726","4.3970246","0.19562256","0.03090454","0.078801274","0.0","0.0","0.0","104580227392927"
"2.368823","-8.978256","4.231033","-0.019181823","-0.051908873","-0.2612091","2.3291626","-8.4360075","4.423593","0.19604738","0.023682859","0.07497804","0.0","0.0","0.0","104580240366833"
"2.4071302","-8.9777775","4.283227","0.04627533","-0.07389526","-0.26500398","2.302011","-8.413541","4.4795837","0.19849","0.035364993","0.05734864","0.0","0.0","0.0","104580278399489"
"2.4071302","-8.9777775","4.283227","0.04627533","-0.07389526","-0.26500398","2.302011","-8.413541","4.4795837","0.19849","0.035364993","0.05734864","0.0","0.0","0.0","104580278399489"
"2.4009051","-8.979692","4.3023806","0.053627014","-0.10122681","-0.2722748","2.2769425","-8.38477","4.545752","0.20815432","0.036214598","0.052781988","0.0","0.0","0.0","104580321728500"
"2.3894134","-8.976341","4.3421245","0.0713623","-0.11293335","-0.27664337","2.2649505","-8.367796","4.5831604","0.22875735","0.029099122","0.05129517","0.0","0.0","0.0","104580342524541"
"2.3951592","-8.971074","4.3751645","0.10588379","-0.11267547","-0.30993804","2.2519746","-8.351294","4.619806","0.24075809","0.030267334","0.05182617","0.0","0.0","0.0","104580361770948"
"2.4167075","-8.954315","4.378516","0.13773803","-0.081632994","-0.3472809","2.2373567","-8.337807","4.651404","0.22493407","0.04428589","0.051082768","0.0","0.0","0.0","104580382430635"
"2.4339457","-8.862856","4.376122","0.15401307","-0.04332428","-0.3673233","2.2210784","-8.32919","4.6747985","0.12032592","0.06818116","0.059366453","0.0","0.0","0.0","104580401802354"
"2.418144","-8.860941","4.3655877","0.15492554","-0.045446776","-0.3930893","2.2043624","-8.325152","4.69003","0.075827636","0.06956177","0.058623053","0.0","0.0","0.0","104580422546416"
"2.3860614","-8.883447","4.32728","0.13863984","-0.070474245","-0.4434021","2.188568","-8.322629","4.702037","0.058092047","0.0809253","0.047047116","0.0","0.0","0.0","104580441781937"
"2.336741","-8.879616","4.301423","0.10433807","-0.0677063","-0.4782196","2.1735504","-8.321567","4.710997","0.037489012","0.08262452","0.040675048","0.0","0.0","0.0","104580460139645"
"2.288378","-8.857108","4.319619","0.06905518","-0.045420837","-0.4665207","2.1604722","-8.321347","4.717494","0.033453368","0.05819825","0.04088745","0.0","0.0","0.0","104580479218552"
"2.288378","-8.857108","4.319619","0.057009887","-0.025073241","-0.4449997","2.1500123","-8.321104","4.7227874","0.033453368","0.05819825","0.04088745","0.0","0.0","0.0","104580507102145"
"2.2658725","-8.836518","4.346434","0.07085876","-0.013685608","-0.46363372","2.1414306","-8.321482","4.7260985","0.038126223","0.03727662","0.037595212","0.0","0.0","0.0","104580526353135"
"2.2711396","-8.825505","4.331111","0.0829071","-0.023892213","-0.50878906","2.1346498","-8.32181","4.7286377","0.02994873","0.041206054","0.028992921","0.0","0.0","0.0","104580547023656"
"2.2629993","-8.863335","4.279875","0.07442932","-0.052326966","-0.5216171","2.1297195","-8.320668","4.7328477","0.053843997","0.073491216","-0.004354248","0.0","0.0","0.0","104580563846989"
"2.234748","-8.895417","4.3330264","0.05054016","-0.08814545","-0.4768463","2.12536","-8.31693","4.7412276","0.07784547","0.07465942","-0.007752686","0.0","0.0","0.0","104580584474802"
"2.1954827","-8.921754","4.419697","0.014337158","-0.11976471","-0.40068665","2.1222992","-8.311644","4.7517366","0.09143921","0.04885254","-0.0031860352","0.0","0.0","0.0","104580598840010"
"2.1643584","-8.9298935","4.491044","-0.016464233","-0.13235779","-0.33728638","2.1219773","-8.307192","4.7596817","0.076040044","0.017947996","-0.002867431","0.0","0.0","0.0","104580624288656"
"2.1667526","-8.9275","4.5183372","-0.015330506","-0.13150482","-0.31214753","2.1232376","-8.305652","4.761838","0.043967284","0.009876708","-0.004354248","0.0","0.0","0.0","104580642733343"
"2.1897368","-8.934202","4.519295","0.0064712525","-0.13799743","-0.3102829","2.1244202","-8.305862","4.76093","0.029630128","0.015611569","-0.0066906735","0.0","0.0","0.0","104580659692458"
"2.1969197","-8.952878","4.5298295","0.011785889","-0.1559021","-0.29754028","2.126288","-8.306633","4.758722","0.024213871","0.009558102","-0.008814698","0.0","0.0","0.0","104580686046416"
"2.193089","-8.985439","4.553771","0.0049987794","-0.18842164","-0.2721817","2.1292434","-8.306674","4.757304","0.029842526","-0.004885255","-0.0070092776","0.0","0.0","0.0","104580701228031"
"2.198835","-9.019437","4.579629","0.007296753","-0.22325745","-0.24622802","2.1326919","-8.305835","4.7572083","0.036533207","-0.008496098","-0.0100891115","0.0","0.0","0.0","104580727434958"
"2.2031446","-9.020395","4.6097956","0.007344055","-0.22475739","-0.21507111","2.1369538","-8.305292","4.756218","0.01879761","-0.011575927","-0.016461182","0.0","0.0","0.0","104580741607197"
"2.2017078","-8.996453","4.6380477","-2.1972656E-4","-0.19970703","-0.1821167","2.1430817","-8.306401","4.7515154","-0.0012744151","-0.03759522","-0.015080568","0.0","0.0","0.0","104580763255635"
"2.176808","-8.978736","4.6653414","-0.036198426","-0.1800232","-0.14644623","2.1541595","-8.308368","4.7431364","3.186062E-4","-0.0914392","-0.016354982","0.0","0.0","0.0","104580783787979"
"2.1825542","-8.992621","4.6533704","-0.045124818","-0.19496612","-0.15361786","2.168834","-8.307312","4.7383375","0.035046387","-0.10513917","-0.026125487","0.0","0.0","0.0","104580803352041"
"2.2151153","-9.02231","4.632301","-0.026737977","-0.23053741","-0.17836456","2.1830077","-8.301427","4.742017","0.087403566","-0.090058595","-0.028886717","0.0","0.0","0.0","104580824085947"
"2.237142","-9.031407","4.655286","-0.018070985","-0.24929199","-0.16597596","2.1963654","-8.291768","4.7526107","0.12977783","-0.100041494","-0.021452636","0.0","0.0","0.0","104580843396624"
"2.239536","-9.015127","4.711789","-0.030052185","-0.24449006","-0.12278137","2.2107406","-8.280289","4.7659197","0.14677003","-0.12563598","-0.013699951","0.0","0.0","0.0","104580864280687"
"2.2529438","-8.991185","4.741477","-0.030914307","-0.23265687","-0.107472226","2.2250092","-8.268179","4.7802978","0.15197387","-0.12319336","-0.011044922","0.0","0.0","0.0","104580883999177"
"2.2744915","-8.966764","4.740041","-0.022320557","-0.22022858","-0.12357636","2.237964","-8.256187","4.794966","0.14984986","-0.100678705","-0.016673584","0.0","0.0","0.0","104580904172770"
"2.2764068","-8.938033","4.7539268","-0.03303528","-0.20364837","-0.12469025","2.2505937","-8.244037","4.809967","0.14921264","-0.097386464","-0.017629396","0.0","0.0","0.0","104580924114697"
"2.26683","-8.863335","4.7912765","-0.06478272","-0.14912415","-0.111628726","2.272766","-8.223866","4.8342543","0.12776001","-0.113210455","-0.0055224607","0.0","0.0","0.0","104580960099906"
"2.3013065","-8.862856","4.7793055","-0.039268494","-0.15667573","-0.13314971","2.2817292","-8.215836","4.8438063","0.117777094","-0.09951049","0.0021240234","0.0","0.0","0.0","104580981110426"
"2.3314736","-8.8599825","4.7869673","-0.016792297","-0.16006012","-0.13251647","2.289418","-8.209578","4.850835","0.10492675","-0.09643067","0.005203857","0.0","0.0","0.0","104581000380010"
"2.3482332","-8.851364","4.816655","-0.008976745","-0.15751648","-0.10886383","2.2983627","-8.203502","4.856868","0.10609497","-0.118626714","0.009664307","0.0","0.0","0.0","104581020901156"
"2.4095244","-8.819281","4.7855306","0.03526764","-0.13749847","-0.15222473","2.3154082","-8.19144","4.8691053","0.09260742","-0.08782837","0.008920899","0.0","0.0","0.0","104581059569645"
