1.81804330566,1.07846362801,0.114497542774
1.51546723794,0.820028348919,-0.0402258779976
1.5603556664,0.563044958588,0.0753767329679
2.01536645445,0.515916315567,0.342265831429
2.66425608869,0.532231370793,0.417646554457
3.2860431952,0.504163271205,0.366664203753
3.66715240865,0.460393629085,0.314593353692
3.87324108304,0.411729102618,0.286463897981
3.97799102963,0.402275027228,0.315943641629
3.87486271688,0.418291630884,0.284691492523
3.42893671481,0.404224310325,0.0582556417441
2.72484175329,0.493597012582,-0.246780709412
2.00225135918,0.749852780404,-0.350913541144
1.46993830907,1.25270660739,-0.287873499521
1.60618144246,1.96621080617,-0.0785504825118
2.3183751853,2.32493234202,0.19148159478
3.17000545182,2.44625218238,0.521998504632
4.0647063771,2.48182820159,0.849263202992
4.99887877141,2.48442355084,1.12080878048
5.95588991686,2.45739708327,1.33486802723
6.85684940092,2.39470466969,1.51837986787
7.571671429,2.30393627203,-1.45685903547
7.99414567549,2.1972391721,-1.3145350322
8.04693512885,2.09275795037,-1.18288745328
7.70180250394,2.03620226556,-1.0235258751
7.02656113348,2.07781887253,-0.781456558788
6.29906878366,2.19824115705,-0.409112185175
5.84713961525,2.23653668719,0.144877518303
6.06955094868,2.07786638446,0.677350060006
7.0591425877,1.85590798181,1.01131731651
8.45560920426,1.70018661739,1.21150734569
9.96955331667,1.62032656908,1.33974784261
11.4618242816,1.58986265604,1.40921777896
12.6726443323,1.57692335237,1.42844416794
13.1887304973,1.55254210809,1.42249109943
12.8470257095,1.49031468086,1.40718892992
11.9043272092,1.39478225459,1.38580059587
10.6052953185,1.30315734498,1.34382612872
9.09003723477,1.23955632061,1.27915372716
7.56550101959,1.18004312912,1.20728993137
6.16167299877,1.05623824963,1.14737024225
4.59743267503,0.387721051517,1.24869499501
5.11426358398,0.0858080488384,-0.0970308178854
6.10041615282,0.301113530384,0.730697989598
8.15574641104,0.488993411655,0.919882831084
9.34446396699,0.588968503097,0.95155268644
10.6214676723,0.677808042057,0.965473503551
11.7766297942,0.747440190533,1.00092807721
12.5652890951,0.797821041371,1.05744775306
12.8142106355,0.854888161499,1.13129450485
7.55313476286,2.3635272425,-1.03757458567
7.94711901348,2.4953343026,-1.25707861291
8.58132420581,2.59983670984,-1.42426033905
9.36203242292,2.68261645049,-1.47634830546
10.1705366082,2.75715439551,-1.43542348182
10.8328151981,2.8218888341,-1.36469622536
11.1414543909,2.88305198861,-1.29250690043
11.0058869083,2.93972452239,-1.29036700849
10.3847101658,2.99519689798,-1.45896014188
9.3053245442,3.00000739849,1.15257074011
7.82800458692,2.94747813885,0.760001522309
6.09754515248,2.83732383377,0.541342084501
4.57994291724,2.62297428823,0.420430431603
3.95663788239,2.29004646293,0.3764016501
4.53678080855,1.81590213424,0.292967874872
4.83827291641,1.70709782291,0.18734494735
4.97938802859,1.55813263618,0.034345775075
5.14497258376,1.45063639224,-0.174596345005
5.38050110353,1.34216810359,-0.415450611868
5.7088808029,1.32942833281,-0.659205467787
5.88119975853,1.35040148773,-0.866321031028
5.99435131987,1.33072586948,-1.02129676554
6.24454728865,1.27736988917,-1.1145941922
6.46222088759,1.22604389029,-1.12537944718
6.43865175942,1.18632097179,-1.15599556718
6.13503340043,1.16018618803,-1.20372323055
5.62635972951,1.15401977133,-1.26018717973
4.96729018098,1.14200013308,-1.37151356229
4.34468735633,1.128782507,-1.55227687279
3.91689807475,1.08594632355,1.26177254487
4.10256246319,1.08831882801,0.839441761981
4.86897275164,1.1586053651,0.552909819425
5.91526205187,1.21698099402,0.404311115938
7.02494465488,1.2591591375,0.343081697115
7.91106019317,1.27172994765,0.320599639027
8.37246162643,1.23804858824,0.307301300814
8.43379709229,1.14524898264,0.300769790075
8.25413433228,0.989018679492,0.320814103451
8.09711242894,0.807769853651,0.389783289166
7.78787106147,0.652971761109,0.527025815318
7.09934951789,0.511276994633,0.768204241615
6.19007619378,0.324021165964,-1.33665786685
5.35877471605,0.601508276282,-0.402789049587
4.84233928073,0.932764768508,-0.244313538279
4.78033155787,1.25375992026,-0.17259351065
4.68637857368,1.49645093581,-0.119611481647
4.50296170821,1.72706902545,-0.015663628736
4.54245457672,1.93016068279,0.146339599618
4.77308706583,2.07664199368,0.277433395691
5.15366928835,2.13968284635,0.396986999981
5.49765448651,2.53469258906,0.885329872591
5.55273118883,2.43342360732,0.805520873767
5.28142287174,2.29108853415,0.601421917883
5.07806123177,2.10557317852,0.438951483233
5.22229176771,1.9825155072,0.400122902775
5.56022976534,1.95514673277,0.502899761834
5.94196543684,1.95189010392,0.557016529138
6.23824442195,1.86270889999,0.578130442348
6.47889693386,1.7334036361,0.538891949519
6.65459343896,1.63030109296,0.491919801069
6.40591038965,1.67564146388,0.503594743869
6.00139101629,1.66444744588,0.537646886122
5.53080134002,1.31496528969,0.666473499315
5.18497973054,0.852089224144,0.773331066922
4.60573412222,0.633093543066,0.962602454858
3.99128127365,0.478309516874,1.51722279993
3.98986791592,0.558523388355,-0.905445666554
4.72510072325,0.664278331505,-0.553683186725
5.71868554688,0.723375328819,-0.438506417385
6.50576005231,0.798849961132,-0.382044236228
7.03398926429,0.914528334767,-0.301870827759
7.57340823484,1.04794506077,-0.205069669672
8.18216851071,1.15717240874,-0.136263139412
8.58547077806,1.2403582168,-0.0967354405025
8.62036950149,1.31476148668,-0.074966417811
8.51385198524,1.39155247526,-0.108752910375
8.59679701696,1.46520148993,-0.176628883968
8.76053501349,1.49505371428,-0.251259127692
8.52543225281,1.45562155272,-0.304045244167
7.87994479192,1.37027768089,-0.324569896587
7.06598244287,1.28718397008,-0.303188453517
5.09147303316,1.0495938307,-0.0770678640932
4.01975106215,0.837873204125,0.636398514032
3.84464655786,1.24901722014,1.5109796015
4.71692487757,1.64151708553,-1.30252885279
6.18024452936,1.96688748667,-1.1538266213
7.85363187366,2.18794289235,-1.07130017313
9.34008337773,2.28434653661,-1.01131111975
10.4401952067,2.31187945021,-0.951584679088
11.0254658587,2.32719933527,-0.922522910673
11.3379918756,2.33117919471,-0.917025771678
11.6125803122,2.29213696658,-0.915435629218
11.8817345641,2.23873504048,-0.927656144806
11.9539710731,2.20033317605,-0.937885553421
11.6225401871,2.18995723903,-0.957285953346
10.9529804985,2.17430768044,-0.989864814214
10.15975999,2.14036625249,-1.0251197095
9.29584500098,2.07858244003,-1.0724756486
8.22383181767,1.99236788296,-1.13098844462
6.86302572346,1.85787566111,-1.17307507539
5.25439987603,1.58982242769,-1.13419921846
4.27219063823,0.645381347733,-0.251575702791
6.28804719516,0.828672493702,0.724227802559
6.92658892252,0.895781930778,0.829401289157
7.70719513576,0.892903262324,0.925327442646
8.82171548783,0.905841970377,0.99680706067
9.81692667101,0.932658316866,1.0625185007
10.1813814492,0.959717321185,1.13860759794
9.84731458638,0.942677442297,1.27647734697
9.18142215023,0.909168281593,1.4412576757
8.66934180998,0.849144068556,-1.52435965058
8.77877312036,0.790774065801,-1.36627218644
9.45467137838,0.780241278426,-1.27966500812
10.0993094832,0.823177800402,-1.26419977401
10.316978726,0.885579610864,-1.23950976691
10.1593972053,0.950861799901,-1.15733131473
9.78381077141,1.01922211103,-1.04177355726
9.18787293674,1.0981533158,-0.932155526011
8.42404214644,1.1847036322,-0.83567963583
7.70821565379,1.27923945093,-0.719522352175
7.26638682163,1.38305956208,-0.581628830438
7.09466445692,1.48836627044,-0.44396555216
6.97446799221,1.58883836183,-0.323888421952
6.96660998961,1.60323092806,-0.153788289518
6.78684053023,1.54076575787,-0.0480611035864
6.29687786407,1.41541143474,0.112803428464
5.77229808142,1.27704073191,0.363314404012
5.39547258296,1.19655042616,0.701513182188
5.40190068241,1.19044459906,1.12472897226
6.12151698963,1.26347977598,1.51024585018
7.2929554902,1.40980554309,-1.38792040225
8.43281125276,1.5430733906,-1.26616600272
9.31892498744,1.72881330494,-1.17723548141
10.1628961455,1.88993012852,-1.10649796028
10.9155309016,2.0391534377,-1.05059775629
11.5169865563,2.1836993044,-1.0189965738
11.8857516824,2.30916201269,-0.996599470521
11.8073321168,2.37112190636,-1.02043175607
11.1584537187,2.43167936193,-1.0815575274
10.0121530961,2.44337749573,-1.19370222232
8.6428703009,2.41961605022,-1.305882158
7.42250180618,2.33857867416,-1.40421822921
6.5181114489,2.25271367752,-1.50266390618
5.72288554684,2.17756298576,1.51915154935
4.77097615257,2.11437876877,1.36159205893
3.74589031267,1.9535430261,1.16254717894
3.0740415628,1.65652016085,0.911377916309
2.99177680195,1.29364455563,0.624964791707
3.28180836075,1.03775700716,0.243202486277
3.82975168917,0.941353413195,-0.181689451801
4.47705855901,2.68247752413,0.282884797577
4.97568395375,2.62079853521,-0.128645636116
5.3114122317,2.46956367219,-0.365790912677
5.67928268589,2.27612798876,-0.513763179146
6.2380354676,2.09174545047,-0.639896412051
6.9445634938,1.95219005961,-0.765803032272
7.76617146056,1.8625564505,-0.882469050693
8.69732114949,1.80645400499,-0.996201546576
9.56933579986,1.75576087735,-1.09060076001
10.2609677609,1.69510872174,-1.17039714855
10.5495693228,1.61085762039,-1.24798342016
10.8204521714,1.54916857383,-1.32102720763
10.9645117965,1.53822169455,-1.38383945978
10.864637185,1.56443367905,-1.43091241922
10.3549860533,1.5962262982,-1.45317175027
9.5515022457,1.61896515058,-1.45336951883
8.69584362672,1.62382359073,-1.46049453826
7.70969005479,1.62326508384,-1.46598900346
6.49864146815,1.6535807061,-1.43168109937
5.17911569408,1.70741135277,-1.33587950783
4.1230133807,1.77717927789,-1.2087669566
3.03566349118,1.83195749464,-1.03901089853
1.94796017439,1.86464290731,-0.855290721146
0.933381722372,2.0589166653,-0.603030996267
0.762520515299,2.72796019471,-1.52682579845
1.9691344649,2.44051396925,-0.925801366295
5.08260783953,2.41209996885,-0.852045934259
7.54277071224,2.42082259877,-1.02151228048
8.21340512122,2.45038665514,-1.12668212095
8.50553247807,2.45937613987,-1.18484029171
8.49749350645,2.46147022763,-1.30091328972
8.31658874364,2.44470736982,-1.4816166264
8.12043004696,2.4176554123,1.5418647626
7.83039059001,2.33864342394,1.34503083094
7.39647455957,2.16232245215,1.09742128822
7.27785911784,1.89421258232,0.87311658537
7.78851332357,1.42414224573,0.7042132077
8.14551283637,1.24535547405,0.715876699232
8.56950658167,1.10898328972,0.718497474022
9.03124613687,1.00976653505,0.722898820534
9.5071433961,0.939741338536,0.75773303986
9.72042505577,0.863448026461,0.841314399721
9.40990377318,0.756505485256,0.983503526771
8.37214861027,0.485088521306,-1.54566516757
9.07500017988,0.346123980094,-0.807644029654
9.62737746873,0.35141053964,-0.525177430301
10.2264305346,0.403192579577,-0.296122112791
10.7494168901,0.459057782284,-0.0632735747781
11.1011054161,0.512277095102,0.132447372114
11.2356165262,0.566008406553,0.275142887746
11.0694181053,0.595027758085,0.323956682734
10.6588820655,0.616682807077,0.302141386487
10.1245917446,0.646851787745,0.267026553227
9.1660338025,0.738069897208,0.300343363052
8.03183843124,0.860434484623,0.389884962785
6.82536002271,1.02595052497,0.512317917632
5.4953281838,1.21706524523,0.598414075372
3.95546496889,1.46501922107,0.610193671915
2.50937023177,1.96644525606,0.590544019973
2.34182989371,2.88584849052,1.15065525062
3.96561584557,2.71941227725,-0.235202317133
6.11050507352,2.56477970111,-0.283803468411
8.25630289422,2.49356703206,-0.436238665085
10.2245462893,2.44713708703,-0.636127687299
11.9936785975,2.42419749433,-0.810072465806
13.5646993632,2.42091589269,-1.02927013861
14.5235453937,2.41743512869,-1.28958573471
14.5396514741,2.37938025902,1.55994224883
13.8335022956,2.31425879431,1.29848472721
12.7426514253,2.23854094888,1.0673156956
11.4350167134,2.15993604797,0.874776045976
10.0329311634,2.08260582822,0.709751004392
8.73044422285,2.05943305373,0.570533563378
7.61053524097,2.1064606028,0.444822246735
6.62532849288,2.20682151315,0.331694448081
5.60810109536,2.3527790186,0.221827877327
4.6718871142,2.58450521727,0.145732326032
4.30341630209,2.91487897492,0.212513719517
5.44146017604,2.80988954032,0.020483631234
6.33108032576,2.64369068038,0.161475436008
7.31738937141,2.51663171576,0.29872180613
7.97516080107,2.39356859842,0.417020618061
8.3684359545,2.24516158663,0.497860684396
8.79056557718,2.0981209228,0.546100859546
9.57897178078,1.94272044099,0.560116039307
10.7997969362,1.79324150497,0.546265773553
12.1958445216,1.63201358662,0.540615690338
13.359308614,1.47345893244,0.561475138326
14.0712825382,1.29621081041,0.608772943547
14.5287577982,1.12913609318,0.662875778486
14.7909395521,0.896815034524,0.737456689032
15.0296218443,0.729937339511,0.816751428113
14.9976812666,0.617787016544,0.933432328914
14.7478512946,0.502393598607,1.12595911109
14.4358678972,0.403063947246,1.42836685209
14.1215220505,0.355039870634,-1.26251015274
13.7793139786,0.389860705747,-0.751281601711
13.3935608291,0.485566105371,-0.417254315824
12.8951828815,0.582438780182,-0.259063016506
12.243897015,0.660241719769,-0.208746094119
11.4830599486,0.736198946753,-0.17525299166
10.7014755853,0.805683096492,-0.147655444417
10.0301200805,0.87314290405,-0.120603256298
9.52719020097,0.950777860873,-0.101787461901
9.13121251797,1.04292958421,-0.0630398431591
8.75072212761,1.1336006416,-0.0164949866011
8.38655806841,1.21333296369,0.0470165852431
8.02672683649,1.27906152837,0.112481493884
7.63100969964,1.32797669974,0.179006575784
7.20097781836,1.39193638899,0.251989660373
6.76074340214,1.46354045733,0.319423709675
6.28087185032,1.55152952662,0.367775008681
5.64047831962,1.66585368052,0.39399126924
4.77075385839,1.8127629623,0.424725336785
3.87842211395,1.98066228826,0.511113818114
3.17485760611,2.14489408621,0.699498229967
2.75319816992,2.2900615529,1.00500704289
2.69628197668,2.36536648554,1.37158174636
2.62882898212,2.35421065822,-1.50285641273
2.43348080738,2.35286845249,-1.17587028945
3.03993405271,2.28806923012,-0.155481270526
3.72637765098,2.17725374297,0.16688233045
4.2459727393,2.16698250888,0.267382875069
4.98720219556,2.22112449347,0.217010748637
5.59653551127,2.25439393343,0.134841596205
5.87978155628,2.27762894677,0.0743429488503
5.88017915183,2.32544509865,-0.0575933612511
5.78736269226,2.3799625331,-0.231965487251
5.49098131173,2.41982865815,-0.425640824268
5.18736017406,2.44691815002,-0.503900080458
4.96591458512,2.49321671205,-0.562378275901
4.63379085889,2.57046384953,-0.671652734913
4.13126272155,2.68268152386,-0.946406506253
3.85884611434,2.76220434303,1.56313981655
4.24551670094,2.66355065192,0.995685759882
5.02274265965,2.54535109497,0.857674411296
5.5879191276,2.4990085175,0.816542084939
5.75712584687,2.45837770131,0.740431164958
5.83507486871,2.41420219937,0.641775673574
6.1829082591,2.33266926577,0.619736626164
6.83713028445,2.30197477392,0.704781359003
7.52843789093,2.35339256459,0.858691553968
8.05429042783,2.47252190961,1.09106044571
8.44127521859,2.57738242258,1.44868017432
8.84234306863,2.60325545623,-1.19473003154
9.30907195583,2.51935547707,-0.665687380556
9.69852063443,2.34980116064,-0.321062723398
10.077452668,2.13708168185,-0.0879561507741
10.742773294,1.90816249372,0.0693040532604
11.7352820926,1.70171884609,0.176101887257
12.5162505255,1.22637838133,0.805900877
12.1983772766,1.10422298115,0.782411366599
11.8317127922,1.00429200274,0.768688755544
11.3620911619,0.894274381968,0.761173190419
10.8311290112,0.780908685682,0.756399416808
10.2966675937,0.645282687901,0.779801099061
9.8563124995,0.525630728069,0.843190854809
9.47741712355,0.404655801399,0.97153299888
9.17206819056,0.284529560804,1.21847582774
8.90411790587,0.2103060156,-1.28096637308
8.58974180051,0.28441073947,-0.653408614346
8.26019890774,0.422592102351,-0.40432220071
8.01497866031,0.548881768536,-0.276366303696
7.83680509404,0.68142187303,-0.190866595917
7.67251812396,0.832547559598,-0.169744902267
7.50308472061,0.994836750258,-0.161851379346
7.32055508552,1.14716302889,-0.118323105085
7.13051370919,1.27062975872,-0.049595017157
6.83824578402,1.35709554178,0.0198787872065
6.24302694378,1.39346361884,0.113249048513
5.42411656203,1.36132314292,0.294348546323
4.8443147293,1.26554914214,0.585242330491
4.67478021851,1.16715006066,0.897123253667
4.70165125429,1.0902043523,1.17364793339
4.88145817835,1.04405931138,1.42266661307
5.27494270661,1.03538550107,-1.52755903097
5.74849538867,1.04425306254,-1.41934510097
6.14101705113,1.07189679228,-1.37179158106
6.39321721043,1.10652898566,-1.37843455614
6.4390446097,1.14137750227,-1.45852921662
6.1937588976,1.19043580793,1.53743140932
5.76446417975,1.28373939775,1.37698270644
5.49004053052,1.42263994634,1.24429201039
5.57794051435,1.78479128509,1.05063191592
5.6912561007,1.9635570837,1.00775462367
5.76653425373,2.14158266875,0.981919195528
6.30437698972,2.42741978227,0.869806456309
6.68133207344,2.55220132009,0.911337744772
6.97456300916,2.64252178099,1.05876535267
7.08906480693,2.68657292187,1.19801533222
7.01223533845,2.76368746703,1.30651305584
6.61966069965,2.82873461099,1.50156393547
6.20973758521,2.92369553384,-1.21595603674
5.76527967143,2.97481866589,-0.39382712843
5.52221868482,2.90539186508,0.443160583515
5.5830145437,2.76521717845,0.705179993027
5.78683358284,2.63485850093,0.770506397361
6.04608381055,2.58059148495,0.840355834846
6.41749523635,2.58390518669,0.953967438182
6.80313876106,2.62561955481,1.06828276933
2.48560749356,0.407453542445,-1.56182306176
2.38038246434,0.314864763238,0.225863907233
3.1478938473,0.733016291488,0.809971993162
4.41690160258,0.998448682813,0.924529195073
5.76376458038,1.15893272887,0.964771426678
6.92788320981,1.29548579664,0.973100199906
7.84119226194,1.41431494292,0.968169944553
8.45570610335,1.48497750895,0.942337366316
8.75285931215,1.50583169702,0.887613635889
8.93600357732,1.51632392097,0.811850365082
9.29669556031,1.54054396272,0.731453620988
9.81298781334,1.58159531968,0.646238245938
10.0149862303,1.611805673,0.531582444122
9.90930147706,1.6245186437,0.396936273016
9.27819016166,1.61931849627,0.24863459177
8.2673044036,1.60184577186,0.119983316731
6.63245955728,1.55915029624,-0.0399750781087
5.51539512415,1.52190503204,-0.368727688562
5.01171652474,1.41928197006,-0.641385450017
4.59259842473,1.37797709881,-0.91098225946
4.63111986125,1.7198373238,-1.44310734762
5.25957746547,1.69503310698,1.4389888471
5.81161355891,1.52294934861,1.19696638716
6.45479812165,1.34921995184,0.885968529433
7.04815850291,1.34019608664,0.645451963323
7.41318909812,1.41138017898,0.452046708034
7.57975949387,1.53810963237,0.344396980467
7.69337302155,1.69736978511,0.25471966271
7.69353779266,1.8357256874,0.137157270846
7.55987212481,1.91989786886,-0.0736283464391
7.52361349709,1.96882135652,-0.304477372095
7.4925247975,2.02985762259,-0.440744330229
7.33558810937,2.10226143109,-0.476922488366
7.18315515486,2.14132499422,-0.484929056299
7.06021915504,2.11699047477,-0.52534832082
6.94718317435,2.06289685638,-0.558088851986
6.89287457542,2.0263716366,-0.535285601336
7.00130190775,1.9735402814,-0.430951198029
7.3048341696,1.89294116455,-0.252396766355
7.78328930088,1.80863173706,-0.0547996055772
8.28239860251,1.71909036814,0.0936080567733
8.64887020627,1.60330941542,0.20849767717
8.90246668872,1.48019512039,0.337886356543
9.06335447084,1.38938083587,0.512963586733
9.17231745217,1.35084376744,0.741034995448
9.29124004591,1.35267995164,1.00538022312
9.51018895103,1.47879941769,1.56988139115
9.16605485601,1.66829774443,-1.23441950334
8.75020764402,1.82928551746,-0.866709211265
8.92929151266,1.91890027042,-0.437877118688
9.14796274073,1.45528825161,0.277242349478
8.52520486249,1.40591510144,0.288081879486
7.92628262443,1.35653114022,0.3129578653
7.21795835145,1.33728445005,0.383432540896
6.38825588437,1.32327071008,0.515697101743
5.59400464906,1.34351964895,0.676859855705
5.02145539846,1.41671218656,0.788716206741
4.63040522961,1.47478806927,0.863199399696
4.30624446818,1.5314833023,0.906796015372
3.26248784632,1.70951011697,0.883775371998
2.62990528893,1.86438080895,0.800607047195
2.19204323808,2.10252560887,0.948007264743
1.84253712998,2.14558205884,1.3144889017
1.6029017326,2.08558318321,-0.916107377276
2.61343469277,1.96131153587,-0.123751360375
4.16569456875,1.94454057284,0.237561072871
5.6060681325,1.92416536556,0.504392925607
6.7555230343,1.84741329292,0.707008052905
7.42393694618,1.79195988525,0.846301347611
7.61430249111,1.80683973701,0.928346223876
7.67505454448,1.86609500446,0.977993728941
7.70187129277,1.9145138525,1.0508091885
7.66223119611,1.94405710309,1.07724438678
7.31836928534,2.00530652449,1.09721844248
6.78793931865,2.11096378097,1.0522875986
6.34850746568,2.25621939974,0.908052457508
6.5150549285,2.36877369155,0.585085311612
7.68374884136,2.3152577866,0.219857981102
9.45003188634,2.13262834041,0.0461771397843
10.9479069327,1.93833394367,0.00367720028178
11.7809843463,1.78032446813,-0.0131390090387
12.3312653171,1.61415060093,-0.0251814368295
12.764437676,1.44342910624,-0.0204899134494
12.1382768988,1.1316199042,0.108848624098
10.8173035732,0.976180873597,0.267199719699
9.36490199401,0.864596815799,0.399855962875
7.98471966693,0.768832070364,0.395907112894
6.6276343569,0.606112580002,0.377515572612
5.11437404104,0.40271820517,0.333761569725
3.40735932651,0.240831265706,-1.33804021272
2.4907718582,0.838862983262,-0.471701772617
2.49394753468,1.33483965006,-0.124363472865
2.84675908731,1.40741313544,0.296675061853
3.72693759844,1.37649705231,0.543300093314
4.68256636475,1.32723269983,0.588549371115
5.30660387451,1.2928325536,0.561175079152
5.62373679413,1.26436582693,0.525132589425
5.78259500223,1.23903716387,0.562960827856
5.86813051182,1.22928749957,0.732284252231
6.0883637469,1.2913086475,0.983471981571
9.82225850348,1.80909650379,0.659561206572
10.0584674247,1.74155394989,0.563003621274
10.0891145249,1.71862171367,0.51882346038
9.93008135629,1.74078884963,0.532330408623
9.55167699139,1.7474986725,0.577579655417
8.88114142713,1.69716843329,0.630137022529
7.96032047487,1.63552171947,0.675371895001
6.82131235162,1.5607544538,0.700605437373
5.3205856739,1.50442199323,0.724775829451
3.33137820849,1.53590037256,0.785152052274
1.11036291067,2.04244145492,0.865765612844
1.88364160107,2.18189456369,0.992288427958
4.22148957905,1.90539840128,1.07817916951
6.33203631788,1.77423612978,1.18861596828
8.02850675844,1.698080534,1.26358506092
9.41922999249,1.63540479107,1.32647566625
10.5362613827,1.56589470529,1.39148425566
11.1940586134,1.49321688727,1.46991112326
10.4568875065,1.42125250818,1.57003940873
9.24528762509,1.35022205203,-1.51962797427
8.06615125858,1.28329268185,1.56815897349
7.37844584218,1.23802835026,1.42064990253
7.06574853367,1.29996726731,1.14122905356
6.02918005503,1.42166606723,0.904553663515
5.51905855253,1.41496686807,0.780341367675
5.27565320336,1.3194249218,0.665091059043
5.48039595657,1.18795091756,0.593893440555
5.78995100603,1.09292183797,0.522100856788
5.80390895642,1.0309692216,0.40241708151
5.51419858298,0.960136528387,0.235249419263
5.23544949546,0.876434161913,-0.0472288123971
5.3596773111,0.812335230357,-0.335196446354
5.69793504499,0.774943535318,-0.526584987497
5.95119939015,0.735934197185,-0.640581339124
6.08201061534,0.709782429071,-0.741387853989
6.17739749628,0.710678940477,-0.836355915032
6.36194791093,0.731568664712,-0.904156862074
6.58079763771,0.750545746716,-0.889118473009
6.56949010467,0.799145170687,-0.781145468889
6.20069877581,0.915718406164,-0.642812068995
5.57760911909,1.10380096386,-0.586754372142
4.75261797176,1.30792210671,-0.727644940745
4.26927990674,1.54579478405,-1.0495478911
4.44933151196,1.80379211756,-1.31221125882
4.94984270126,2.01748928125,-1.51469970102
5.45278211642,2.14251624278,1.45442800974
5.83716983003,2.22439401912,1.31291303128
6.23010104305,2.28101718302,1.15085494804
6.73235288139,2.25077456133,0.933184948486
7.32283499666,2.12420914601,0.747245174569
7.73017543265,2.28394023937,-1.54760092278
7.53142774954,2.26319985937,-1.48678002237
6.70138382233,2.27529857936,-1.25770616784
6.53467290853,2.22384271479,-1.22063143535
6.35124064959,2.21154117616,-1.17944642578
6.06343632865,2.26147467171,-1.20024894422
5.69742368965,2.35690343547,-1.28455512491
5.3382848846,2.48311367353,-1.41384017559
5.01621278321,2.63361574917,-1.56397251691
4.44320833226,2.77382633426,1.38362915405
3.53654694227,2.82032686016,0.614032408153
3.22205626066,2.37824617836,-0.123585790808
4.41565476387,1.94141194753,-0.241654051213
6.11800583867,1.81744115931,-0.210764835625
7.64314677095,1.84818404177,-0.113401543908
7.35097618586,1.86612967426,-0.107745795981
6.9045301435,1.77491813257,-0.164790463268
6.82436580895,1.64213340135,-0.212018691783
7.06670519546,1.55239404991,-0.188016541095
6.91400810472,1.5383580282,-0.205928655931
6.3420234958,1.5523450418,-0.365660742995
6.03560042119,1.52118636226,-0.629473348022
6.21328349394,1.41579373389,-0.836934935754
6.62527638021,1.27383900528,-0.939062581685
6.96794880309,1.13775445153,-0.958886306727
7.18987550959,1.01747975925,-0.970222980583
7.16572516516,0.95150328156,-1.02584994698
7.18977637752,0.914072029364,-1.13423931207
7.42203936557,0.897734072367,-1.31037345616
7.49506176791,0.85689446311,-1.49688017848
7.07761019125,0.767628450131,1.41616957078
6.56876371882,0.686290553714,1.0729817636
6.35402249328,0.696349616123,0.690226257002
6.30072057866,0.768743211183,0.418669162276
6.19066627493,0.838874637341,0.232673619098
6.09871682433,0.896139036028,0.0641539882672
6.23303075951,0.962853236564,-0.090613564501
6.75590422069,1.10221211222,-0.241838845985
6.85932355755,1.16740536144,-0.265253526049
7.20889653263,1.27816220964,-0.277416052873
7.08999315363,1.32239286282,-0.260980738201
6.53730886996,1.37932005692,-0.263470617786
5.82156060425,1.49319900828,-0.31274916819
5.30430990204,1.6457198672,-0.371619652095
5.04184840047,1.7876503805,-0.474266124069
4.78603606275,1.84941200378,-0.548401327683
4.42394099439,1.81525945312,-0.633281009455
3.96143204743,1.74029993069,-0.67416045607
3.31222653792,1.75039901566,-0.703365868947
2.57617518009,1.9700653211,-0.865671095187
2.70402941698,2.31239183759,-1.41568479722
3.7745198235,2.37885012427,1.26974083775
5.39375120457,2.36689498002,1.09664239908
6.5984010235,2.37628475319,1.02198447702
6.64963229177,2.44601717087,0.982147561157
6.15161734242,2.54453729073,0.91026133056
5.9610456301,2.59225949975,0.785854295148
6.37134391884,2.53501092451,0.670035899497
7.09517728592,2.44432167212,0.610515755863
7.53231260951,2.41023731708,0.572164143793
7.30456658588,2.43730571692,0.505280357035
6.74136163032,2.47928712766,0.40253315837
5.68206099156,2.44094063028,0.157631046824
4.81921564989,2.2636368578,-0.0531267306826
5.06748531945,2.02873854221,-0.0036148551832
6.08925118383,1.93470099396,0.139149734896
6.99546482542,1.96192987643,0.220765187482
7.19040390286,2.03751980355,0.212166788559
5.77681851095,2.07359454849,-0.0406337503552
5.11987084412,1.62924065869,-0.386542900616
5.60440373699,1.43768112095,-0.492072064079
6.04574288156,1.31865087231,-0.651147102128
6.49646356024,1.22303329419,-0.869003864336
7.17333961195,1.11070238269,-1.10561625038
7.90372399689,0.988011213622,-1.25869790293
8.45484774576,0.868499602656,-1.3361107206
8.84985953881,0.763179650117,-1.41079275829
9.08577097335,0.675681118195,-1.52016660108
9.16441483789,0.612846601303,1.44368898377
9.21245632551,0.578671156278,1.19660794869
9.21350525814,0.572145683669,0.921229164001
8.96181208594,0.578808741791,0.649012450058
8.39513285525,0.593558057672,0.398666353316
7.66353090086,0.609777182388,0.223483707435
6.94405597214,0.615708889291,0.168614004653
5.94057598423,0.625938055709,0.397607320044
5.28020390798,0.668583947494,0.45754906206
4.53047484371,0.693945259142,0.405331127332
4.03160797323,0.736781793015,0.444180409369
3.87977278671,0.855588873445,0.575803187882
3.71815577342,1.0576330383,0.648642406148
3.44711460668,1.36766665511,0.654885019779
3.39559211581,1.77657732899,0.581036333993
3.68727647345,2.18283482951,0.29083039228
4.44509663681,2.42039694045,-0.292749369354
5.38395487784,2.4481171327,-0.803403029735
6.05583085955,2.42141253397,-1.06322934387
6.83643624645,2.38453319905,-1.26574948848
7.2935444938,2.32411930048,-1.41141354712
7.46089244142,2.27885113785,-1.51031317949
7.3050054173,1.14208042808,0.237410984111
7.01663457812,1.08095921416,0.260379447686
6.63700255784,1.01265917756,0.320138801337
6.23508964952,0.963529161651,0.405852212533
6.03929686098,0.922803615982,0.467613430213
6.00616621347,0.895733367914,0.477976061521
5.78383042921,0.907180673928,0.456588840711
5.22943323249,0.963718796305,0.448313476938
4.61872759019,1.03768871176,0.487446363732
4.01797514219,1.07035081142,0.499892580046
3.0798202208,1.10947204191,0.312239458305
2.04848527171,1.47592624667,-0.219302306854
2.19071838467,2.27508008536,-0.884677386899
3.14136744109,2.69569762469,-1.52291062238
3.75281952567,2.74810718807,1.23349787068
3.76134590295,2.60353578908,1.34058007022
3.71545175229,2.40579226293,1.47743344179
3.90740941806,2.51868467437,1.52664823312
4.05742859806,2.7217341811,-1.53678900686
3.90794057471,2.89594355463,-1.42580520395
3.23159760324,3.00391066717,-1.38019457244
2.37669854196,2.88222966788,-1.19887632187
2.26222483853,2.41506256022,-1.07944387247
3.11935003689,2.28580623921,-1.05582148086
4.15776628173,2.45659529479,-1.0432764688
4.9930534679,2.64457182444,-1.01299345636
5.19376811969,2.71629950015,-1.0886987874
4.93703493028,2.64802409846,-1.37334675003
4.96163045165,2.4787761648,1.48659486198
5.32410747322,2.36066536011,1.32815323691
5.54174705534,2.32790190132,1.20217098691
5.40435118943,2.32466786287,1.03477630946
5.1306134263,2.32094921988,0.808100668192
4.90422849718,2.28556293983,0.547147406756
4.90217985075,2.21140973732,0.31651173667
5.48979665538,2.01273288363,0.180979477271
5.95070814147,1.92829296843,0.065272627516
6.09359492745,1.90005976395,0.0105556126949
6.31548211512,1.8785392515,-0.0459437692981
6.63082991849,1.85969656268,-0.100461700478
6.9913811853,1.8269052017,-0.134163492236
7.2987123131,1.77515001694,-0.157891357074
7.33303232694,1.71190662953,-0.188754522482
6.88297774096,1.62820603914,-0.245279990019
6.0003018717,1.51867541906,-0.318788819277
4.90398729024,1.39238418816,-0.435914714655
3.98341502284,1.25156056324,-0.707033284771
3.79707594126,1.08608618647,-1.17564007708
4.36124063945,0.964560165479,1.48360940802
5.15359063707,0.924393455857,1.11682946569
6.72651718262,0.770381878345,-0.838021424018
6.46492686023,0.767761234851,-0.833536630874
6.51255354533,0.751023532482,-0.83713744533
6.75566381394,0.717251172255,-0.800151145347
7.15122658307,0.684476094814,-0.661237309169
7.77843204245,0.668043055666,-0.48846844111
8.47585306098,0.663539842299,-0.400874819007
8.92269686361,0.641761619761,-0.406904190058
9.01605509618,0.613439193977,-0.47605503846
8.90629312729,0.602993026478,-0.549101574642
8.65540445289,0.627430761169,-0.581880677068
8.20515572974,0.670697221719,-0.576895833326
7.35306058373,0.712365197988,-0.534351301885
6.16554164612,0.755823774619,-0.495967296369
4.6140026756,0.800699017229,-0.523882759822
2.78717079781,0.845503369541,-0.624343013051
0.958153233498,1.01131564312,-0.648733096794
0.756691314327,2.80046676155,-1.2763838804
1.94504854859,2.61808117426,-0.728466234219
3.0494591545,2.55708220608,-0.590016567023
4.20575115306,2.55746204387,-0.627291858358
5.29098885152,2.59699345823,-0.707749960189
7.02496201635,2.67549545993,-0.826825802832
7.62336100097,2.70283740202,-0.889800417151
8.0128469293,2.73491497613,-0.96032596844
8.22630886576,2.76082342744,-0.998404589852
8.16969390315,2.78050376407,-1.05102182329
7.92508283685,2.81101734627,-1.2590935826
7.79748942164,2.82750345809,-1.54715601615
7.92825814231,2.82084987412,1.43854574867
8.20697105053,2.79944291067,1.43110038266
8.35731674579,2.78026320521,1.44779741858
8.1418366115,2.7651583646,1.43453717401
7.65456905627,2.73309141666,1.38952974418
7.16930408114,2.68334531115,1.34555883473
6.80952061071,2.65126719042,1.32974409655
6.51889793147,2.64661717004,1.3086097274
6.20859821021,2.66355519347,1.29160531355
5.85170765694,2.69264041163,1.26446158835
5.35328495549,2.74764978206,1.30596675536
4.76169984011,2.81929463153,1.44429162557
4.19148801814,2.8846253143,-1.09829215123
3.92028418578,2.77138070843,-0.335106547861
3.95658594433,2.5383575133,-0.00510101252689
4.06163293026,2.28995708012,0.173055369848
4.07043135164,2.0358168817,0.309108285271
4.11800592003,1.78784584549,0.413947676355
4.42788607007,1.57743685904,0.499636894319
5.01237274706,1.42777971771,0.577879372813
5.5803917621,1.31921007396,0.6687801961
9.47600263423,0.825521040657,0.671244894472
9.4452485211,0.748228151924,0.788611615392
9.40530393535,0.693034170466,0.853758973004
9.11013475458,0.622247006001,0.86626183565
8.34254032969,0.494944002538,0.889601205483
7.37354788521,0.312983652818,1.09133279793
6.69694800264,0.21306363653,-1.23363839114
6.32997695596,0.337546876626,-0.572470180893
6.11030124797,0.546516649599,-0.315342623162
6.067701057,0.793963579476,-0.165659104175
6.18733465904,1.0359307854,-0.0717439935866
6.51019292617,1.2452192649,-0.00832037405689
7.09062090391,1.41521918004,0.00553971341835
7.5925953636,1.53440980858,-0.0306037628211
7.78742482896,1.61336647236,-0.0847538142903
7.47202429494,1.71796144913,-0.124862674255
7.09188794137,1.88850598153,-0.115087725524
7.00787900417,2.0926170424,-0.0792980938844
6.97524745468,2.28571062345,-0.053386177467
6.82831657223,2.46808563642,-0.0466178124395
6.79437545095,2.64416167319,8.59389352934e-06
7.04862018557,2.77834644681,0.130849233587
7.51745790667,2.86746722847,0.338043261873
7.96658042609,2.90965835245,0.596792153496
8.25676396773,2.92756658032,0.868780640704
8.21911732435,2.90954399934,1.06595580027
8.14122744551,2.88446073474,1.24655580512
8.04836907176,2.83038174127,-1.48119450569
7.81505807667,2.74153732236,-1.46777955846
7.38495855857,2.67836406204,-1.50660603876
6.92971370183,2.65667821743,-1.51067843904
6.57590415171,2.64674267445,-1.53837612498
6.28636595359,2.6125469889,1.43116004197
6.12252172878,2.52179309683,1.170488232
6.12695101049,2.41066248663,0.975321894397
6.18401757749,2.27084772233,0.820480681518
6.77087718717,1.8079554257,0.499470519223
8.5337685949,1.30389042996,0.217281313975
9.70944868081,1.07410498305,0.0939545916319
11.133788673,0.876608629878,-0.0294252337974
12.4456002475,0.69606985011,-0.195928988513
13.3646761256,0.557181643182,-0.394137125021
14.0095858083,0.431753111724,-0.77021053155
14.4206404677,0.383848200053,-1.20701183589
14.5192925787,0.389688739993,1.53501967485
14.3055873621,0.445424262266,1.15117259929
13.8566646736,0.538846002072,0.884849933168
13.2837391093,0.630278808136,0.743558726587
12.6154216931,0.769891835994,0.618012042358
11.9181597023,0.917216447541,0.52951893289
9.38123221885,0.212066040457,0.898228604639
8.50624776867,0.250937510386,1.13119094454
7.48732656867,0.302187577663,1.24902558303
6.31189982054,0.373752738464,1.23801298581
5.1654531169,0.468817088687,1.24279176734
4.20085578086,0.603259247235,1.33301953371
3.52716717285,0.827853090202,1.50285122425
3.30857745512,1.17063326605,-1.44052425649
3.66374931341,1.50438746093,-1.2331835214
4.35385557712,1.7011033309,-1.0592906152
5.74815530273,1.84584512888,-0.933251181024
6.90771668403,1.91540138025,-0.895882873246
7.29280124535,1.93800695263,-0.890534706449
7.6864346303,1.96380871332,-0.902421285886
8.14769312199,1.97945696331,-0.923913950079
8.45561316168,1.99145529417,-0.957171872287
8.62478619146,2.01204550048,-0.992654546657
8.95273066735,2.04591618576,-1.01996599331
9.70030850808,2.07967979945,-1.01766048061
10.7388749235,2.04509075332,-0.975253900351
11.2311665262,1.96226806004,-0.9134418154
10.6920166515,1.85626611961,-0.841753458762
9.40325004343,1.71261386889,-0.803320953465
7.65907794372,1.56664374682,-0.817377059972
5.82255596836,1.49371964915,-0.821294107906
4.37619404376,1.5447927123,-0.756825550208
3.48129941735,1.76566328194,-0.655618675393
2.85055468475,2.14141636509,-0.467457134278
2.97407274731,2.61193331887,0.272051707709
4.41228138732,2.49985881862,1.24807841658
6.04708015631,2.36704506688,1.50594436901
6.77769701826,2.35716914371,-1.52572152921
7.07717663748,2.463238164,-1.47876264375
7.49911074011,2.58707056154,-1.49595178171
7.75416452231,2.63137030448,-1.49513051148
7.70048148109,2.59147351947,-1.43184449387
7.57973378432,2.50223891781,-1.38927199114
7.56103849443,2.4160862307,-1.35736647413
7.56360466265,2.30603087133,-1.30857206143
7.82104791951,2.19565452099,-1.19787601112
8.21757047641,2.05445397902,-1.09885999292
8.59755563722,1.88585862119,-1.04813194613
8.71805992629,1.69809566103,-1.03779833188
8.70557983687,1.5023889159,-1.03549730358
8.75780809628,1.32590965832,-1.0192297829
9.11099772671,0.97322636987,-0.970885879927
9.42753740668,0.794589236222,-0.93324455057
9.74280379256,0.647602200182,-0.88357351743
9.93174212255,0.537441282121,-0.8220464159
9.97981612269,0.450951923461,-0.747936110739
9.52416877792,1.60845227386,-0.511723654742
9.18790093487,1.67977302829,-0.507363199857
8.80907939262,1.75900019778,-0.502437604199
8.34563795284,1.84407358771,-0.511206974585
7.76909026928,1.9610744554,-0.537802583359
7.06221661876,2.1433517377,-0.576280874514
6.41780376941,2.41174961074,-0.617568427438
6.21139651261,2.73855131088,-0.65754163247
7.14896864821,2.99949450015,-0.357433792418
8.83212791045,2.68792664624,-0.459751512338
10.0716429437,2.58090960362,-0.498721246344
11.2713394015,2.50034670724,-0.54719760068
11.827277999,2.41677513048,-0.606356691799
11.5030392682,2.34743677869,-0.664071193922
10.6571649011,2.26773012446,-0.74368139261
9.58623667044,2.17057227894,-0.844100274849
8.41346389089,2.01596761341,-0.942428277299
7.25422193412,1.80926166004,-1.03999247645
6.4194450095,1.55168207068,-1.14413330018
6.28557086907,1.27948296874,-1.26599373028
6.64742055779,1.01080017383,-1.39592288912
7.52301808936,0.807356890298,-1.55008974076
8.36849242981,0.704471665925,1.46898009977
8.82059065316,0.652577700428,1.4298876458
8.84735046979,0.587222648227,1.44520492148
8.64748159691,0.494638237272,1.47804681734
8.46474165503,0.42536061616,1.55062091498
8.42843926097,0.415865834659,-1.44914900468
8.52974823396,0.454165846358,-1.29524486844
8.58861912885,0.470773499728,-1.20756648828
8.47877008186,0.477162120781,-1.09819282445
7.99687875345,0.551410131273,-0.706252832079
7.60651962543,0.600152473305,-0.582651377828
6.84550078817,0.615268943156,-0.574669047513
5.68010549437,0.652236068118,-0.606494649496
4.30316133261,0.787308417,-0.539397156551
3.1500150523,1.07102957377,-0.299188085026
2.68464170751,1.49238171178,0.0753179724488
3.02050915657,1.8754229248,0.465683577963
3.89853712808,2.10748767913,0.786481871484
5.09262000721,2.2396620317,1.02611435349
6.53010410126,2.33422855226,1.17455512631
8.10907211226,2.41212653567,1.23353932678
9.42483629995,2.45920963507,1.26451591315
9.9286444955,2.46468375188,1.34147360615
9.61858795428,2.42912587031,1.46752169124
9.11617649694,2.37719893623,-1.54381296972
8.83679933127,2.31651240172,-1.50063727287
8.5530512909,2.20322348429,-1.38280680845
8.37403784384,2.14615424433,-1.21188639348
4.19746653812,2.05826186995,0.348024836135
3.22495398235,2.13534512172,0.359729554706
2.40567778837,2.30398822994,0.348169890179
1.77067687185,2.42419641232,0.592221638472
1.50678426974,2.18216106707,1.26163335258
2.90483027779,1.4837500066,-1.13147774727
4.03168147937,1.26166108489,-1.00151574284
6.35117444489,0.980971935576,-0.938698002765
7.14951812548,0.921746818338,-0.877486768137
7.75595129024,0.878568200391,-0.81248417855
8.24007970638,0.847898083909,-0.798629821938
8.66827501507,0.845421310905,-0.794494023535
9.08957972436,0.87282700548,-0.789408283093
9.33964028433,0.914039224222,-0.744507838798
9.25906770169,0.959987647089,-0.668172826241
8.82497576883,1.02058226674,-0.614136903391
8.04182660127,1.08908251103,-0.588499224732
6.99639863524,1.16735911422,-0.595680576373
5.95698506128,1.26483905983,-0.619667830728
5.27351208088,1.38197686291,-0.6312359465
5.07053778055,1.49276042041,-0.608993051073
5.23482127128,1.56239481125,-0.534166249883
5.42021495115,1.6035398764,-0.436366137771
5.51695439111,1.63511487295,-0.360077898669
5.6170076434,1.70061761571,-0.305836954557
5.96964446522,1.83352435361,-0.241667171106
6.79564855229,1.98501130518,-0.142382498729
7.72041945197,2.09948702946,-0.0183672644773
8.01964709898,2.18270172216,0.125775791608
7.42358827126,2.26571903952,0.325683536642
6.50340472309,2.33442547767,0.64067240056
6.17335130004,2.30347596315,1.48493777318
6.67505117915,2.18926117237,-1.3584000566
7.60368923083,1.86759720284,-1.02273619341
8.08727854539,1.61589165645,-0.764290828887
8.09833224997,1.55930160352,-0.609052363931
7.93576867605,1.55963245593,-0.448744816598
7.6472328737,1.61390130386,-0.321455794012
7.38419246378,1.66479635868,-0.226886777381
7.21028369333,1.68619295818,-0.172896299163
7.11968216919,1.67353520172,-0.13663086942
7.12168604194,1.63929724776,-0.0926611194491
7.24913588703,1.60093183088,-0.0623787531861
7.59199947855,1.55430143475,-0.0587561279857
8.15238503557,1.51436627163,-0.0770784726877
8.73896073983,1.49236321529,-0.122495368079
9.16527314462,1.50428086242,-0.159773079077
9.36678908461,1.52860990473,-0.183184981
9.28171418128,1.55431671799,-0.169312057948
8.87967511537,1.5658623891,-0.135724883282
8.2881690102,1.88962897602,0.693332425182
7.58961469576,1.8820699698,0.698325147405
6.54431078966,1.89591269131,0.650537949435
2.96035130124,1.85546832962,0.254484013205
1.37580731215,1.35621908321,-0.40556413294
3.41429813333,0.440372657371,0.578348984833
4.59107682792,0.510152071876,0.469755956893
5.46649239315,0.631510546479,0.508450230726
6.31197758572,0.780971184428,0.51011191021
7.1588812396,0.922456997379,0.487632548128
7.83364251339,1.0215642675,0.452622441095
8.18325131042,1.10518167868,0.483816031262
8.3036112716,1.18553438475,0.502723645894
8.26640762135,1.292565574,0.531871971803
8.51315234485,1.42071616922,0.516558039367
8.81148365587,1.53367864706,0.53239698328
8.89296586993,1.58507863217,0.540184372836
8.66041102823,1.58303336966,0.556403768231
8.33193661005,1.55535350539,0.566381274249
7.94900887336,1.52501323886,0.552567447071
7.46144536059,1.51713774472,0.506875000515
6.99882291422,1.53476469499,0.430466881191
6.67980628774,1.55925243608,0.365078518315
6.484101059,1.57358371915,0.362837055005
6.44988130178,1.5548540362,0.365054157059
6.55507028779,1.53873771307,0.393434784938
6.76438315835,1.53660991434,0.406927086259
6.94357808436,1.54685501843,0.413825579692
6.92522343348,1.55259070601,0.467918448352
6.57899816184,1.53787929691,0.553019747054
5.78076663179,1.53307232343,0.688185598796
3.58255397243,1.58508741214,1.05091328703
2.8229434111,1.68476040934,1.4324476869
2.70787062774,1.85039793167,-1.13153533683
4.90968210519,1.96015042735,-0.0332111150984
6.77992523402,1.89942386413,0.272804554543
8.66665868548,1.85768574225,0.467535950596
10.1723285902,1.86065811305,0.571707409005
11.019179695,1.88672133168,0.600688181392
11.3339170056,1.91649104146,0.586723716916
11.1848278334,1.9701549727,0.550494153117
11.0025922238,1.96930921629,0.575263175984
10.6494733346,1.9554225174,0.607380198987
10.0896471949,1.9243766925,0.614520504152
9.42136199757,1.91234224726,0.590182167751
8.82831799059,1.92411809871,0.545377293587
8.37541035313,1.94441881297,0.510363450165
7.97878523343,1.93949504511,0.496964456685
7.49665413013,1.91660268573,0.486226482076
6.91453743851,1.87389443697,0.483407472345
5.99088702001,2.27811397555,0.448202834175
4.6126605087,2.16783125025,0.564147404215
3.0874128774,1.92126680672,0.776500806947
1.97022200984,1.4118499278,1.1358782692
1.91431710246,0.741008050806,-1.27378681029
2.87640694073,0.600389864774,-0.386414768739
4.23272046092,0.62484577537,-0.0126079468415
5.65532372002,0.687253300909,0.204168384569
6.85673868548,0.749390058788,0.350212203143
7.74755377851,0.801910896355,0.465918016239
8.22252149828,0.830417050784,0.572415738037
7.97712999506,0.847069452301,0.832009944074
7.85953615349,0.810779277684,0.936114822637
7.77478418296,0.769132395513,0.966873317758
7.51163818057,0.729250484229,0.95161146083
6.99154484904,0.699184322918,0.916776472109
6.22656331711,0.674302947032,0.861794037849
5.29412022151,0.659923727508,0.747118827143
4.34394408452,0.702426475503,0.535684295954
3.68573227343,0.858079944194,0.265983875547
3.61140862752,1.06118764327,0.065802042799
3.85426682648,1.1824068144,-0.0360894762803
3.86833307427,1.33747853499,-0.0468940329451
3.75629983038,1.42018259412,-0.0216522404182
3.67851042799,1.49623812663,0.0125275925985
3.58653902913,1.47115012531,0.0601712233255
3.39850869715,1.37561510381,0.118636627233
2.97184120636,1.19826972064,0.11832319427
2.29966560367,1.03442824113,-0.0211529147604
1.47330926634,0.975183120344,-0.497851523786
1.10208142128,1.37323270654,-1.31806380627
1.34738275908,1.68367134425,1.34825518344
1.5595090898,1.62511704028,1.1083865485
1.76351662037,1.57214125069,0.918481440534
2.04498434387,1.69758106321,0.773881313077
2.46111806834,1.98525018908,0.720835342156
2.95524774591,2.1646295239,0.717516367621
3.16600041017,2.21580407721,0.686690323265
3.05934944603,2.15970602163,0.577273674653
2.79948432278,2.03426536565,0.448099802518
2.50502323538,1.95119880314,0.363745386692
2.29095564007,2.00917875263,0.320312387064
2.3136537249,2.16174978637,0.289381420157
2.30715943986,2.23811714677,0.240686457469
1.89899942102,2.15467466768,0.185943943342
1.36107075331,1.94602358672,-0.189194014887
1.25629517452,2.03285067485,-0.507451130913
1.13431917093,2.14377249204,-0.934234960982
1.0158271861,2.08339877472,-1.25966504143
0.918755148796,1.87911117918,-1.29559606832
0.909658468848,1.71171660528,-1.31380269216
0.938168465421,1.65642454513,-1.46536598215
0.98310532145,1.65108961342,-1.49507701472
1.06855853739,1.67640690255,-1.26562980006
1.27303224665,1.74758612211,-1.0446521833
1.51934890977,1.82535443938,-0.95463691129
1.82754086033,1.84249264059,-0.835479772706
2.29947248801,1.81694518482,-0.665190319287
2.83847821695,1.83313830868,-0.545253132987
3.26262050911,1.8952170737,-0.468106428034
3.63798095346,1.94871460201,-0.389827691888
3.9919010005,1.96123928725,-0.301884673792
4.33815825041,1.96061861038,-0.229398884007
4.58698735272,1.96198716482,-0.19401603979
4.69484629191,1.98319164722,-0.195055818983
4.55322779857,2.00153970645,-0.205583599642
4.14391489206,1.97621528452,-0.207601263872
3.64805568229,1.88510502708,-0.223215980115
3.20545202965,1.7491173548,-0.280972590603
2.74057851523,1.61076590722,-0.391699117802
2.22601784157,1.4588835002,-0.542733527149
1.92240743648,1.25125649223,-0.713757818676
1.91770513145,0.964573566206,-0.869127022746
2.04014841451,0.707118407066,-1.06945223926
2.18320221741,0.539724631434,-1.35205698822
2.28212726085,0.503344674784,-1.56368884946
2.21803914676,0.552050025749,1.44758726515
1.95095971241,0.629787529151,1.16600259214
1.70070383574,0.724101587543,0.662571133156
1.71986076624,0.798974405268,0.160865373073
1.93810477611,0.83224390704,-0.156284633684
2.19025269505,0.942933236813,-0.285837457995
2.41658239907,1.1563120713,-0.30182924896
2.64417414482,1.36345330256,-0.300869650836
2.86848034762,1.48989387163,-0.318089032777
3.12930680067,1.55993494545,-0.339075110651
3.39187573075,1.60296388259,-0.346950608108
3.52059936256,1.6139659894,-0.351791832973
3.4871059228,1.60393134188,-0.365700027318
3.38226490975,1.61597589041,-0.384344399875
3.2820094179,1.67061317274,-0.398138142139
3.24329026411,1.73340803876,-0.40802971812
3.29190111309,1.76000717389,-0.421189678623
3.37983473373,1.74455570621,-0.435736281852
3.45094056163,1.71082430762,-0.442723185141
3.54678341398,1.69680988632,-0.435459542626
3.72184667582,1.72300862914,-0.414272046744
3.8874987686,1.75372376403,-0.382655359533
3.98362106416,1.75947807734,-0.325086063188
3.7828321603,1.66936318002,-0.266889901543
1.15337749449,1.53797505919,-0.333570309003
1.07832792044,1.98724357976,-0.217125159055
1.27833276257,2.46362806015,-0.138228904833
1.82321939584,2.67570162103,-0.0423264496993
2.44590167676,2.7219787471,0.0226963088799
2.92443508455,2.75218193247,0.0553218856828
3.30705453763,2.80038524645,0.0461130244021
3.68817387091,2.82098890662,5.61758977325e-05
4.00357255743,2.82831804135,-0.0839604025608
4.19934135816,2.84598111613,-0.188868608407
4.32278806395,2.8821422278,-0.314879066869
4.33067686609,2.92695992623,-0.36027543912
4.12077838713,2.97784920641,-0.275500135759
3.11345084272,3.00711920275,0.213985089308
2.49912848258,2.94596493877,0.313069236284
1.93509445551,2.83738586956,0.386510198213
1.47953762274,2.73206855785,0.541167365231
1.12643451618,2.66043266354,0.849631095349
0.854644110501,2.5320771929,1.21375566464
0.635252924024,2.26950534827,1.32971907332
0.470730975015,1.88655019801,1.1122554629
0.424113154243,1.46737710646,0.632445565712
0.453726089295,1.27702022517,0.175941443905
0.415381301841,1.35579305872,-0.146026128097
0.33300751101,1.76593814129,-0.438245642435
0.346530810341,2.30723787754,-0.803331231452
0.405703632962,2.46912320371,-1.2668727273
0.342220844591,2.31658593839,-1.11335351781
0.28523567977,2.13189789653,-0.824526992743
0.247174118704,2.02707313985,-0.485392045363
0.192781744972,2.18523879997,-0.164424038829
0.150403900092,2.65165562594,0.457659723467
0.163450516116,2.78240028348,-1.30401957016
0.179059051009,2.69732749514,-0.51425331245
0.185922282681,2.38979831464,0.0685704046822
0.227736723481,1.90678766066,0.264924614888
0.309024447715,1.58696305968,0.361818387249
0.386463041338,1.54666618717,0.402768966541
0.46870386485,1.5493075151,0.369275424184
