0.40074828450125854,0.4484181960771091,0.8592367710750555,0.8215060132850261,0.0,0.5701998510492111,0.2962866727007463,0.8087464721380146,-0.426870127784142,-0.2347849478182396,0.519618993508252,0.8215060132850261,-0.008429877476925373,-0.04684040627639321,0.03734039571670582,-2.3024201,5.095647,8.056104
0.44448410425007756,0.5061231264713671,1.1368549044347722,0.8220613921306716,-0.0011506988750840674,0.5693977023665279,0.29712751159955625,0.808189044082381,-0.4273411581933995,-0.23317404159293495,0.520167320098142,0.8216178098295662,0.05477881438899479,-0.07092513668738931,0.03671696545723138,-2.2879136,5.099817,8.057439
0.5136711004115886,0.5495395098432375,1.525047736021965,0.823236727096199,-0.002380770432054961,0.567693247354668,0.29853168905109284,0.8065086892871892,-0.42953151147124785,-0.2299878606275542,0.5224245294383043,0.8210835493450876,0.15651577230572625,-0.11242269453906562,0.03888939339447211,-2.2608597,5.118497,8.052597
0.6015598484464924,0.5862015358852322,2.0353149643947597,0.8252439125844065,-0.003874837560510362,0.5647631984967327,0.30048286852728445,0.8036243174421728,-0.433558250696985,-0.22478534117459092,0.526425279551016,0.8199682770953138,0.2827288796194641,-0.1874995384725654,0.04380224694964176,-2.213365,5.1552534,8.040628
0.6941858436259429,0.598136991696883,2.577363771573476,0.8285603200189583,-0.006251209721772323,0.5598649109089583,0.30311505415410084,0.7993069163502968,-0.4396640445043797,-0.21644951174242594,0.5322691723716216,0.8184370085775047,0.39738923537311505,-0.2928035177443087,0.04925507286175426,-2.139502,5.208154,8.023214
0.7898530437238043,0.5526781801567614,3.083784693370817,0.8330395136454056,-0.009416062601405302,0.5531333532436028,0.30597477252022165,0.7939663596459701,-0.4472936540371861,-0.20541735718625492,0.53926358758906,0.8166997566224635,0.5072719125595425,-0.41501754763315135,0.04661179542224711,-2.035872,5.273877,8.002153
0.8977467393798775,0.41460296003090236,3.5816350199499825,0.8393136668353808,-0.013443946769622907,0.543481213068679,0.30906158369018344,0.7867311970630404,-0.4578315363372039,-0.19014957609600072,0.5485290128211427,0.8142229797813214,0.6461301418455578,-0.5495135253080461,0.026632215036325346,-1.898085,5.3558397,7.974098
1.0193123037231755,0.17571139084680568,4.057951502110477,0.8468634412856578,-0.017594114506823334,0.5315192931103573,0.3117215391892384,0.7779114011733862,-0.47091218771673804,-0.17184034334355616,0.559636351375513,0.8107268656080618,0.8205537370256328,-0.6897368963794215,-0.013593799514384663,-1.7217239,5.459346,7.9331574
1.1135942104390297,-0.16183153172581663,4.383219790828815,0.8563626505652735,-0.021954434419352034,0.5159079506328096,0.31378397637998773,0.7663107547249376,-0.4882439943002607,-0.14865993546706507,0.5739481267425897,0.8052849007622088,1.0145250988084322,-0.821361004303254,-0.07115476101366947,-1.5060883,5.5877104,7.8729887
1.1417948682563144,-0.5767058002970408,4.448344928531301,0.8670289166903468,-0.025889333872103012,0.4975847666623469,0.31444136962626623,0.7525791346148903,-0.5087494725501678,-0.12239493320398986,0.5904280537657866,0.7977557230458059,1.2051313997429098,-0.9367108569163087,-0.15076284736670886,-1.2539628,5.7412004,7.788623
1.0944069590315526,-1.0290795422018169,4.269040155073525,0.8780887037720901,-0.029205407872869762,0.4776057709647461,0.313315044738652,0.7375753301825817,-0.530934148135798,-0.09481081791787915,0.6078009367973535,0.7884091133631083,1.3790392678938996,-1.0399073878291312,-0.2421490655541737,-0.9692764,5.9176025,7.677373
0.9602745809050912,-1.5116995316905375,3.9018583806136378,0.893123245890185,-0.033025220567805574,0.44859804107578055,0.3087914476552718,0.7161080245330682,-0.5620604003703888,-0.05658652204130209,0.6314125013954756,0.7733797376481868,1.5183555804638014,-1.1336441194518145,-0.3510342622383297,-0.65674895,6.111772,7.539276
0.8208940072135509,-1.940079840318525,3.3622718456003975,0.9067477240275946,-0.03571301160253697,0.42015847697393177,0.30126452716523383,0.6957015269008058,-0.5910277698636581,-0.02134738436780211,0.6526513754240864,0.7573575584475948,1.6092883158313844,-1.1972750828295924,-0.48630651931610447,-0.3245117,6.3172317,7.3747435
0.6780868534773875,-2.283934523135372,2.5891909921482146,0.920511877132699,-0.03717771978681378,0.3889417709748952,0.28977679661188166,0.673756282505934,-0.6214150260006222,0.01469360850711202,0.6744820643431902,0.7381450011673782,1.6724675907138344,-1.2071695896188015,-0.628825558258123,0.014689636,6.5293746,7.1829653
0.5338832102471618,-2.489602459711106,1.6431485847400893,0.9335540592320247,-0.036764366676161696,0.35654620995645114,0.27466768764305083,0.6507182089323457,-0.652072257145566,0.049198401700126806,0.6965461749483602,0.7158232627087232,1.7455348813790876,-1.1594696949621512,-0.766334522614948,0.34859008,6.7495713,6.9602675
0.3764297569098578,-2.5233841045562473,0.6266745510771733,0.9461457484890804,-0.03426222218540747,0.3219228521664085,0.2554035879649918,0.6251749089351872,-0.6841053245683025,0.0828869496735517,0.7200427995055134,0.6889616248050958,1.8274970866400748,-1.074436719423537,-0.8850462235452928,0.66812897,6.9802217,6.703766
0.204536085727354,-2.3566429922892422,-0.41283913712372355,0.957503188846453,-0.029866883701448882,0.28687211890812486,0.23303409638392358,0.5981511767895737,-0.7155312950793905,0.11361335528551131,0.7437448005453554,0.6587379427075065,1.8789398492953118,-0.959798695166383,-0.9748218783078904,0.9647934,7.2170153,6.415602
0.0140151290273208,-2.0101155950033416,-1.4402162799202036,0.9672701505919852,-0.024103716698130224,0.2526013986800035,0.20869295198581503,0.5709796845289018,-0.7446503919672209,0.14024537697069048,0.76635256104908,0.626925024553866,1.8728821877860498,-0.8390853076156511,-1.043108747662173,1.2314056,7.450882,6.1042376
-0.19114982886701065,-1.5492293233745649,-2.3433778056105354,0.97611222263978,-0.016865968964909724,0.21661132912223766,0.18096087872444025,0.5416196475467335,-0.7732891259890082,0.16468451240455606,0.7893678044825978,0.5914198852088062,1.8312140842132907,-0.7144208395838524,-1.0758902311907501,1.464206,7.6747055,5.777765
-0.39770060981956107,-1.0759972219192722,-2.969474250940529,0.9814609277031429,-0.011419314115072392,0.19132184051285603,0.1604537002584637,0.5205799510357262,-0.7920390642280352,0.17988323310006832,0.804907152986709,0.5654789983017033,1.7522463896369556,-0.6152500416950593,-1.0674747079423939,1.6655121,7.882286,5.4464583
-0.595186130967607,-0.5332985416978272,-3.368095437641355,0.9883274291566748,-0.00289694244482523,0.15231710508353438,0.1275426827874142,0.4880613837354069,-0.818293165304393,0.2003594883443358,0.8273702735298231,0.5247042080158899,1.6353664508062127,-0.5310111652956642,-1.0481149778693988,1.8369339,8.070366,5.1211333
-0.7484922465859543,-0.0019278919691792795,-3.625834084383409,0.9926488894853083,0.003554314990151598,0.12097747331025824,0.10038274313564806,0.46157538583880475,-0.8372253117760683,0.21470380916009155,0.844194201615345,0.49116028370703774,1.5093665718018985,-0.4590072282169793,-0.9901111096830828,1.9816132,8.238428,4.809198
-0.8587252565972021,0.5295763451465961,-3.84312575002984,0.9956473667892707,0.008869616256192585,0.0927774267430323,0.07557106262575672,0.4371655800598761,-0.8527895547640928,0.2262229983882517,0.8585329449568463,0.4601568617590682,1.3728827199351108,-0.39598927983002785,-0.8962995114334231,2.1018174,8.386278,4.5165496
-0.9662340355583097,0.979234808744586,-4.000864617150365,0.9971419711031172,0.012027322867220833,0.0745870831259473,0.05940416596864838,0.42115399382254676,-0.8620761063636442,0.23297672773510095,0.8673571244141556,0.43978797512193546,1.2232541054327342,-0.34007119495769633,-0.7962523530177701,2.1993682,8.513826,4.2491503
-1.0670555349492743,1.7500301896235555,-4.095400084555049,0.9992619132319787,0.01851986206294093,0.033654768950838736,0.022537609337343813,0.3844906890464751,-0.8807574699156048,0.24609053140813986,0.8859689545745285,0.3930629235648877,1.0404457999258292,-0.27312714210167754,-0.6796148697433511,2.3299499,8.705236,3.8209045
-1.1217576491726946,2.0326018270528925,-4.084731362675284,0.9996121977821854,0.021001554409461054,0.018286299720144374,0.008425296371772369,0.3710751823054275,-0.8867395209802341,0.2500300025487311,0.8923365897913172,0.3757930392451202,0.6174367396504559,-0.1502432807799961,-0.43360660823696595,2.3665757,8.767797,3.6733565
-1.1957199448924698,2.2406004639323447,-4.0708055468586215,0.9996882777634895,0.022757324941021864,0.010268956314851575,0.000832783542474882,0.36474801829202047,-0.8894003284426135,0.251473512591005,0.8954023096932613,0.36744492956239694,0.3587959854310241,-0.0719618143961842,-0.302946986743402,2.3840241,8.807263,3.580876
-1.2382993063471386,2.3831666638937343,-4.043658083716553,0.999676772325504,0.024618335308488663,0.006347317504328627,-0.0033049009981106197,0.3636315566151744,-0.8898516299210961,0.251241545319111,0.8963264960560942,0.3653443558801339,0.05541160459663666,0.011013234673076591,-0.1864755820557939,2.382997,8.822136,3.5496643
-1.2033401975968812,2.4736959463082426,-4.027806797487792,0.9996162904457798,0.02674004909696821,0.007227838522635675,-0.0034258268135940136,0.36809690450928634,-0.8880133372937244,0.24903356533795257,0.8950159332224108,0.370038866354718,-0.25561721069704074,0.1123702755152257,-0.07011564165356371,2.3603501,8.811038,3.5850616
-1.1048293236227216,2.5343443069198606,-4.0535935778807906,0.9994835260425942,0.029232445071715255,0.013347109222273796,0.0007442244857820786,0.3780896768682207,-0.8838112903701856,0.24452067873467762,0.8914196227004405,0.38155038191009133,-0.5545879297525597,0.22363288121371655,0.07071844984011239,2.3142517,8.774173,3.684079
-1.0161041010198644,2.571053683425845,-4.1422623161300045,0.9991778420944784,0.03211997343976622,0.024737566041341474,0.009089582301003499,0.3928941353583171,-0.8772834960859841,0.23742125093953656,0.8856375943097867,0.399095478735952,-0.8375415919859598,0.3519743298804383,0.22165644257679906,2.2396636,8.711217,3.843254
-0.9841684620888071,2.5463731560507328,-4.2651609196605405,0.9984825427106178,0.03536981577126995,0.042208862036841745,0.022062460963712713,0.41283279379941173,-0.8678462345313311,0.22700646776372027,0.8772065349257372,0.42305644857042424,-1.1018207296740905,0.4880187950329091,0.38492452924166903,2.1326675,8.621946,4.0573244
-0.9814556793665552,2.445809978723725,-4.3621505173772155,0.9971302900030838,0.03848124928672903,0.06519492473880077,0.03905522899331983,0.43704701804365936,-0.8553007352490922,0.21334833641869017,0.8659958025796789,0.4522540848480584,-1.3776346558148886,0.6293338531234691,0.5549194797602408,1.9902817,8.5026455,4.3241105
-1.0088001536393765,2.2265193794400764,-4.361604616863317,0.9948507884363659,0.040760649754391726,0.09279266231303196,0.059240506840440896,0.46485961078873184,-0.839327623289529,0.19677941842692287,0.8517342400408631,0.4856198562925275,-1.6348416766506007,0.7434520417199979,0.7069626958297957,1.8140976,8.349983,4.6366167
-1.0103251773321589,1.8966395998130785,-4.261667040090328,0.9910341898042063,0.04204621100065032,0.12682015131519314,0.08363691368681592,0.49723709181458803,-0.8184344175332121,0.17560312311876947,0.833288974281896,0.5242070473497659,-1.8487711153892734,0.8643745894621995,0.8624257980201107,1.6023529,8.164874,4.984764
-0.9321760150318652,1.4545194933539487,-4.019537384177221,0.9853178905654572,0.04207645537612974,0.1654636710417658,0.11052215072580739,0.5315240018271561,-0.7933106858544138,0.15017215855880522,0.8115445843816522,0.5646624747179504,-1.998242797768346,0.99065662311231,1.0083112441044522,1.3530548,7.952806,5.352501
-0.7410968014872328,1.0064349117406848,-3.617157326527323,0.9774622429208603,0.04061320878571171,0.2071669156411057,0.13850883329781294,0.5660766818605182,-0.7644914963310433,0.1210143726100399,0.787146801714592,0.6047771772911796,-2.100624792444647,1.1074507730738146,1.1343082206278274,1.0670929,7.717047,5.7248244
-0.5135005365401357,0.6352308233295633,-3.116155132083415,0.9670375057706984,0.03772473953763476,0.25182395926441103,0.1670518950220342,0.600876218538226,-0.7315163627527157,0.08755140497991917,0.759866305408816,0.6441567739226205,-2.1736402722889574,1.2219919930832661,1.2257679303110447,0.74588317,7.457118,6.0930405
-0.3246599471153337,0.28444530280847335,-2.5663626181612123,0.9540614744042031,0.034254108803357323,0.2976463658232126,0.19422652125897905,0.6344457100032811,-0.6955785031959236,0.050220330754453875,0.7308740312621675,0.6806622281319135,-2.2017176631101743,1.351517023288436,1.263458013546651,0.38960725,7.1777406,6.442601
-0.12143038078384072,-0.11232864359416403,-1.9290620852302105,0.9387517771586212,0.03092334202743703,0.3432037992204985,0.21874614242541301,0.6654918569562883,-0.6582898055636938,0.009912841872230009,0.7015660154133473,0.7125355160152052,-2.164460066985218,1.482239606587132,1.2591523877301354,0.00040740968,6.8869567,6.7610717
0.1783046197676989,-0.4861179112484295,-1.1419993405032962,0.9201006678930318,0.027738319354831398,0.39069853670338467,0.24116943652678732,0.6962357198284884,-0.6173879492915877,-0.0356141113163861,0.6699267756319204,0.7415724849039117,-2.131662639641551,1.5886453561066423,1.204310910704069,-0.41604766,6.5880265,7.041841
0.5702865241928905,-0.7239796391662026,-0.23682291405958358,0.8997185803640774,0.025110245998896503,0.43574757795485664,0.25885497069779967,0.7245873821413332,-0.5762308429759936,-0.08229321492419946,0.6381600342996888,0.7654930420324272,-2.103594913850699,1.6582338088440418,1.0994233385276724,-0.85094756,6.2807984,7.284677
0.9905649065885922,-0.8594460918933317,0.7023141078289639,0.8781920170514584,0.023917683475807926,0.47770987597520076,0.27153118564235673,0.7498590031729643,-0.5367094606901557,-0.12907016296054252,0.6076374995732015,0.7836565332757498,-2.003575685273478,1.7139840562856654,0.9556154747849753,-1.2951218,5.9755187,7.482112
1.3847036296362958,-0.944244806145267,1.6432485622457356,0.8552995178396572,0.024989633108601556,0.5175309198688975,0.27973617925520333,0.7721596057141423,-0.49959180130311814,-0.17642727334157815,0.5789585263916787,0.7960404775761291,-1.8230238460946162,1.758216703256961,0.7885912841101588,-1.7397324,5.6890335,7.627046
1.6841936873644425,-0.9146287116952955,2.598506546048369,0.8328351714182605,0.027847624684687204,0.5528201217829697,0.2835368870484043,0.7909457612910787,-0.46699720661775856,-0.2207716279321667,0.5533498788208979,0.8031586393167156,-1.647296823276133,1.7335186943843246,0.615025144821372,-2.1720567,5.428168,7.724031
1.8286356625831015,-0.7231948213916516,3.5289285767460323,0.81107621224728,0.031454563938512516,0.5840941605032901,0.28358564030744315,0.8077341482316307,-0.43728650219524595,-0.2620591686136612,0.5289805555160431,0.8071583264957719,-1.514890191259256,1.6080186674166481,0.44787948243819886,-2.5752976,5.1870394,7.7886214
1.8382082546476244,-0.4858016214420803,4.329527075999472,0.7914428389906611,0.0354781245316298,0.6102126967624654,0.28063129903665207,0.8220491440652586,-0.41177182195093215,-0.29815531509986803,0.5069144741567191,0.8087899133694209,-1.367928547503017,1.4401495638352224,0.2931855740807989,-2.9382598,4.9667025,7.829982
1.7641395790048877,-0.1520046290966813,5.409034208133304,0.7669780172775269,0.043860558024995736,0.6401726114594171,0.2715592425264544,0.8389124431236292,-0.3828266516075066,-0.3425025262223879,0.47954998891361206,0.8079132550368492,-0.9650358793208373,1.0278315091342525,0.06627836125336939,-3.5167663,4.6163864,7.8575563
1.7592139680387924,0.15039031718180476,5.751413531679817,0.7537330529969081,0.048514171683357775,0.6553875647018624,0.26509345819789965,0.8477335322518073,-0.3676249057487343,-0.36574138761720415,0.46419785345356107,0.8066929962711639,-0.7491759485067574,0.7691656492923673,0.0077749620864190905,-3.7180495,4.4915667,7.8576813
1.6760069058309195,0.4491507722506901,5.952165820294972,0.7468590102184725,0.05162241967446381,0.6629756742463762,0.2608682214234279,0.8522064147437987,-0.36023152600946984,-0.37779461062519565,0.4562157641632454,0.8056912614094202,-0.498536608391871,0.513818604478634,-0.0393526402453849,-3.8561523,4.405101,7.854257
1.5619529387266633,0.67080874392911,6.017855229205653,0.7436394863886198,0.05429648735507214,0.6663724227071304,0.2581610661951604,0.85410007457537,-0.35768796614023635,-0.38366352610999355,0.45298345570929593,0.8047411307908342,-0.2245917468331462,0.2684420051070413,-0.07363512698006634,-3.9323897,4.3631487,7.8471284
1.4452953203022283,0.815961922848104,6.004611524833275,0.7439866539249645,0.05596651989870451,0.6658465344446595,0.25731468873874647,0.8536925123150547,-0.3592673099332942,-0.3835330715031734,0.4540434924109138,0.804205751075334,0.035323145564218894,0.009930395543510669,-0.0743932832039735,-3.94655,4.36467,7.840152
1.3255591789544312,0.8974743416715746,5.960359881922229,0.7482781283335547,0.05560467042450609,0.6610506510734367,0.258464932518719,0.8512623201804399,-0.36417453989717885,-0.3767927500434168,0.45868386394914834,0.8047585578714888,0.2507220615972894,-0.27316453304666755,-0.05327701737958297,-3.8972168,4.4007826,7.8403807
1.2180405185947665,0.8450308773755798,5.841109717116924,0.7558909069156268,0.05358835930041475,0.6525007468116502,0.2610862647506009,0.8470582660748154,-0.3720228633338547,-0.3643600140463621,0.46633370604335156,0.8060860095374486,0.45611276108810916,-0.5405233944570411,-0.04768722811794762,-3.7861984,4.4681826,7.847928
1.1541120407137166,0.6272151761427259,5.601186986349908,0.7667227849535687,0.050653419105448565,0.6399768762744258,0.26523429751431515,0.8402749617258463,-0.3842701012685332,-0.34595423394453234,0.4783297740231446,0.8071655934805565,0.7010852646057413,-0.7556352661053943,-0.058622711472949285,-3.6194215,4.572792,7.8534303
1.1529517174156954,0.31364713548384426,5.371804296446371,0.7798301253623842,0.047426313776873986,0.6241920540497339,0.2704321832898126,0.8307546678925788,-0.4009836288753068,-0.3226890653731378,0.4945688342436508,0.8070151394388378,0.9841446735190853,-0.9482590010671086,-0.0845452556203159,-3.3992324,4.7206817,7.8462906
1.171465435991121,-0.0836472448386961,5.273131337348407,0.7959846038447207,0.04368235780015233,0.6037386537726259,0.27642311164272504,0.8174578948206409,-0.4235889613237968,-0.29270442932277985,0.516094079870631,0.8049664699708381,1.276655464476883,-1.143294391410039,-0.1263609802996588,-3.1234803,4.912305,7.8186646
1.134750642913403,-0.5794316644795211,5.135753167380521,0.8135425255946089,0.03931447789532598,0.5801749140362441,0.2819593259599972,0.8014723957595743,-0.4496839912091667,-0.25850540159518776,0.5402556995912285,0.8008112988746492,1.5373201368660039,-1.3363275387092473,-0.17394468168614263,-2.7918,5.140207,7.766394
1.0048490400371017,-1.1501692411030484,4.750698943221436,0.8323488049789782,0.03411473865928189,0.5532012757182292,0.28638421436564626,0.7826034046917101,-0.4791562869642102,-0.21993364229201906,0.5666534335289233,0.7940611306807859,1.7578637527406071,-1.503250045537187,-0.23133170263520675,-2.4105027,5.3945513,7.68638
0.8305967116059974,-1.7668694976736827,4.174287611743202,0.8542617763352314,0.027469541195673793,0.5191167901340457,0.28873085443815116,0.7584234555581819,-0.5152699393180387,-0.17247670998519787,0.5976295526389817,0.7830010870523821,1.9377106478766382,-1.650538565557528,-0.3198836119008073,-1.9866791,5.668425,7.5746107
0.6992331926943121,-2.3845557850650314,3.533366494292509,0.8756363371163433,0.020676367629999394,0.4825282302032735,0.2869176807715371,0.7327873365474586,-0.5520649585570321,-0.12372774496265823,0.6275512960389424,0.7686812186897106,2.065165093507988,-1.7793679961186306,-0.45796040784705383,-1.5285095,5.954895,7.4289627
0.5583557694225243,-2.9183908801092153,2.754799385219702,0.8965367795296324,0.01384760065980074,0.4427528056450941,0.2805412941761332,0.7050707863709966,-0.590124159036366,-0.07330732291458797,0.6570941002691286,0.750235549543342,2.180325174198112,-1.867738868648182,-0.6087511760268973,-1.0454788,6.249814,7.24469
0.0570449951967795,-3.1810793345946378,0.620211030632288,0.9324577571440407,0.00574580955130681,0.36123332738620056,0.2525904663455017,0.6492870178982797,-0.6623437017971366,0.01858459765801254,0.7104348484212739,0.7035175469585184,2.2768297911036064,-1.8531528661439194,-0.9260778567922238,-0.06600342,6.8464556,6.7508607
-0.28551146819278356,-2.955854920653577,-0.5799792644927907,0.9534920026469407,-0.0005190103178354354,0.3014178686087092,0.22463885095339747,0.6083827357031004,-0.7095650697088759,0.07972114117686188,0.744131772101269,0.6632589580238504,2.2383995816131437,-1.7732763811522494,-1.0650605932930932,0.3987198,7.133826,6.4515824
-0.5339950108321185,-2.6157284816273076,-1.6906086256179504,0.9675652027792803,-0.004525474493011624,0.25258087507035043,0.19695711613850192,0.5757539272220884,-0.7441707225502492,0.12455139693498185,0.7685343233142108,0.627568277886568,2.1434780806523412,-1.6439958466788045,-1.2013045045506254,0.82914734,7.4024186,6.1284437
-0.7176822933608891,-2.123965709546138,-2.787928210063262,0.9789997292865023,-0.00650420070635716,0.20375776164388745,0.16497696985662755,0.5438321357940759,-0.775308946230335,0.1639915790931678,0.7908503842488606,0.5896290628182762,2.009286014495521,-1.4478488255611868,-1.3073114875254668,1.2096786,7.646643,5.790666
-0.8179924110945764,-1.5177323618515806,-3.737147153232747,0.9873089397558867,-0.005793312925641923,0.15870568673948976,0.13185385891786858,0.5140926416812878,-0.8014973925521125,0.1951022966449442,0.8106551775911487,0.5520627472385101,1.891066766295283,-1.1989425220801073,-1.3606315733173067,1.5289749,7.8684006,5.4438157
-0.8998991894795012,-0.8539590925684432,-4.418098018863765,0.99363802743021,-0.0023302665871833984,0.1125968041386367,0.09468969219613244,0.48319022436526643,-0.8256123932450739,0.22131056984730899,0.8303795324265812,0.511362360563301,1.7534828742361934,-0.9449884809662811,-1.371579385254829,1.7851837,8.070267,5.096568
-1.035032978311358,-0.13784896069625793,-4.869757457620145,0.9972633345175588,0.002779649030511783,0.07387905777815176,0.06121353370212705,0.45700181390078415,-0.8434909602321207,0.238683812230486,0.8464709252223321,0.4759380322398819,1.5751008954943886,-0.7063267871595091,-1.3322788105166534,1.9794693,8.249617,4.766945
-1.2151412330775744,0.7162242013748016,-5.173932796412344,0.999213810220038,0.009183126187473412,0.03856723556309774,0.029139675143423284,0.432581785366404,-0.8579619064457137,0.25076647293628185,0.8609415900895478,0.44260112347934427,1.3771124457185677,-0.4979299855110304,-1.218834759271591,2.1173217,8.406771,4.4647264
-1.394077359478168,1.5943788656613826,-5.317584516985608,0.9998248416663634,0.016165425227193327,0.009432126698473167,0.0015305891726598748,0.4120737456909866,-0.8684858317895566,0.25757092133042525,0.8728024538824389,0.41457580366175334,1.148458345311721,-0.3090629622907835,-1.0671065803673918,2.2053406,8.539279,4.2011046
-1.5324450740592483,2.2789691476951224,-5.307327927273181,0.9996599801911026,0.022777314895075333,-0.012693223802317728,-0.020152510916005596,0.39660887506528647,-0.8754256285564421,0.2605460690733652,0.8816599502642016,0.3934354813569089,0.8873662373056432,-0.16371463100841305,-0.8859559137141146,2.2518907,8.644757,3.9873626
-1.6046830967368557,2.6990894247402473,-5.214513182436611,0.9991496599894412,0.02906257897598208,-0.02924591332561962,-0.03696625349573634,0.385488337457445,-0.8798335026566093,0.26101478055401406,0.8881745156573811,0.37817630024780285,0.6150633045641234,-0.048397317858094036,-0.6899809505940828,2.268289,8.722623,3.8305695
-1.5821966725080803,2.9497294249193056,-5.106525843687258,0.9985893416090009,0.03476792656301865,-0.040131260974601096,-0.04864425680057187,0.3789746505558039,-0.8820922316439704,0.2596968722481507,0.8923801970398556,0.3690733239826963,0.3381559029691399,0.04208325212646463,-0.47968794252163743,2.2622573,8.773288,3.734218
-1.4965440820602884,3.159060806182565,-5.003196658218019,0.9982536050734783,0.03918848789047391,-0.044204099070822754,-0.05390885567579279,0.37821790258519933,-0.8821109953140778,0.2572143345093308,0.8937516795459824,0.3674897569071249,0.031224728587495955,0.11595012639594578,-0.25085692888256966,2.2399933,8.794375,3.7038147
-1.2794926331205037,3.511206859019807,-4.726046816795317,0.9982454215967848,0.044415137487261405,-0.03915831741847228,-0.05171119384192418,0.38825808937828016,-0.8778703566438407,0.25127469492982124,0.890593372663941,0.3790837272358072,-0.2953625454330577,0.17129508556317893,-0.017606477455223882,2.162393,8.7360735,3.8551545
-1.2322478360179914,3.3996875764877212,-4.719289204722716,0.999022269054633,0.04371144463710819,-0.006619330832510324,-0.024301334222120198,0.42487778132827314,-0.861953055971613,0.24041114403648853,0.8733156421126742,0.42370068570205793,-0.9628940694748221,0.2994068130024394,0.41311706970272255,2.0246367,8.538261,4.273703
-1.1858334557001036,3.1652110653125183,-4.817701816525256,0.9990178933682926,0.0413791615788135,0.015843412416958823,-0.005039143190599442,0.44741885088382,-0.8508029933656324,0.2329805891124265,0.8612894128514231,0.4515535321607807,-1.2316668297992692,0.3795700639260954,0.6454075586040615,1.9187424,8.390343,4.559993
-1.1624959329511257,2.8879726559609793,-4.839315966389704,0.9982673836019248,0.03749192449946964,0.04534960235651795,0.020294098088496897,0.47217263138934945,-0.8370877554712204,0.2222710735359006,0.8468884586093715,0.483089545057064,-1.684469314684483,0.6174195838599714,1.1363396661199425,1.7744919,8.210454,4.8875794
-1.1911132113546037,2.5258192485662305,-4.771625332431235,0.9956263820674184,0.03204205159692235,0.08775770200275246,0.05562963372613716,0.5055561561335338,-0.8157162934851772,0.20383655976221673,0.8258596295359506,0.5257437866556738,-1.8825241941196609,0.7903739323619574,1.3180062036722449,1.5828186,7.998488,5.2467375
-1.149151137655303,2.037209939832037,-4.633524715569367,0.9917598943390743,0.027651750195384996,0.12509073783330588,0.08551461876242133,0.5325490362228013,-0.7957094498661537,0.1846551262599629,0.8074691181412093,0.5602643194012759,-2.0031709172584713,0.9924774506635454,1.4803422271681208,1.336557,7.759917,5.620137
-1.1108341219328877,1.1748884858684068,-4.430758565970286,0.9822323880494467,0.02158014073693081,0.18642380049890633,0.1318433100128982,0.5724408777880496,-0.7609228197736638,0.147512151380461,0.7779280769576856,0.6107929864332309,-2.048226250795014,1.2326715543381113,1.6125002730009763,1.0288147,7.504463,5.9871583
-0.9425577337189281,0.23470130729569263,-3.9417960490472725,0.9709061342002413,0.017760719578939124,0.23880082791393706,0.168184158076324,0.6039564353653581,-0.7287149427335368,0.11036088168546584,0.752570208043346,0.6491983963005465,-2.094226309421257,1.4862844429865838,1.6542361854313066,0.6576065,7.2327895,6.335791
-0.6614231878559647,-0.5390198900957534,-3.173019516935387,0.9595996664804763,0.016200967302170237,0.28090213375663947,0.1946556889536601,0.6280992000268222,-0.7011956305438987,0.07661878252669577,0.7320103929492529,0.6769714519670733,-2.1408525477864417,1.722472116969893,1.6292155856725814,0.22721405,6.9432817,6.657309
-0.3338376689199128,-1.1464566156738016,-2.1951403572881185,0.9400523275654091,0.01586267222075147,0.3406611176358026,0.2279406023308783,0.6609186527683474,-0.6597760005048099,0.023411959616984356,0.7022453510177878,0.7115499610855142,-2.1464820642640814,1.9221610771658666,1.5572277219776214,-0.25273284,6.639374,6.941858
0.06706304705396787,-1.5914738981701035,-1.0111183316503092,0.9141523030060632,0.01712687895446756,0.40500893437798413,0.2584339366226446,0.6942045606306779,-0.6126717579679224,-0.03976177899829022,0.6694625838381165,0.741780863713593,-2.069045310224792,2.077373460624147,1.4440077888178033,-0.7672882,6.3333178,7.1783266
0.5363404146677146,-1.8774423328655432,0.38420414825058424,0.889779321763001,0.019647420027705115,0.45596791274083015,0.2781304318990428,0.719399435071659,-0.5737444294112527,-0.09412109313880662,0.6427382371931719,0.7602820386384055,-1.9565663506437736,2.1586329150030044,1.2782137015398114,-1.2990844,6.036621,7.362207
1.0329739007537049,-1.9983196432092336,1.9083773416603107,0.8638644863259884,0.023447201355387748,0.5031782765713723,0.29193056371325316,0.7428086830923557,-0.5358045920882695,-0.14829446030607593,0.6162164441804643,0.7734895260855924,-1.8590069472400506,2.1293801938560484,1.0590892942629615,-1.8269898,5.752191,7.4983473
1.5213636923945875,-1.983867343561997,3.3219575133370527,0.8368722954251779,0.027915645054172874,0.5466859042549054,0.30021457799807094,0.7650531875514291,-0.4986377261951328,-0.20156730953990634,0.5891112030145705,0.7825078978563531,-1.7522173668074257,2.000502874236798,0.8322722802356171,-2.3291688,5.481496,7.5947266
1.9387506842620605,-1.8813576053017862,4.442485547537871,0.8131385145842727,0.032038305917533524,0.5811878380124774,0.3036063580896843,0.7829027713951844,-0.4679328845886688,-0.24594880129641558,0.5657745801007729,0.7870249752407164,-1.5786700732422465,1.8143237829267465,0.6425668694460918,-2.7883224,5.232892,7.6555147
2.1937101849232192,-1.5888799015220842,5.27165540336491,0.79421230531224,0.0352338304793091,0.6066179945240441,0.3040098811665956,0.7964088350530336,-0.4442811207025982,-0.2799281404893849,0.5469799160105149,0.7889570378945135,-1.391757214618534,1.5690899843855468,0.48473400906221553,-3.1910203,5.011737,7.688739
2.251287034937986,-1.0016220744697264,5.834363024533035,0.7752890757193207,0.037373019142169873,0.6304998862097287,0.3025440177033631,0.8100081086049478,-0.4200342080787665,-0.3127806593691527,0.5266998636992223,0.790414772574386,-1.2171095169276942,1.2563843651423896,0.36804863063382504,-3.5252533,4.8141036,7.708623
2.113753254469663,-0.36208970135326035,6.122281686150935,0.7598928359532001,0.03769332002454486,0.6489546143549105,0.3004630162269602,0.8210858543791748,-0.3995181475583209,-0.3385216743665473,0.508964058420202,0.7914282426224796,-0.9942185506590953,0.9389630805675131,0.2931082833818323,-3.785092,4.64451,7.7212234
1.690578789433643,0.21340144335338498,6.25010880379709,0.7396823253971389,0.035895663485375734,0.6719981836567912,0.2969852312837531,0.8353724819129582,-0.3715203136736056,-0.3708887260800274,0.4842714290616502,0.7924157594730946,-0.7257938656392713,0.6331439716630893,0.22365983572698714,-4.079808,4.4239287,7.7340364
1.4528729413149062,0.3143637677608161,6.137600706373757,0.7371414882773027,0.03035594829103455,0.6750562514810717,0.29802094169564464,0.8386803938921007,-0.3631438693163448,-0.37406410268944684,0.4772337527490153,0.7951880232474774,-0.22452645245340613,0.02433853257121557,0.16129253831426943,-4.1189666,4.3714495,7.747397
1.1938359279791966,0.38778694460726293,5.888598667546278,0.7386687196105785,0.026507644285649137,0.6735472273443747,0.29944267138982944,0.8389228487017221,-0.36141014801375576,-0.3710975521150112,0.47595521073690905,0.7973413598871133,-0.028004571837464718,-0.2640759730548996,0.15528857376611757,-4.0923448,4.348366,7.7735624
0.9642250301742112,0.33270355097111326,5.58328243964688,0.7451229509349304,0.019382808860084713,0.6666454040272948,0.30299069704784637,0.8369629846622427,-0.36299360107024653,-0.3596781909309124,0.47780306189411914,0.8014585659990607,0.18917660841085443,-0.5030715250349556,0.12023481113558523,-4.0068083,4.3588057,7.8072815
0.8752758390893358,0.10152384293298647,5.346444660272119,0.7538943315872617,0.013255035614395429,0.6568619648232477,0.3067098119704444,0.833048608926969,-0.36882768472026506,-0.3443546851883647,0.4831754741240501,0.8049604412602038,0.4200239524222544,-0.7128738508439552,0.05737732261599987,-3.8666444,4.4074755,7.841655
0.8947008644078562,-0.21324173524366094,5.223451024576417,0.7662616214916422,0.006811089467328603,0.6424925964470469,0.3107194067966751,0.82681829057729,-0.3793411646749996,-0.32266852260463014,0.49218625848059905,0.8084786400907662,0.6249361332689151,-0.9231587889003099,-0.016027339979200195,-3.6728883,4.491124,7.8740554
0.9432378100913574,-0.5084710526833353,5.166004499095343,0.7813473674457377,0.0001894458432961663,0.6240963511316889,0.3140726030918897,0.8189169159565449,-0.39345678207081414,-0.29586095627182146,0.5034901873778629,0.811765930406129,0.7946051919391103,-1.146017815535408,-0.10043278384374588,-3.4243515,4.6013503,7.904483
0.9610895979730718,-1.2293317428839408,4.897708675316079,0.8162094212990206,-0.013535084732088106,0.5775975952720145,0.31760836915821133,0.7988853382715025,-0.4300952159065513,-0.23071015630738745,0.5307680677481597,0.8155109331183158,0.9715612440365425,-1.3550836011887544,-0.2095229420731397,-2.7656417,4.898183,7.935356
0.8745446848628291,-1.7322313955583029,4.5529433833358635,0.8406942179035884,-0.019517883776969933,0.5411582801698067,0.3146386417818832,0.7829208446412889,-0.460556435992417,-0.1830456199248957,0.5520783767079755,0.8134517607072946,1.3431020067278288,-1.7118529293771878,-0.49683338322592374,-2.3610764,5.0865355,7.9190826
0.6480375071359301,-2.5742225574063866,3.448071228384102,0.8819951740221614,-0.025434828261364024,0.4705715487712071,0.2977659510639994,0.7534784840981911,-0.5173783596153386,-0.09837642980510644,0.5894369521792128,0.801801819319763,1.56233961259326,-1.9673037775023297,-0.8360082594139342,-1.439592,5.517642,7.8005233
0.37866238023031795,-2.9471852700722976,2.6178149964555515,0.9129870882570471,-0.030790598433699756,0.4068249202347537,0.2757932102940999,0.7280909139014942,-0.5638230935851919,-0.027275721646217534,0.6184785487551291,0.7853281605408201,1.6023618540680453,-2.0665970156575546,-1.0178291040067948,-0.94100034,5.743222,7.6988387
0.14117993924306688,-3.148591287770747,1.729774036402436,0.9346200052576621,-0.03442923244998033,0.3539775045466494,0.25313928761498067,0.7074754617397205,-0.5995612785296962,0.027742241916765796,0.6404807633761619,0.7674729700507512,1.6567359858644894,-2.111792663342054,-1.193800240048418,-0.4301651,5.9751616,7.559648
-0.33199684317293826,-3.0751942882566334,-0.32956829529126563,0.9692878157133841,-0.04039046853784554,0.24258965427418833,0.19491931415009886,0.6627411695542915,-0.6684724061315317,0.13330852256838943,0.6840981612431405,0.7171042766532548,1.748413894327444,-2.0841437465059043,-1.3653682063570398,0.5702988,6.472911,7.1240783
-0.5551605661840635,-2.7992086130285703,-1.4336991413363767,0.9801213254772556,-0.03930797797741709,0.19446611584549814,0.164154490044179,0.6403472154268562,-0.6979136778310204,0.17297562312474551,0.7051314341212549,0.6876547785180502,1.9917083840005425,-1.8543146602469276,-1.5499522648522586,1.0313613,6.7323103,6.8272033
-0.8064988814050447,-2.2858061121428186,-2.5172354186517714,0.9908954688674262,-0.04034362636451082,0.12844672666037316,0.11995349725822363,0.6088802015283589,-0.7341326946080804,0.22444555496017443,0.7317398956605794,0.6435688913840258,1.9917083840005427,-1.8543146602469278,-1.5499522648522588,1.4561005,6.9886627,6.4891677
-0.9699869592376271,-1.5920464282981603,-3.357041453260823,0.9961745302142051,-0.03826662640841468,0.07856189060751455,0.08232078642813521,0.5830335637023853,-0.7598486075058403,0.25776389323883897,0.7528649148863737,0.6056006896260027,1.9990545505863462,-1.559853586016243,-1.5974879123449677,1.8354706,7.2339873,6.1245956
-0.9962365366198358,-0.7712359395709857,-3.9634889306156595,0.9991112930539666,-0.038057740422704454,0.01811718758387139,0.03525403037651192,0.5508521289126431,-0.7870157813060901,0.29527263183735775,0.7764684250123789,0.5566963785104374,1.9990545505863462,-1.559853586016243,-1.5974879123449677,2.165259,7.462387,5.746872
-0.9913832460833736,-0.039456542094750885,-4.368860688543847,0.999143391411931,-0.036228612531581,-0.01999927578443453,0.003106042434319372,0.5288093150446956,-0.8027613689214065,0.3149680593468549,0.7920289719588846,0.5229581524070821,1.834229370119213,-1.2021481023813727,-1.460445710185022,2.4432907,7.6723084,5.367813
-1.04164186570015,0.6588330215267725,-4.596789590804465,0.9963151461122707,-0.03548076548194218,-0.07808485709854675,-0.0469069248446993,0.49432087233197536,-0.8231168630205453,0.3423338066167372,0.8139699578752075,0.4693191584880461,1.8342293701192127,-1.202148102381373,-1.4604457101850223,2.6745224,7.8668213,4.9976454
-1.125303888559086,1.2881890954129154,-4.752329991780068,0.9934016928964418,-0.03469509988837635,-0.10931297541563684,-0.0752270480286146,0.4726749931709623,-0.8336629994703769,0.35432075799170176,0.8268254536435082,0.43682544530211725,1.631789613171183,-0.871559720413245,-1.136756374831903,2.8572068,8.048205,4.6441603
-1.0736453976227025,2.03261050708586,-4.779419839744015,0.9875252571573516,-0.03498683524570535,-0.1535245512476648,-0.11590256196351337,0.44131454217375155,-0.8460985909493529,0.36946293149226356,0.8436971573103579,0.3894512151727923,1.6317896131711833,-0.871559720413245,-1.136756374831903,2.9954743,8.20708,4.3252
-1.0619160729736827,2.6754221889018304,-4.7202723973829945,0.9845143061414869,-0.035195598910722735,-0.17173482704466883,-0.1331723402909743,0.42690572594111065,-0.850935593068202,0.3745421177027059,0.8509306098371405,0.3682869795539409,1.1346301807006829,-0.5327823875103711,-0.7102494960523504,3.0953002,8.330813,4.0641646
-0.999768422597749,3.277317569708443,-4.531761670291982,0.9789799420761344,-0.03617400571309384,-0.20072297906138728,-0.1608992662305799,0.40361107193813506,-0.8574871913595123,0.3817861438235901,0.8617913615497199,0.3339984873357862,1.1346301807006833,-0.5327823875103712,-0.7102494960523505,3.1604905,8.412084,3.8820846
-1.0351269025721088,3.500890580202932,-4.389691868642864,0.9776970277600523,-0.035799450194020796,-0.20694666287467844,-0.16696425813377622,0.40003069838288735,-0.8580053213514189,0.3829010162815451,0.8635575761380103,0.3281084034663008,0.33620048439778316,-0.1726493835122775,-0.3490396613011718,3.196637,8.45591,3.7794235
-1.0267186523362188,3.4572833511806538,-4.251632267013744,0.9771980397662287,-0.03437738122224324,-0.20952848669653823,-0.16973497691958978,0.4003780802269233,-0.8572993555894721,0.382624705634581,0.8638430347453064,0.3276790288682965,-0.01235766917583134,0.00833987323139785,-0.12881709686674106,3.2019868,8.467089,3.755278
-1.0005255023820574,3.3304938687579844,-4.114544945152252,0.976672816345302,-0.03290529950009231,-0.21219672730027136,-0.17259951011835292,0.4007330856452201,-0.8565612399509913,0.3823373161685255,0.8641382271808985,0.32723584918175325,-0.012357669175831342,0.008339873231397829,-0.12881709686674106,3.1809554,8.446315,3.8075821
-1.0592644230328558,3.1917465592908036,-4.032448628162244,0.9791647603235274,-0.031063231335796162,-0.2006774720778307,-0.1618003548477191,0.41211266245564837,-0.8532634723372865,0.3790111542778289,0.8593958803164741,0.3432044082293531,-0.7066439782558132,0.33687379519589666,0.30636671079557964,3.1341567,8.391748,3.9366698
-1.0997789966768627,3.0916573949155897,-4.017043321185425,0.9827634995845855,-0.029117307664093022,-0.18255981561848034,-0.1447806022682767,0.4292542872396906,-0.8478526338364437,0.3738476917635679,0.8516466025952726,0.36733631409238904,-1.0664988685161498,0.49513927091153337,0.4990539056793596,3.0607789,8.29973,4.142192
-1.08618560920595,2.951635221610197,-4.12078867803381,0.9875067077421141,-0.027199864766720323,-0.15521169260401643,-0.11940095655236149,0.45349958038234317,-0.8391402128235984,0.3653158290129763,0.8396942169367507,0.4018183260075865,-1.3814613210896982,0.6583261931015651,0.7020984510014554,2.9560883,8.170613,4.4139376
-1.0285405218426942,2.718569822213131,-4.287737007083012,0.9919526660140255,-0.026100343910039844,-0.12388979149003866,-0.09085812042407981,0.4791141133448284,-0.8284136786394926,0.35430718392435545,0.8258117220259447,0.4387498366770487,-1.644870306017792,0.8239318224037957,0.9167136857121603,2.8137696,8.006755,4.7398834
-0.9857053472916881,2.31872253217991,-4.4063501585879035,0.9958665556521652,-0.02603898545663553,-0.08701594434287792,-0.05780134255825799,0.5085560004103059,-0.813698072908711,0.33984676145250436,0.8081894139950223,0.4809719844612855,-1.6448703060177923,0.8239318224037957,0.9167136857121604,2.6258912,7.8135834,5.105075
-0.9220573109600585,1.8393247843669027,-4.346925028162354,0.9984422700180889,-0.025915223626146552,-0.049410875579503695,-0.025633401334715068,0.5347254135652519,-0.7984274641028436,0.3222288118414419,0.7913094788854156,0.5196132229315807,-2.014014313234994,1.1922503624950924,1.2760806477282562,2.3868592,7.5930786,5.4957886
-0.8538033277530488,1.2818164572675068,-4.148213757191143,0.9996023928353238,-0.027856088711751683,0.0043697322090851184,0.0192930157457125,0.5710544278149015,-0.7730455191168533,0.2944744707727269,0.7651468400012763,0.5725688598755471,-2.0140143132349944,1.1922503624950926,1.2760806477282562,2.0948288,7.3475237,5.895808
-0.7074998909037844,0.7945357750165253,-3.813153611687613,0.998595156353982,-0.028464261691303696,0.04469339450898804,0.05067859160290493,0.5945573358250777,-0.7536630609098112,0.27003793882610616,0.7470260852016902,0.6074796619005327,-2.1662368558560554,1.5652091109452788,1.519964922827414,1.748465,7.084616,6.2879577
-0.6131516627004923,0.16337064676806148,-3.3677055476801017,0.9935157711682457,-0.029219314737625467,0.10987558457742241,0.09816871518022266,0.6288120639478998,-0.7204394812915659,0.22571831561987568,0.7185030852062209,0.6578788327213976,-2.1426224351738705,1.7572761728623048,1.5883174347488769,1.3474472,6.813826,6.656514
-0.4510369826974911,-0.46965067929478943,-2.760691789571945,0.9857231100724383,-0.02946339910734396,0.16577653145774823,0.13559279987860012,0.6557434750383597,-0.689702720145362,0.18322553686676069,0.6942155114692521,0.6960554764351564,-2.1100240183700896,1.936330058494726,1.5913148734885563,0.8961487,6.538539,6.99106
-0.23308343923270614,-1.0553319170521083,-2.009000152133139,0.9738898682882595,-0.028903499396251208,0.22517351568985244,0.17158812357605846,0.6828552588145722,-0.6544776283167704,0.13350660870914643,0.6680620071303331,0.7320308327249435,-2.087438609444326,2.081403689600079,1.528777017575596,0.4030655,6.255484,7.2868514
0.03980042845659637,-1.5271966406081752,-1.1128331777668692,0.9569662384905052,-0.02724353489735442,0.28891764950523674,0.20564221319951143,0.7103519815432815,-0.6141547826713993,0.07518612906975031,0.6396322274710678,0.7649952023221502,-2.0194365553056786,2.193553517711167,1.4242892171233623,-0.12067719,5.96913,7.5354357
0.3641382235383972,-1.7906911163224557,-0.04087735560576353,0.9364710478933529,-0.024594641962278604,0.3498815228677754,0.23356397658598413,0.7353038813308888,-0.5734551643775524,0.014874934652856109,0.6119669390471301,0.7907434488077406,-1.9195484025917289,2.257196341284497,1.2890871871988447,-0.66165924,5.6874633,7.730704
0.6917877035929286,-1.8254631055232429,1.1065102887009868,0.9203469061467175,-0.022220102361176768,0.3904713041917734,0.2491547599506056,0.7520324505252545,-0.5444665770836169,-0.02795166914334192,0.5922632676794728,0.8052595394962636,-1.8653954439429146,2.22644825921546,1.1144596599824013,-1.2023361,5.408696,7.878433
1.0662807511404147,-1.7436912173091426,2.202518446200468,0.8910611653781015,-0.01887761130832882,0.4534905019361618,0.26845584777733017,0.7790533990755025,-0.4950575863404925,-0.09842004274037608,0.5576671287671255,0.8242092384095272,-1.8346718113695224,2.1158601564604007,0.9446311908141906,-1.7256378,5.128778,7.9878054
1.2756911947008098,-1.8077849948436369,3.0956060066770834,0.8748426845104301,-0.017574903220945362,0.4840882152411471,0.27544229429205114,0.7926178941262109,-0.469002314531896,-0.13439546904470426,0.5387989294983592,0.831645099469525,-1.7500011081145472,1.9473497236252852,0.7820575348705467,-2.2155502,4.854097,8.063136
1.4389177571345693,-1.8459627956080096,4.589166503802481,0.8402828367386681,-0.01423162798075744,0.5419614516249609,0.28133913880978495,0.8203539003844289,-0.4146595250419755,-0.20716287389079194,0.4969847909966201,0.8426681797714649,-1.4349165066234801,1.490351981705405,0.46814684817917995,-3.0432403,4.3616104,8.134378
1.4221345975057662,-1.471250943990455,5.046808319145382,0.8201562946616812,-0.014196408484323554,0.5719633854653356,0.2815403038697606,0.8355496480794073,-0.38297075280171833,-0.24647673476801418,0.47121486444213456,0.8468800214592849,-1.2778338192088812,1.2089398447368402,0.35889259281085967,-3.3648057,4.148877,8.149295
1.2391353571231407,-1.0242713807211077,5.241677033629308,0.807196837812105,-0.015284280949504262,0.5900844480089227,0.28013835167107365,0.8456085005834164,-0.361308071144686,-0.27103874800455635,0.452740504420134,0.8494492525969549,-1.1144286253079851,0.9256748953408552,0.26688659474340604,-3.6213303,3.9570909,8.161331
1.0097910083069719,-0.6411415570772053,5.294900738186127,0.7969689963801417,-0.016862846821001025,0.6037847821914041,0.2779586219343839,0.8538933831396697,-0.34304496692538855,-0.29018200664740385,0.43657690980959235,0.8515838213817788,-0.9081160869659569,0.6687188979355788,0.18623416946482546,-3.814856,3.794394,8.170833
0.804504000291208,-0.3643023700146327,5.275237417301556,0.7902610566062335,-0.01870282909527186,0.6124848296859543,0.2759030392459258,0.8597848386558006,-0.3297306457742343,-0.30268550725851223,0.424406236752247,0.8533819952995568,-0.6783619360506845,0.42368962521706094,0.1259797325592302,-3.9475007,3.6673324,8.179747
0.6333836882180555,-0.19999759818235816,5.166384191145591,0.786861754230578,-0.020727461312073026,0.6167811216928852,0.27428583006119606,0.8636354975740247,-0.3208983723360418,-0.30920655702971284,0.4159656223276065,0.8551981677549585,-0.4475142936085153,0.1870121060856891,0.07425789517874534,-4.021487,3.577643,8.1916275
0.4861182513007438,-0.14750645077073873,4.977310723868451,0.7864822045276955,-0.021956865611528046,0.6172225190429892,0.2733022387543447,0.8652127342117583,-0.31747057416379526,-0.31034660244513956,0.4123231408667659,0.8565480802946929,-0.18609807596477687,-0.000671787117638583,0.012394907287259884,-4.0433197,3.532228,8.203712
0.36699143976310555,-0.10150809360853338,4.7751912688519065,0.7890677908213216,-0.022230842062650608,0.6139037474633499,0.2727452335809976,0.8647324285195962,-0.31925322118290683,-0.30634124203661056,0.4132261495713917,0.8575541923038267,0.05988027148204711,-0.18321473650235579,-0.05793949984382819,-4.016809,3.532344,8.2156315
0.29345730180439344,0.02496012202278544,4.527762277176952,0.7939159095190993,-0.02189156399548661,0.6076333500049951,0.2725719080900563,0.8626225974205537,-0.32505624736309374,-0.2982824239611783,0.41765898901915366,0.8582473795167349,0.26604282486284814,-0.3432975736014393,-0.11282899336793943,-3.9461913,3.5706468,8.229601
0.29626056031604003,0.14527172721833073,4.278216285401043,0.801308717506848,-0.021652373855345915,0.5978591087822943,0.2727912303573912,0.8589296914403936,-0.3345138030222737,-0.28547902291216887,0.4251733372054766,0.8589117305094113,0.4273883897886039,-0.5008179334470958,-0.14322115705270666,-3.8351226,3.6393218,8.246312
0.34467253962070526,0.11304191498829144,4.132072614199591,0.8105585251913715,-0.02196782390269064,0.5852454971655653,0.27320223255637704,0.8541054777700678,-0.34632228859775804,-0.2689077973357625,0.4345517279613215,0.8595658161292004,0.5659239658590146,-0.6723620680582298,-0.1693185301588327,-3.6826935,3.7319932,8.266095
0.3974365866669075,-0.12789040939788196,4.109647600309345,0.8217154185869648,-0.02274146614308202,0.5694441118969557,0.2735532583956399,0.8479451597004585,-0.3608772306088398,-0.24823063029051975,0.44604537141769307,0.8598982967900469,0.716143058374781,-0.8480486777818795,-0.20519425556550272,-3.4881287,3.8469834,8.286415
0.42672900390803065,-0.5215607953695808,4.136101966254929,0.8352109150334261,-0.02399798851268274,0.5494058827100164,0.27374549695662914,0.8397261890627318,-0.3794707958570235,-0.22210548012008352,0.46072300264676164,0.8593040617457707,0.8994612846528628,-1.0260765803055003,-0.2439693208117245,-3.2473252,3.9897704,8.301535
0.40537903644451,-0.9605311483385431,4.137477483794637,0.8506971797066344,-0.026005231416898776,0.5250124154514175,0.2733777266377997,0.8293543226641117,-0.4018840388307483,-0.1905645681839838,0.47824269814381476,0.8573033693069075,1.089711558324908,-1.2198358354004435,-0.2879527789071705,-2.9579988,4.1609178,8.3067
0.3111720490049907,-1.3625396337855058,4.053446036014082,0.8669983738112174,-0.02907973335470026,0.4974617461842912,0.2717861246696306,0.8178254485669768,-0.42587391646296047,-0.15555519679703392,0.4964224075943566,0.8540300779174341,1.23707275223386,-1.4362177634968813,-0.3446535573650945,-2.6174011,4.353114,8.299934
-0.05263663649596312,-2.10456246634037,3.4670640016570458,0.9013780298961303,-0.03873249836972529,0.4312973925154313,0.2612791472312558,0.7939907285969512,-0.4747490755487617,-0.07568737943212797,0.5299448411276134,0.8446477881087038,1.3706518144446367,-1.8773576873990367,-0.5211144421541928,-1.7885376,4.759053,8.24678
-0.28551398291821733,-2.581243021761874,2.881560336428303,0.9233968773166424,-0.04805260902389027,0.3808269340893191,0.25063702322346415,0.775420585347351,-0.5098811165550904,-0.01636220126848533,0.5530312865031517,0.8329998046328214,1.3706518144446367,-1.8773576873990367,-0.5211144421541928,-1.3125503,4.9630404,8.193483
-0.41945410319159354,-3.082356179250849,2.2377204410505693,0.9399883328950577,-0.05350237369906181,0.3369858009319327,0.2360451176150806,0.7611629325702662,-0.537576457019212,0.031269939559418015,0.5701171198336427,0.8209681239564314,1.4701357327700149,-2.1526967084074613,-0.8478403123010099,-0.80929565,5.173842,8.111223
-0.5838222910788851,-3.5136567036230986,1.482016861197025,0.9566837189930384,-0.0613677649241174,0.2845878761329576,0.2169358252972036,0.743930064533228,-0.5688423871305845,0.08680486854325294,0.5890299533441257,0.8034355163052015,1.4701357327700149,-2.1526967084074613,-0.8478403123010099,-0.29006806,5.393805,7.9921646
-0.7402886190378546,-3.7328071019284126,0.7028157684844077,0.9660319109396719,-0.06303286505929821,0.2506176469617863,0.20049499582092317,0.733246262811684,-0.588410086023073,0.11951033114516309,0.601302090405877,0.7900335922118097,1.6033646037342155,-2.2262985116624066,-1.2327238680044939,0.2319458,5.6207,7.8323946
-1.0189021867758843,-3.7127792829054154,-0.3386953364077513,0.9828682811446348,-0.06922788079185943,0.1708140580890802,0.15946011403678806,0.7077012685341674,-0.6307187496473514,0.1936027911317671,0.6280760612022124,0.7536832362542663,1.6033646037342155,-2.226298511662407,-1.2327238680044936,0.7433487,5.855684,7.627701
-1.1515916992700237,-3.4939177074483014,-1.3141267794996196,0.9904864963687721,-0.06722035696781589,0.1200746606084495,0.1264147468127559,0.6915309529849458,-0.6556515899944214,0.23396174761324556,0.6460709965749929,0.7265357307375541,1.6869908391213844,-2.0661402030698803,-1.6301097996955183,1.2263062,6.0939026,7.381308
-1.2681024507004077,-3.0124112383133914,-2.368615473645399,0.9965150092388237,-0.06190794995557711,0.055903864750527985,0.08003292781754706,0.670018348911165,-0.6846494703112835,0.2795137169031905,0.6696791748506509,0.6880420661807783,1.7084349244214174,-1.8982860978955491,-1.7521112304122006,1.6681321,6.333473,7.096742
-1.3526823923013,-2.24918412040028,-3.3384077419139824,0.9984386883939356,-0.05561402496962755,0.005221661122286211,0.03997613908389513,0.6514255077382451,-0.7057772104440099,0.3109647359379768,0.6895598276168162,0.6540704680232023,1.7245159102337086,-1.6746216167290002,-1.7933600230999385,2.0555053,6.572577,6.781633
-1.4032278755468184,-1.146732813643141,-4.143726789929851,0.9972652137668744,-0.045349623963479045,-0.05835670498650632,-0.014298255606520621,0.6251209471053125,-0.7301329440499046,0.3443830554397876,0.7164747071518186,0.606683035149057,1.7233495919204334,-1.4213055940644936,-1.7559636643764702,2.3808045,6.8098373,6.4474688
-1.3982292390889783,0.034050734526094,-4.584502464082971,0.9937181245692878,-0.03630428179210323,-0.10585975640467837,-0.057539973831484195,0.6025622939669066,-0.7467814860526638,0.36471288148770625,0.7381779890025326,0.5675189605899623,1.6916614000983283,-1.1649878857569178,-1.637909109736236,2.642505,7.0429473,6.1079893
-1.348093697608086,1.1408303235675368,-4.695327391318418,0.988603334870617,-0.027439129816157246,-0.14802209442386477,-0.09779931028373587,0.5796224490957331,-0.7606233404402624,0.37907283322413665,0.7588705047791817,0.5295463568825829,1.6151346512136815,-0.9329350687930542,-1.4526622430126424,2.8444276,7.266055,5.778157
-1.2610922092672041,2.0513145274126914,-4.626119724922941,0.9832111503871154,-0.019809232303375557,-0.181393021006865,-0.13102658559956312,0.5586831422373006,-0.771219770918893,0.38753776489505576,0.7765808443152118,0.4967259536432712,1.501103921340678,-0.7157409479499102,-1.224695765564205,2.992302,7.472951,5.4691668
-1.1371126386018597,2.724576600212079,-4.511942350792951,0.978359305811281,-0.013336715948787816,-0.2064829308688023,-0.1571284368122194,0.5402903978151546,-0.7794047055181947,0.3915378111076562,0.7913073165959922,0.46960714770398826,1.345235536023878,-0.5048680866810087,-0.9684197308990887,3.089807,7.657936,5.191869
-1.0009396328190905,3.1534814042161385,-4.380156951029305,0.9743412782340122,-0.007696297018426815,-0.22494408314404812,-0.17734579096027903,0.5240876025784047,-0.7861013992243664,0.3924156933289941,0.8037032495566087,0.4472929803621699,1.1450324495303015,-0.309793095471636,-0.6979465384843793,3.142514,7.815997,4.9568877
-0.8975937623877197,3.394208384885882,-4.203231587763008,0.9711919101641866,-0.0026025669942645923,-0.23828449441094574,-0.19298178707381403,0.5093057937959364,-0.7921113513098407,0.39102862090031826,0.814559578645516,0.4284732319219427,0.8798429105068839,-0.14184443176517217,-0.41748877857248673,3.158406,7.9397125,4.7764845
-0.8462093205073264,3.494208697170595,-3.9434524212946847,0.9693266292838245,0.002196122883679812,-0.24576627678658466,-0.20338027480378654,0.4963458246997779,-0.7977167672388787,0.38732663626260316,0.8238372494916876,0.4138481160902733,0.6124980103776555,0.0020953776987451267,-0.16922190447260876,3.147374,8.027997,4.6542816
-0.8157439739333796,3.3847707825667372,-3.620004298105403,0.9694181695872793,0.004271940205280998,-0.24537759270343448,-0.20465586522607057,0.49217857303067925,-0.7999693642185722,0.38447085062114683,0.826899913630027,0.4103884718913361,0.3265978720822543,0.12340886572881439,0.044941568902607296,3.1172118,8.080358,4.5926347
-0.7877057095358095,3.0110767464755877,-3.2754406540009864,0.9710594366472651,0.006258346582266214,-0.23875594986586954,-0.20027887236797612,0.4911751201790932,-0.801692041378907,0.37982463772513125,0.8280328528379788,0.4124255559467323,0.05483358452461312,0.22008892656781293,0.2203656172800863,3.0754457,8.098818,4.588977
-0.7084842791971073,1.6649093144085592,-2.885407185034777,0.9754459954158068,0.008053038565342199,-0.22009147779305804,-0.18506782063538155,0.4965226889895528,-0.8020535366757434,0.3716010622334759,0.8253107380051958,0.4251762414343863,-0.17567153540958252,0.30269063841659277,0.3642371182913989,2.9656386,8.055077,4.724173
-0.6541765417251126,1.1427047737427407,-2.8701016080403834,0.9801148988418852,0.008003007790048955,-0.19826935450158412,-0.16585518456964257,0.5074763777361478,-0.7993963587616486,0.36428555114545197,0.8185894733497974,0.44408029831051504,-0.545375424256757,0.46181519483249817,0.6076534836864924,2.894722,7.999826,4.849672
-0.5889418200099006,0.9889012638337861,-2.8837122944303912,0.9841398952650534,0.007768847558836958,-0.17722390232499188,-0.14730087159627575,0.5196559845568287,-0.7951948601138367,0.35709289548353,0.8108288915248982,0.4637253202745068,-0.7614951139683478,0.5557487899329819,0.6910988590961007,2.8089738,7.9190917,5.014763
-0.5114221098083647,1.3185367336797476,-2.9616444733091796,0.9922294110618427,0.007034438159858377,-0.12422283406703008,-0.1015391630647221,0.5529791912307407,-0.7797298038680613,0.3366118914517415,0.7882226334788685,0.515167462680747,-1.1593865066533642,0.7898043736216315,0.8903988712700279,2.569255,7.674693,5.457753
-0.5297863596617796,1.478188391858971,-3.012479516087979,0.9988409233374463,0.003309529831633024,-0.048019338590741104,-0.03814241028299534,0.5973072790893439,-0.7522259803376256,0.3014187679087146,0.7540975916616173,0.5835096816699286,-1.2950125737873988,0.9329508672685161,1.0273144365578593,2.1903367,7.339485,5.9979095
-0.5740648139538214,1.3646410625147303,-2.9654703115577266,0.9999960190969617,0.0009482056650595909,0.0026575733756520753,0.0013531585215287717,0.6235219265245161,-0.7316374311880067,0.2731934650022089,0.7318993883996788,0.624250443283994,-1.5222842637348653,1.2632228640597325,1.2715285435773742,1.9355255,7.1419616,6.2866273
-0.555777636996382,1.184611827343638,-2.888782008486055,0.9987879215210685,-0.0014219934749554993,0.04920026176944667,0.035935839067180494,0.6461352763167862,-0.7108393452671158,0.24443216152634603,0.7113539811798469,0.6589601140214333,-1.6183419304391105,1.4384449738283893,1.3674685557874644,1.6336625,6.9252596,6.579248
-0.5186663439418346,0.9071210064073839,-2.8050158144580934,0.9947416966747978,-0.004025271138955853,0.10233647486992668,0.07324120408621823,0.6698443302951279,-0.6855793563152891,0.20830659418962097,0.6883604739628204,0.694815242134772,-1.66612222941834,1.6303446862884583,1.4560467311289018,1.2822021,6.694978,6.8651915
-0.4858905087387492,0.5408755940508659,-2.630833856130827,0.9876338603208787,-0.0060568561763649,0.1566610112342528,0.10863753743211815,0.6922085958705719,-0.6581184542875166,0.16768195775109254,0.6653303974132245,0.7274738643571476,-1.6931410251884615,1.8304495313286717,1.4967338632195335,0.87970275,6.4547043,7.134656
-0.42825795698361663,0.09775038523922644,-2.266752673596724,0.9767045106804003,-0.007220432058885879,0.21446716340140187,0.14306238761380133,0.7140564374879188,-0.6274801287232242,0.12051541494108889,0.6415552999965973,0.7575505473615955,-1.6738462007378967,2.015776151437272,1.4932090729935674,0.42998353,6.209677,7.376218
-0.2635510291761475,-0.396468600331749,-1.6637775237191303,0.9623846220451401,-0.007142070099749498,0.2715968153085083,0.173798560435193,0.7334784543344457,-0.5965552547987659,0.07023084424494859,0.6193507746615332,0.7819669087901356,-1.5848277318867752,2.174031314859614,1.4578949958941312,-0.058633424,5.970343,7.5766234
0.010196348210748413,-0.9113547894919675,-0.8219480188705913,0.9434842538733718,-0.005365508851733248,0.33137391871988037,0.20236109427292276,0.7516920766446379,-0.5639891524174473,0.013907648021532597,0.5976936323990483,0.8016039540297568,-1.4516874356108371,2.2897511735013105,1.3754969254574259,-0.57398224,5.7454925,7.727193
0.39625192560341344,-1.3426857576629854,0.1484544235805947,0.9218015269908914,-0.0018557350204775553,0.3876577112412386,0.2255831567263315,0.7677122318615542,-0.5327334446622887,-0.04262282102866335,0.57801221382573,0.8149142137647601,-1.3445430945062284,2.3507928380669494,1.2421907265190828,-1.1021332,5.5354905,7.8282256
1.0920564050354042,-1.5570854112461405,2.0856667223994663,0.8722624032171763,0.005086329812637819,0.4890116861413785,0.2595201259892044,0.79667783078724,-0.47119899485132444,-0.1516335849748899,0.5393190566191841,0.8283370153959415,-1.288037287589867,2.299074492444533,1.0816068220599195,-2.122209,5.1364045,7.921115
1.3417054773255968,-1.4665385885839337,2.803867946207946,0.8445449057698532,0.00823791001158063,0.5354213658202591,0.2711987358119019,0.8103779318814792,-0.4402426692447428,-0.20480990855706974,0.5192802190296802,0.8296993163076202,-1.2471758716766468,2.19441723932724,0.9205780034399963,-2.5879273,4.953874,7.9232574
1.4378225461586938,-1.3919266866323092,3.373262400355392,0.823118482749966,0.012565970306671947,0.567730622518855,0.27645698527983253,0.8198264110918725,-0.4189641339976726,-0.24389877098340612,0.505272713466692,0.8277758600845947,-1.017549666777612,1.8889051572121853,0.6260377293184731,-3.0135713,4.7940598,7.8989472
1.452385538705555,-1.2344954750895265,3.8743447111728226,0.7998863011193349,0.017189954272631418,0.5999053348268661,0.279989499999636,0.829456418548831,-0.3970927904511909,-0.2840163786429487,0.4903328902380175,0.8239589512914933,-0.9083414046934527,1.6717430348968436,0.5032375987447858,-3.3914216,4.652466,7.858345
1.384258808331712,-0.971072989372851,4.270840797906492,0.7811192169400518,0.020057971612545692,0.6240596499548351,0.2818407099353795,0.8369520844683074,-0.3796732504897991,-0.31468972434728637,0.4779823679088106,0.820062944753947,-0.7976087463411222,1.412673918517794,0.4251654557880685,-3.7129683,4.5256605,7.8116593
1.2501420255752793,-0.683971398650347,4.5033614944904325,0.7646154354367785,0.021433047448024878,0.6441303131889674,0.2829488381947841,0.8435402992410371,-0.3639429531269654,-0.3404640483398966,0.46643810011606707,0.8164065963404035,-0.6899799262454304,1.1377191452728432,0.3650003026737172,-3.9748702,4.4127226,7.767053
1.041561575822464,-0.47002393958623345,4.549093371683653,0.751303143629284,0.021421959859575523,0.6596094950866999,0.283703484541727,0.8488753269839011,-0.3507103743932739,-0.3604210342433561,0.45652604061831,0.8134375528043434,-0.5728428096755318,0.8779718027301852,0.3154499049438586,-4.1793547,4.3154817,7.7290316
0.79914004751178,-0.30391305846060124,4.450484048244064,0.7403396570001856,0.019649632240838655,0.6719457450015204,0.28468728102089014,0.8534421801269192,-0.3386212512754586,-0.3761234673244765,0.4474035131489666,0.811394622702034,-0.46337513924840756,0.6254331340018587,0.2910229186212929,-4.329811,4.233569,7.7017317
0.5313932809846793,-0.15403234764297466,4.327447489128903,0.7350585580010764,0.017026941364960694,0.6777897901098342,0.28578428215063967,0.8558941041140881,-0.33143231771901693,-0.38321758887550306,0.4420155248403171,0.8110280854425358,-0.35204951994249134,0.3679228571178634,0.27924588182758425,-4.4278307,4.166527,7.688826
0.353006981109792,-0.08165915755839967,4.124858103688488,0.7311042731513399,0.013137440765232126,0.682139244897984,0.28768910386016616,0.857773735594042,-0.3248598969638917,-0.3879365658385855,0.4373704477628303,0.8113028487002288,-0.2163240193793738,0.17587018201119653,0.25048924630090397,-4.4816604,4.1201158,7.685939
0.19566566797588736,-0.08532783748019898,3.919395979600532,0.7295324625690393,0.00882072335258206,0.6838893045643363,0.29042367663298324,0.8583509723989504,-0.32087762596193925,-0.38882813736113625,0.43513880028407315,0.8120756763280176,-0.057555431753386586,0.007013768406505097,0.20831699804947024,-4.4962997,4.100142,7.6889696
0.09148861964030372,-0.1470904678796124,3.7529642895133803,0.730433219696522,0.00501684453309297,0.682965696674953,0.2932210631561572,0.8577641077810628,-0.3199013881406949,-0.38616087254321885,0.43530889683589274,0.8132563832225225,0.07396962264160692,-0.1458264343160829,0.16356250516304727,-4.4764557,4.102423,7.6984863
0.05474023479272572,-0.21155767878123907,3.6856439417733884,0.735052086895289,-0.0006919276695956235,0.6780102881129321,0.2974179454954792,0.8556939342925601,-0.3215668066240379,-0.37740659808974975,0.4378301217418215,0.8160079927389585,0.1772761020808228,-0.30897483494434297,0.12103635679422371,-4.4222155,4.1216326,7.7170534
0.13492480552154124,-0.2946467924248274,3.7674541442827807,0.7392267113277567,-0.003726008509021785,0.6734463498454355,0.2996410245450209,0.8539287952094743,-0.3241845519637222,-0.37017682550541103,0.4404113500994019,0.8179284568728239,0.2897284759338904,-0.4778408435576941,0.07072112699684399,-4.3309736,4.1589127,7.744333
0.27317414758380687,-0.4541682336660199,3.9720917288630577,0.7493616527819282,-0.008628390805717878,0.6621047229948154,0.30306231976510833,0.8497361106825511,-0.3319284970455171,-0.3532671570418309,0.4470159673793458,0.82181448068496,0.41207930726656444,-0.6603231385346591,0.0001979954570822673,-4.19897,4.215543,7.7794356
0.43319311270748306,-0.6487589129294077,4.234500359862015,0.763035820257755,-0.013617861036204815,0.6462127288009532,0.30614390426855886,0.8439300084518686,-0.3437045320094655,-0.33042681337686813,0.45634061887034844,0.8261787703461256,0.5482654843177488,-0.8512874797032556,-0.07462177706344875,-4.022725,4.2936325,7.8196473
0.5943709174400038,-0.7998931430304134,4.491895238424866,0.7741029859463908,-0.017009931696877305,0.6328311223166493,0.30763675477048813,0.8392207581741092,-0.35375542508090085,-0.3117671727480207,0.4638382358849852,0.8292498543429544,0.6765495573501384,-1.0620976729781777,-0.15524536945106432,-3.7983003,4.3909407,7.8637266
0.6129614351861676,-1.2325576387434656,4.655995891214438,0.8114708206073369,-0.025593578562751802,0.5838322327854194,0.30789306870447125,0.8220006244365126,-0.39190762467696405,-0.2462831219813728,0.4907273077423013,0.835781869427126,0.9838758767655433,-1.4872779279601132,-0.33759836426644696,-3.1942337,4.6467085,7.9435716
0.4599048047037664,-1.630800412362644,4.498355049274581,0.8379607051465167,-0.03206544415355586,0.5447877237251115,0.30527516301593705,0.8079584528237342,-0.4220011468781616,-0.1957380080470797,0.5110950554286908,0.836939947978411,1.1611005989562067,-1.692910388119683,-0.43976615789832374,-2.8120773,4.8086653,7.964395
0.29772020370850505,-2.060127798606031,4.222165597867063,0.8607033087121349,-0.03798344543702913,0.5076879674019431,0.30049138229500716,0.7945365698973281,-0.44999035864386805,-0.14912166895400003,0.5293978875274157,0.8351650163469995,1.3214436087521781,-1.8940970798628944,-0.5487071791676441,-2.3778367,4.990143,7.9639482
0.09053733695891528,-2.4899294458234884,3.812633385010542,0.8841367946787435,-0.04453868971406616,0.4651004551854924,0.29218365524764756,0.77945288104108,-0.4807875543866509,-0.09749045073014576,0.5487042890213392,0.8303127213442055,1.443533338245112,-2.084937347860486,-0.6776281839783564,-1.8960159,5.1851516,7.9379334
-0.15786317727287358,-2.8670714194478597,3.2193240978506226,0.906796699135446,-0.05124567244217704,0.41844190456144476,0.2795791683233408,0.7638274968958964,-0.5123258711363222,-0.04349932591717568,0.5674425412380906,0.8222632005860471,1.5095774457866722,-2.255393477939228,-0.8414501839023103,-1.3749497,5.3863707,7.884227
-0.4471055754548287,-3.1292601951257857,2.3151970022440946,0.9298503853261512,-0.05809498942002538,0.3633224918899132,0.2604221260539069,0.7462255634936746,-0.5471768263188087,0.016883659819421346,0.5874019938042471,0.8091191752182728,1.5607898518535377,-2.366380477560232,-1.0243444539078808,-0.8268738,5.5917463,7.797751
-0.7045914792069394,-3.22114190649029,1.1088354982016975,0.9491109709663279,-0.06345004739903863,0.3084841264577719,0.23742775000976446,0.7283635720992603,-0.5806800538802065,0.0736787007867601,0.6068891356682281,0.7913640287871613,1.6584098934292018,-2.379268823132968,-1.178884904609924,-0.26980743,5.8080916,7.6671934
-0.9487177136634664,-3.1434162996363444,-0.24344068373876623,0.9664351775002309,-0.0675616905577727,0.24786783909792212,0.20762587480684588,0.7075984815450642,-0.6166608789570038,0.13256847376594513,0.6288102325979005,0.7661744521605659,1.7576217787232464,-2.3131074846273156,-1.3094748206972446,0.27759704,6.037575,7.4866686
-1.1610760872585664,-2.880563824150466,-1.4871962738056455,0.9797271224417303,-0.07021482349195343,0.18762900659024168,0.17379179979681186,0.6857609721239327,-0.6508479500200004,0.1869897865784326,0.6509144031567085,0.7357616866068111,1.8247936137145238,-2.2001881829785805,-1.4053258085084193,0.80061644,6.2753477,7.258397
-1.3182527574347336,-2.432555045725949,-2.5167298119992436,0.9890482587520871,-0.07150754310771262,0.1291131795680199,0.13700007266201084,0.6634256551098247,-0.6820352885613156,0.23564133052498099,0.6725507578367584,0.7015330651377879,1.844940526385026,-2.048957868742357,-1.472314963011596,1.2877182,6.514035,6.989217
-1.4004334562851832,-1.82779884002834,-3.393018630931323,0.9947564905050661,-0.07144656880125577,0.07317726699305206,0.09823898037273682,0.6409014695642478,-0.7096965292686205,0.27790649919033866,0.6934773183572301,0.6647233910671689,1.8198976447545436,-1.8529595260289944,-1.4994647507517052,1.7274978,6.745955,6.691153
-1.4048515340943963,-1.08493429483873,-4.175291103519904,0.997356855300454,-0.07018557321260271,0.018795970259828133,0.057321124901022216,0.617950229925811,-0.7341161737660682,0.3147264440086983,0.7139138956172876,0.6255191564502157,1.7358840340088597,-1.6278304526938403,-1.482123557366517,2.1113923,6.9645004,6.3783326
-1.352700104171331,-0.26615319136706483,-4.817929792091535,0.9972313012044979,-0.06775363322517648,-0.03064599619482242,0.017333131594163748,0.5961295598640421,-0.7539256362637207,0.34413264310514474,0.732637852922892,0.5872090772578393,1.6069247120335155,-1.3793322458201664,-1.424366319453007,2.4341552,7.164926,6.0662217
-1.2718362425598468,0.548779779726417,-5.261618345854549,0.995313404784201,-0.06461634881501598,-0.07194410137529025,-0.018104355727273695,0.5769702076161043,-0.7686692178286724,0.3654321917938216,0.7485645428607759,0.5532724811269779,1.4516564489648347,-1.1303004766994669,-1.317166072269656,2.6950684,7.3452744,5.7681885
-1.1673577978537204,1.326165795892156,-5.4675888266094494,0.9922154472016548,-0.06123578978601311,-0.1084374676193812,-0.0508825266412299,0.5583230599187059,-0.7808720022230472,0.38176081505579396,0.7634375974896547,0.520981491827839,1.303401589883127,-0.8931173869330018,-1.12747203060709,2.8968658,7.507646,5.492551
-1.0998148216629469,2.001911408208122,-5.410053231702244,0.9887247065068873,-0.05851046135259169,-0.13784041734983749,-0.07816344962570529,0.5413983898480325,-0.7904764469753547,0.39331622675562944,0.7762153894200046,0.4927392971930144,1.1279477677749459,-0.6822703089793162,-0.8855094184974907,3.0451705,7.6503234,5.248451
-1.1163513770520874,2.520016657336284,-5.122049333860942,0.9857827272692122,-0.056610170812323814,-0.15820146389422063,-0.097460340134365,0.529111570567086,-0.7966286353145603,0.4004313645637805,0.7851224473287298,0.47248012124758815,0.8645896929941836,-0.492894301347098,-0.6652534691413898,3.148665,7.763353,5.051584
-1.139947910509551,2.8855652153704017,-4.730240931012666,0.9833816714150695,-0.05520650498960253,-0.1729529708670489,-0.11151569216301341,0.5207538642538894,-0.8002839607765853,0.40521306500488,0.7910596529241161,0.4582870251981051,0.545787733018677,-0.3251842230517552,-0.46681155024897647,3.216191,7.83902,4.914717
-1.084000956354952,3.086182968379613,-4.414281210130915,0.9820711628500182,-0.054344845931497625,-0.18050725420075445,-0.11859376820285589,0.5178700281642975,-0.8011372583289148,0.4076221297543604,0.7932063642195676,0.45240232437079136,0.20242604326890667,-0.16551615671686026,-0.2786411401825737,3.2534835,7.874858,4.8447814
-0.9425860297519806,3.1426211956496117,-4.250429262382234,0.9819075174079853,-0.05409878439455443,-0.18146886450495903,-0.11912370109915764,0.5200974016416924,-0.7996142765435169,0.4081997055748922,0.7918578429200828,0.45424019744461797,-0.1301121139809991,-0.014843153254349645,-0.0800832726708933,3.2641387,7.870923,4.8442
-0.6991576237087804,2.9898611279605207,-3.9535498897829773,0.9838804690240912,-0.05544075535109152,-0.1700163089795669,-0.10676941560519164,0.5341563019628593,-0.792055611415576,0.4058311422395329,0.7821641455167229,0.47277937080275784,-0.44499359578577463,0.12352457734121006,0.12282238984095617,3.2127564,7.753905,5.035483
-0.6344045604862718,2.8813942958955767,-3.731273835242234,0.9857180805922716,-0.05679464919473927,-0.15853779806826848,-0.09501354133635767,0.5451431617382309,-0.7860446010138247,0.4026789671856364,0.7742321109458208,0.48827685565331497,-0.74985058100345,0.26829723793437166,0.30745731755242844,3.1492143,7.641103,5.219495
-0.6052403481648756,2.72931242688383,-3.6071766486371986,0.9882665696292732,-0.05883843881356121,-0.14095114568946387,-0.07764457587819465,0.5593823087550914,-0.7779058471940755,0.39692861054500034,0.7635097762258879,0.5094119155833624,-1.2725143762468163,0.5433282813412726,0.647459125187606,3.0557618,7.494855,5.451677
-0.5783497632272174,2.535880739629664,-3.6093391379836723,0.9917235194747842,-0.06291565630279976,-0.11191997637837492,-0.04918596638817852,0.5823713082456222,-0.7632163223182251,0.38646205302617553,0.7450683523239199,0.543617725921546,-1.2725143762468167,0.5433282813412725,0.6474591251876057,2.928154,7.3207674,5.7204256
-0.4925190216427828,2.28440625194558,-3.6939505291196486,0.9943320602973605,-0.06657044703672363,-0.08289830786052135,-0.022205058235881387,0.6015944419547814,-0.7494436719381048,0.3737455469902314,0.7286934543579899,0.573864196200454,-1.6139277420022562,0.8506627287469121,0.97403983443986,2.7576523,7.1255355,6.0151763
-0.38665105252683,1.946937155937757,-3.7752325912670357,0.996384722502409,-0.07262984709089067,-0.04407255467240658,0.013426067131730331,0.6265212430071534,-0.7289483022768893,0.355104982477659,0.7057084134453135,0.6130873401172465,-1.6139277420022564,0.8506627287469122,0.9740398344398599,2.5385451,6.9107084,6.327388
-0.3111501037448359,1.6113760975002944,-3.738519856824299,0.9969737554357233,-0.07769897062429647,-0.0024901679292870446,0.0488360197659573,0.6492909718826653,-0.7071852880365206,0.3312759047779417,0.6835139716840585,0.650434412855163,-1.861889937337716,1.2111423947632005,1.232301877094565,2.2691436,6.675453,6.648814
-0.32840688999898676,1.213287264247177,-3.585046252136939,0.995398042829445,-0.08501365675049496,0.044220068941828186,0.08775769829756314,0.6738744968439206,-0.6799018337253403,0.30227947641240577,0.6572284874252968,0.6904185929249723,-1.8618899373377158,1.211142394763201,1.232301877094565,1.948761,6.4276123,6.9653063
-0.36237848727009786,0.7284065790523476,-3.305273620698103,0.9917213181937821,-0.0896850461647068,0.09189896372877282,0.12332938705202778,0.6940897223176331,-0.6535319994251358,0.2680901289142304,0.6347431604915438,0.7247267091724701,-1.869469451116151,1.5959944152953636,1.3875591632313562,1.5765778,6.1815658,7.260495
-0.29306055092364464,0.18512097071337644,-2.8964244912540553,0.9873857099827545,-0.09219786483919037,0.12872067992730088,0.14866725838449016,0.707348440353383,-0.6337436270482644,0.2394489879478387,0.6194812578685711,0.7476009318615977,-1.7687358117454437,1.8040320873387645,1.4362543730791133,1.1523011,5.94991,7.5202665
-0.2120885149386374,-0.4395385867866404,-2.336715849434738,0.9746489678296528,-0.09514712060938126,0.2025004072794342,0.19460553275351924,0.7309755770263153,-0.5931931785034097,0.17697777150576338,0.5913454711968726,0.7867587953672989,-1.6948732664708461,1.9772403308100222,1.4118191736275039,0.6837524,5.7285295,7.7399673
-0.030921498011363624,-0.9663768565314909,-1.582801278297358,0.962994005912422,-0.09561818600282292,0.25199148216214773,0.22177604546753352,0.7457787875219609,-0.5645388740815555,0.13139881102350864,0.5731860787706279,0.808821408943384,-1.650241300316998,2.1122022114359016,1.319351678122991,0.18203887,5.5109954,7.919464
0.24555940301501825,-1.3444438334434272,-0.652778932236417,0.9472671803552002,-0.09415550512582184,0.306299901855045,0.24778687499923557,0.7611059836715314,-0.5323477254649613,0.07801185707333078,0.5542285118117959,0.8287007341922977,-1.566605376214705,2.1938205734095293,1.1957399753163886,-0.33898622,5.3020005,8.055835
0.5709944528741193,-1.6041164931721636,0.3332949986704802,0.9327948487638953,-0.09145852703796634,0.3486102522181293,0.2651930426161406,0.7725148204026643,-0.5069203655570046,0.03408289593841106,0.5401007464448486,0.8409099475533452,-1.469473177886154,2.2278208023876793,1.057990916815392,-0.8660263,5.105948,8.150271
0.8804621943915492,-1.6406065641592593,1.3440268522797143,0.9070370100798717,-0.08599310661238663,0.4121759914897004,0.28694036591660627,0.7899296502917785,-0.46663811311097014,-0.035532536375850354,0.5178329672108828,0.8547435035893942,-1.409436927471076,2.173381188303732,0.9042703989013209,-1.3823502,4.918257,8.209211
1.0470166072869211,-1.5640550526666304,2.23899744775706,0.8911710331987692,-0.08245797971146104,0.4461108283480046,0.2960786042839227,0.799749363763029,-0.44363630358225703,-0.0746374546995964,0.5047187807407887,0.8600512791243894,-1.3578912798985534,2.0465935035780194,0.7374807711052899,-1.8728988,4.736365,8.238836
1.2654083418741404,-1.429553494020118,3.007273371214067,0.8636226539277169,-0.07594863734186175,0.49838510823334375,0.306404665908933,0.8153435725287921,-0.4067011114509468,-0.13749948438481013,0.48301652119479477,0.8647479008628994,-1.2559478394553432,1.887279567485504,0.5849844278170682,-2.327002,4.5660276,8.242276
1.4184510080302064,-1.3212796956440298,3.6037309708671708,0.8498092623613267,-0.07271558011889005,0.5220504401040876,0.3095450301194231,0.8226163803802724,-0.3893056892323029,-0.16697765529233505,0.4723972591076415,0.8654243422857154,-1.1431037260258585,1.6977812015013387,0.4610808567593441,-2.7366042,4.4081054,8.226835
1.5442013370904422,-1.093927837190902,4.129508979970519,0.8307314717982781,-0.06893338511022411,0.5523888215569833,0.31174785535007987,0.8329107755402994,-0.3648940521352695,-0.2060330171243812,0.4563407290077726,0.8656232060794583,-1.0738661463898702,1.452142704804245,0.35887245336536067,-3.0944335,4.257718,8.20327
1.5153146565628317,-0.7461173967348264,4.55645103295363,0.8158246684183449,-0.06697960163917088,0.5744073844967144,0.3115355485176247,0.8417019718327868,-0.34432273702565047,-0.23562052648976664,0.44139938392165645,0.8658230485325905,-1.0239693428217058,1.1679075532858725,0.2616968911579086,-3.3941803,4.1067533,8.183237
1.3843824415356771,-0.34592222746406953,4.790682246382789,0.8034346543965007,-0.06594385756668017,0.5917298063846383,0.31010335449743376,0.8493381643018317,-0.3263975287897375,-0.2596721043270661,0.4275659596853683,0.865885528434726,-0.8985779575953549,0.9167178444662553,0.1872957884691156,-3.6360734,3.9653716,8.166476
1.1943093443813337,-0.02379158562501113,4.783986442917863,0.7937621436170138,-0.06520590723730543,0.604722952286321,0.3083848360208799,0.8551419186745789,-0.3125793442442235,-0.2780244503822303,0.4166338536360276,0.8655163990324235,-0.7081384057329225,0.7084381861169768,0.13074567359216954,-3.8238251,3.8486085,8.149149
0.9581125315931751,0.20042755831055095,4.6011406107835295,0.786336683568974,-0.06478230070399875,0.6143922798906616,0.3068139865165201,0.8594782442670185,-0.3020547631138069,-0.291817571002888,0.4081704229955002,0.8650083300440813,-0.5262811875735542,0.5185634432525393,0.09305252904681233,-3.9627426,3.7596238,8.132986
0.7098182085412272,0.36903103899901935,4.366089927976941,0.7813169668464108,-0.06491051603568287,0.6207498870123997,0.3056566768233713,0.8624967623072517,-0.29453027948415655,-0.300988390456866,0.40197206070811,0.86476843791865,-0.36917307119759285,0.3333324795958191,0.06863211492981489,-4.0568495,3.6946685,8.122156
0.5268938568715189,0.4647970816942645,4.172498155163762,0.7789361862033243,-0.06528279776272909,0.6236958987674136,0.305102489075601,0.8640229145588012,-0.2906056243216937,-0.3052837482448768,0.3986660358305062,0.8647931688749336,-0.20266373060126766,0.16025194741819637,0.04226649307257868,-4.108386,3.6545975,8.117607
0.4421012975826736,0.4631558335573426,4.044071145723377,0.778764778298859,-0.0654916383656143,0.6238880231141783,0.30517499372003454,0.8641259874190069,-0.29022276906768935,-0.3055256682227071,0.3983643768790082,0.8648467432388638,-0.014208908211040636,0.006565697754753904,0.010089911052023373,-4.1197157,3.6448884,8.1169405
0.41299148052998,0.4035384621085859,3.975702001255222,0.7809059292902227,-0.06545819348593568,0.6212094288602937,0.3058547152134308,0.8627533402220681,-0.2935716637000064,-0.3015588335891005,0.40121498432115693,0.8649212717008158,0.17058862581989104,-0.1433370790746928,-0.024095242473041033,-4.0920897,3.6662202,8.119673
0.39834195368542147,0.33015877362615564,3.964991430911478,0.7850976030106094,-0.06565568265298306,0.6158823630226532,0.3070997318340994,0.8601730218639747,-0.2997780541918244,-0.29375325890440046,0.40640122159743747,0.8651861475816383,0.3395726805207501,-0.308427878544116,-0.046466718937446985,-4.0243134,3.7157638,8.126979
0.38379843599186725,0.226618033153171,3.980146748094769,0.7920749435310257,-0.06656150253436936,0.6067840227055179,0.30891236294937013,0.8561326395310047,-0.3093296140962348,-0.2806455876691311,0.4141146096970121,0.8658794050890348,0.4857158699195192,-0.49450067092113725,-0.06601368912494196,-3.91369,3.787143,8.141255
0.38108859599875583,0.03360951274061477,3.9896745415130255,0.8009353548884811,-0.06813018948129296,0.5948620298614687,0.31099871851588023,0.8509627880723873,-0.3212738473759787,-0.26362298269305057,0.423547954361078,0.8666660564211381,0.646545924578948,-0.6866149646177309,-0.0866540372969869,-3.757567,3.880815,8.160741
0.38829940969592464,-0.26264235419676807,3.9822489335350784,0.8126365090446007,-0.07051559144164775,0.5784889415809433,0.3133576900583276,0.8438548445973962,-0.3373287920427599,-0.24045553722497776,0.43596940639809983,0.8672438015360718,0.8218873637872072,-0.8826921967437911,-0.11473143502343758,-3.5534835,3.9991698,8.181673
0.40768246519343665,-0.573416108278133,3.9746106768847063,0.8257363075665548,-0.07370227028175452,0.5592204625384055,0.3154520691544702,0.8354988658841829,-0.3556773703549636,-0.21348602445513115,0.4497946519092565,0.8672418857943704,0.9935106933847329,-1.0848908626817835,-0.14381541630846273,-3.2998993,4.14165,8.200252
0.4105607453739677,-0.8785575332434167,3.990177945241913,0.8416009281829686,-0.0782338722084235,0.5344037227797378,0.3168230868851327,0.825039010327907,-0.3781646700366624,-0.1794194013982111,0.4660181939249187,0.8663923599229546,1.145506558280713,-1.3027722284249004,-0.18973260452330942,-2.9944625,4.303439,8.214155
0.3875656139417838,-1.241036799461374,3.9980950926562495,0.8586995802340827,-0.0834850519800855,0.5056335402262134,0.3164699966055581,0.8132476156971391,-0.4031746661455936,-0.14093552812103083,0.483219842641015,0.8640808761865065,1.2936542418860881,-1.514625398523635,-0.26461135269220937,-2.6369796,4.4823885,8.218206
0.30952214047876936,-1.674414416309011,3.8586364961838133,0.8774072103957123,-0.0894442492087718,0.471334608775013,0.31349507358013473,0.7995622636387535,-0.43185157174204314,-0.09646924150842695,0.5020248128823184,0.8594560911956259,1.428279797903408,-1.7060176893494616,-0.36363503023843124,-2.2307143,4.6761827,8.206447
0.17798209148065375,-2.088639129261444,3.464821390586457,0.8967753120322334,-0.09576666678415065,0.4319985940515839,0.30706089165402395,0.7841380168729515,-0.4635902651279527,-0.04724775023873711,0.5219981174777716,0.8516370209467427,1.5482629779389732,-1.8591943181259294,-0.4774010002958228,-1.7834549,4.8824587,8.172468
-0.16501039312335858,-2.6475916371962684,1.9630080840957738,0.9317134419947571,-0.10918002581977337,0.34639541562826315,0.2842541838503095,0.7515421295958531,-0.5276918997069588,0.054011982635767425,0.5600379328338007,0.8267044329861786,1.620770560479021,-1.9777783373110012,-0.616713652418356,-0.8076309,5.3115005,8.02603
-0.45151011431138227,-2.712068531216235,-0.10476586629817927,0.9577047644387561,-0.11210221314888599,0.2650182597075712,0.24621131826641557,0.7227586160829168,-0.5840160308121989,0.13781636298830952,0.5936761856314632,0.7928147556060955,1.7384490367850054,-2.0072644516196876,-1.062106245756022,0.19284669,5.752782,7.7531037
-0.5785094882727353,-2.4228864849292115,-1.1573375805275603,0.9740992553450766,-0.11784722449099469,0.19298360659894803,0.2088348448985819,0.6964670849366558,-0.6288055039248917,0.20810478339443272,0.6203484187907432,0.7562144130021479,1.738449036785005,-2.0072644516196876,-1.062106245756022,0.66869813,5.978479,7.5635023
-0.6441211926526047,-1.9872843071386408,-1.9460993941387352,0.9819724958429532,-0.11768513845974525,0.14791965925350503,0.18020998823678067,0.6792058284387202,-0.655956216042493,0.24730636823055357,0.6383599688473927,0.7289280557131628,1.7738170658076942,-1.777351566935053,-1.233568097469222,1.1147217,6.2028303,7.342102
-0.6796414549395033,-1.4662036155852605,-2.601671401992504,0.9887313643617183,-0.11917269533037966,0.09059888418247142,0.14214479868535468,0.6566483769567075,-0.6875191050851143,0.29488223427818283,0.6598123797178069,0.691152726593937,1.7738170658076944,-1.7773515669350535,-1.2335680974692225,1.5209854,6.4206285,7.0968337
-0.6921272861196155,-0.9474333183120399,-3.1839147253405926,0.9918517458585192,-0.11657710673163654,0.05137988345149456,0.11196500940385026,0.6405977252372974,-0.7079358344512661,0.3229154211992746,0.6757978616538524,0.6625880175009036,1.6540686771621416,-1.4157781973460908,-1.2921653615721225,1.8779953,6.6278687,6.8371825
-0.6375718240518666,-0.35502864768078213,-3.726187945910763,0.993664774585423,-0.11214858085609933,0.007280903794495891,0.07550620727511201,0.6216547065184408,-0.7293277679730931,0.3510665840280104,0.6943550445130928,0.6281905170711564,1.5532623117191935,-1.2065952101083068,-1.257019530285573,2.181665,6.8222427,6.5727983
-0.5685079451025485,0.2223966960587195,-4.1109036514117685,0.9937590803520415,-0.10707483179796456,-0.031270922808637025,0.041601002756134084,0.6041321059184687,-0.7465711685957442,0.37265645425184096,0.7111070031057869,0.5961996286801545,1.4398537995044312,-1.0064777566129588,-1.1915731911219387,2.4327195,7.0019255,6.312636
-0.5403403591480711,0.8217362425768794,-4.2898315248756385,0.9927218889978797,-0.10183638265235509,-0.06428531926315512,0.01109683782862694,0.5881241431341183,-0.7603036282059813,0.3887742297555314,0.7259961475280439,0.5672602507248629,1.3108179384019005,-0.8198421830644644,-1.0868035038078947,2.634227,7.1656585,6.0657167
-0.5402012188022751,1.3673279751183374,-4.265698896981761,0.991054729582449,-0.09680566177317944,-0.09186504678558069,-0.01550082510604525,0.573360670495546,-0.771422076790744,0.4004303616628621,0.7392711308129079,0.541418249235428,1.2003101591540268,-0.6522779078668122,-0.9486032166421345,2.7901244,7.3164535,5.834462
-0.5331064484393984,1.8225032061155282,-4.005226066177701,0.9888911544421419,-0.0916569655934889,-0.1170183119186179,-0.04070421489120028,0.5584366480331578,-0.7813875041449003,0.40945129055071716,0.7522146779787036,0.516258383854199,1.0563712558464535,-0.4945973845174557,-0.7854969436735044,2.904506,7.4519334,5.6254883
-0.5300609215900627,2.150770174473345,-3.673283924375616,0.9868450340258443,-0.08742368672309905,-0.13599256530514023,-0.06019764144632819,0.5467873876076836,-0.7883365723646714,0.415198879167221,0.7620632720383937,0.49685959802385055,0.8607835489104242,-0.3696418359976622,-0.6466213359043227,2.985588,7.563899,5.44973
-0.5095955731443094,2.320094863737987,-3.3605205392433404,0.9846001509419359,-0.08308450697711241,-0.15381647332288179,-0.07881970446235295,0.5360198101904378,-0.794068619126892,0.4197254795586327,0.7710703008380945,0.4788330742280949,0.6402295049274309,-0.26184769731181107,-0.513172036155826,3.0408158,7.6490736,5.3131685
-0.4955855616543981,2.340431851607735,-3.1972318657116725,0.9836269055161032,-0.08099433762006572,-0.16099076997860248,-0.08642875014327026,0.5322251224547436,-0.7958273963535811,0.42117467483010934,0.774393856320658,0.47215045120657645,0.389945733911865,-0.1568501463092494,-0.38329238056841,3.074025,7.7053742,5.2212877
-0.4315977489881478,2.3515212336108933,-3.124173164916536,0.9827133105477724,-0.07831254995402986,-0.16775486220058286,-0.09374855059025376,0.5298966940391928,-0.7965522315069963,0.4220548761921823,0.776930595868569,0.467170772507992,0.15789044496420532,-0.064857015166171,-0.2581399460494958,3.089177,7.7337008,5.1748476
-0.3475218518343893,2.3908677880658065,-3.0362629553314746,0.9825572666067083,-0.07692671387221209,-0.16930297850651813,-0.0954444644560305,0.5313808084169677,-0.7953612671365423,0.42188797790654586,0.7764502256532306,0.46811919548441405,-0.08612714505738722,0.014806646254121841,-0.12616511572594624,3.0900817,7.7333784,5.174797
-0.30246075060690586,2.365144385158855,-2.8307040648775867,0.984493516674013,-0.07667226216668666,-0.15777794472320775,-0.08370615846421992,0.5452379440456151,-0.7872633727148041,0.4176604063236908,0.7671359859189263,0.48689029985996657,-0.5107194994537226,0.18115545823080983,0.11397514788890245,3.0489197,7.6549516,5.3016586
-0.31314811600295195,2.1748327862054393,-2.7866308700766242,0.986443173402404,-0.07731644905749892,-0.14474816873776203,-0.07071882590455415,0.5576506555359513,-0.7798072509621977,0.4128206780629782,0.7581677710407452,0.5047382675394573,-0.674479226445708,0.27076171828241824,0.2421463003469323,3.0032744,7.5832734,5.4183226
-0.30330576098747847,1.946312328533702,-2.742161551047563,0.9884026920314434,-0.07841501736760358,-0.13004308300034903,-0.05631152042848689,0.5702287446759093,-0.7718438611679072,0.40702822930265015,0.7486085797452449,0.5233671893446877,-0.8582379519054353,0.37053545568248386,0.3611381436218839,2.9381027,7.489665,5.5687284
-0.2757867129047314,1.7592757828672905,-2.7776150085969857,0.9905232639132995,-0.08006424735634904,-0.11159471287568688,-0.038462850743524145,0.5854776381632577,-0.761453412188605,0.39923549256327007,0.7364682380871755,0.5461003165779488,-1.0511018985759715,0.4637554015002915,0.4526054518071348,2.852504,7.371042,5.7529893
-0.24871731419738757,1.604152986401304,-2.856042710306425,0.9926132274458008,-0.08228489776341158,-0.08915254511059827,-0.017190430830391148,0.6032890450167789,-0.7482122505417985,0.3888612913890985,0.7215447257122171,0.5728526030804831,-1.2470552053121118,0.5711705681976733,0.5460319828802445,2.7423203,7.226616,5.968341
-0.2546229724571781,1.4361373156306023,-2.965985513023053,0.9943807567083883,-0.0851376157738751,-0.06291658818145186,0.006991606078834006,0.6227811865386701,-0.7322359358486438,0.37552109273694273,0.7042221609941917,0.6025405022687892,-1.396733797308557,0.6799151294046163,0.6392319444448158,2.6042023,7.0588303,6.2082276
-0.2904248764908341,1.186838002624933,-2.9797426014399773,0.9955223433951053,-0.08841355913536965,-0.03344108793289837,0.03311882781825941,0.642926565304804,-0.7138790720279777,0.3589283158037355,0.6852130910763243,0.6337613777534288,-1.5009843054024936,0.7963856868920588,0.7234284275617116,2.4355118,6.8741975,6.462509
-0.2668927602851801,0.6199105641222119,-2.6058026462743875,0.9951044490381296,-0.09400197230866233,0.03050843664633667,0.08497710537613604,0.6811562785236542,-0.6729634242660691,0.31667528960072727,0.6463596088670881,0.6942161169127967,-1.6457422683850134,1.0317993828481262,0.8314212009254318,2.001866,6.4624586,6.9873567
-0.12455754889859688,0.4773257801039531,-2.366328837676895,0.9935830206770467,-0.09658754929262872,0.058852581455031236,0.10644452089251823,0.6965716536037966,-0.6538595032404508,0.29593683808903437,0.6293139841278157,0.7185995388552942,-1.6945038865039501,1.159113170525388,0.8749438426703362,1.7337081,6.2399035,7.2445498
0.050102616792721905,0.3567009953912008,-2.0774590261121713,0.990371329131301,-0.09938990719872483,0.09636532977025981,0.13291776647818396,0.7154380453720502,-0.6281369478058791,0.2663792741473559,0.6075110605195473,0.7483130318597586,-1.7214318928754133,1.2890595152660669,0.8940306970466454,1.4298127,6.0096145,7.4910994
0.2370821267362464,0.11846423919795337,-1.6518103315914598,0.9837879868673888,-0.10478386979434852,0.14553878358133032,0.16625949787876076,0.7391480852247089,-0.5916862699809448,0.2255026788182391,0.577418340362343,0.7846888568464554,-1.721431892875413,1.2890595152660667,0.8940306970466454,1.0923264,5.7794495,7.7191515
0.44176267876056796,-0.18965074880840857,-1.0669910350520044,0.9758520557224306,-0.10728657818012308,0.19026916588009835,0.192391058317388,0.7576087417116427,-0.559543948025382,0.18477347812774725,0.5530758793340429,0.8123828121516675,-1.66903615971537,1.5062132713722285,0.8788714751683647,0.7286209,5.552307,7.923747
0.7841520554227053,-0.539827495394066,0.28370755961953764,0.9568812238370753,-0.11142593580835074,0.26825842819433626,0.23195524623202426,0.7873534224246971,-0.5003459868448751,0.10820150953032037,0.5102927304096864,0.8531669019754509,-1.6337349754483814,1.5736475019247373,0.8239320688520855,-0.047972105,5.1061735,8.252744
0.9266264651796352,-0.5066571678598369,0.9153445202244389,0.9427531014712207,-0.11352228683098282,0.3135749990975996,0.25101458957622913,0.8037853644453264,-0.46367609204441973,0.06036181807567454,0.48456343416563047,0.8726710314822025,-1.5999539636790212,1.603094729522498,0.7296938904431168,-0.44556123,4.888112,8.375856
1.045668153590235,-0.45241307957356214,1.4051204320513402,0.9313625472560962,-0.11271537100259693,0.3462066589602,0.2611395834026936,0.8153972722390723,-0.43704480435713006,0.02359833024803469,0.4663972274684337,0.8842605639851098,-1.4879448085247846,1.5925500042449623,0.5353233954071486,-0.84029084,4.6779633,8.472448
1.1294915895935003,-0.41329525840247106,1.7830784159189037,0.9156999903964804,-0.11279552120982733,0.3857080475993345,0.27207550600512365,0.8289991712190056,-0.40349727106942396,-0.02192208333563199,0.44334387697164324,0.8960834944434473,-1.4879448085247846,1.5925500042449623,0.5353233954071486,-1.2260025,4.482356,8.541639
1.139022340067217,-0.41887163558834306,2.2322339981745265,0.9039795692241058,-0.1111254943003313,0.4128826261080847,0.2770916676712695,0.8378577027293534,-0.38116850905401334,-0.05449197383843995,0.4283547657106552,0.901966085548765,-1.283046440647518,1.495365992844318,0.37573350202251626,-1.5953858,4.3006697,8.586802
1.1729840878207252,-0.42556151678491994,2.8559431043814323,0.8865459655755057,-0.10973086746170546,0.4494389698812258,0.28266316935076397,0.8494417133432652,-0.35017861575952003,-0.09906317814888757,0.40725345131646323,0.9079268214596772,-1.283046440647518,1.495365992844318,0.37573350202251615,-1.9375671,4.130342,8.613449
1.1730853986664511,-0.48037742090834357,3.4607184355439298,0.8770620856850666,-0.10778548456927187,0.46812860110222854,0.28321070789575203,0.8559336750162101,-0.33353259738239416,-0.12306667319482738,0.3954080378655818,0.9102236414969949,-1.0961321097667869,1.2195845544870545,0.1782811954196804,-2.2450805,3.9719346,8.626225
1.1264198108175152,-0.44146071471693504,3.7961650756077323,0.8636856416989408,-0.10476416396712065,0.49302290238016355,0.2817552638528715,0.8653141124184346,-0.3097098848130453,-0.15618860699497197,0.37753649928074595,0.9127274022159142,-1.0124830318577744,1.0459762096488503,0.09446014892282711,-2.51315,3.8223877,8.6321
0.9318510709577634,-0.35815905821658833,3.774150791658738,0.856392802640309,-0.10259373110526006,0.506029538588193,0.2796361107639168,0.8705248437320748,-0.2967573025424841,-0.17409078304091244,0.3673757235648201,0.9136342140022059,-0.904023152343842,0.8934783165945713,0.015104888484317736,-2.7430465,3.6852403,8.633153
0.7218854766161587,-0.2699261323529841,3.5448379533323773,0.8487461610582511,-0.0993524932252423,0.5193833229694719,0.2761512568632409,0.8759714114427882,-0.2837064050704467,-0.19290993735900616,0.35684696109535935,0.9140273532149644,-0.7610022752407756,0.7606278117938742,-0.04653892045715419,-2.937645,3.5682158,8.628087
0.5736730987272081,-0.24645472720131487,3.2618211222164457,0.842060653520728,-0.09560397569005435,0.5308424772232353,0.27210935788956714,0.8806129210996869,-0.273042368784441,-0.20933690264990934,0.3480222092210611,0.913815409739755,-0.6127189134756776,0.6348312063075806,-0.08522443117849274,-3.0979965,3.473662,8.618068
0.4902193144616722,-0.24698185476928977,2.9789414738094604,0.8369094951715572,-0.09203611587508582,0.539547820184938,0.26820424464765624,0.8842025215257452,-0.2651926444883209,-0.2220557140415584,0.3412911331087524,0.9133518611810234,-0.48534867979262575,0.5079294151562984,-0.10481689594788968,-3.226007,3.3995469,8.605922
0.42736057037278213,-0.19074486856639108,2.684277709689028,0.8332722070294116,-0.08894997179286067,0.5456604544131669,0.26443034931467796,0.8871121509358004,-0.25919756293914076,-0.23140211326088864,0.33576155789944634,0.9130811783271703,-0.39848385490392696,0.37280792859316275,-0.11789988477601021,-3.3229308,3.339006,8.596354
0.3710609201053896,-0.09957556433553913,2.345882514285895,0.8312432479857941,-0.08669406326558961,0.549107277380778,0.26123948203455877,0.8892513889677157,-0.2550699019004768,-0.23713614291865928,0.33158548757551604,0.9131360874212401,-0.327347770567458,0.24549423747413782,-0.12297081281754155,-3.3911896,3.2877426,8.591843
