0.640967325474,0.753952597552,0.508941781675,-2.0743012558451377,-0.3476887546778701,-0.026254514131224635
0.767653634975,0.764243442899,0.466089182819,-2.0780648605351018,-0.34757605111490736,-0.025743895464795403
0.977823399385,0.742403702821,0.418866138339,-2.080272264020218,-0.3464758489998855,-0.026256431608830184
1.39200160463,0.740096323104,0.333287545795,-2.080132089764003,-0.3449363544964849,-0.028045149394374594
1.98857569792,0.758254291084,0.209976548354,-2.0769613645179494,-0.34440006520174227,-0.030719741728378047
2.68174208324,0.748126424924,0.0404362606561,-2.0707140964834334,-0.3440441302473253,-0.034641119748591416
3.45525397847,0.652401479548,-0.193219406129,-2.0587135265679386,-0.340789337659391,-0.041689608338560315
4.41166252154,0.432804727066,-0.551434438455,-2.0457273472192963,-0.33497673181971616,-0.0490666605429645
5.67337131907,0.0194509744184,-0.996072447667,-2.020105440457693,-0.3231416454287075,-0.061435272481603964
7.01023241492,-0.517913076691,-1.29618717908,-1.9881226801962308,-0.31052402761679987,-0.07317947377328925
7.79132227517,-1.01644490114,-1.11917271134,-1.9477393505242957,-0.29591299033841106,-0.08449306959114442
7.56172803625,-1.32509740742,-0.490570791533,-1.9010562293184168,-0.2808770928340144,-0.09634208760740273
6.48770482712,-1.4198034189,0.236761181209,-1.849329049969456,-0.26610215658623715,-0.10853678903203266
4.95933335931,-1.41519027565,0.816988598481,-1.794792281446972,-0.2519916104408353,-0.12086773545748386
3.03845326153,-1.38086937215,1.306621302,-1.740093248274294,-0.2375319877751588,-0.13258467250274755
0.766982752513,-1.23497962178,1.72747136019,-1.6910952204520517,-0.2244451040794382,-0.1428842717476061
-1.66927268351,-0.931033189087,2.00663757806,-1.6412383576096474,-0.21456881825590934,-0.15258155839052392
-4.29956348826,-0.404830315839,2.17420187306,-1.6015576665072082,-0.2123244700736825,-0.15969962751383548
-7.37152886357,0.417389445183,2.32901461016,-1.5677080239256702,-0.21632004524531276,-0.16702681073811526
-10.6073061373,1.32068283743,2.34281875254,-1.5469021193209052,-0.2244865394973532,-0.17520110436765635
-13.227106165,1.76739921356,2.03509931069,-1.540484270822775,-0.23666504437541605,-0.18351772946340178
-15.3415533285,0.50550023925,1.17045215872,-1.5796849294981754,-0.273063928103235,-0.18992381244170567
-15.4353004017,-0.354022731134,1.0362916582,-1.609341436739579,-0.2930807805973355,-0.1909704934480701
-14.898517407,-1.27558929541,1.1609131087,-1.6608669060401189,-0.32225986525098754,-0.19070929036538686
-13.3011957765,-1.95706811203,1.28294996114,-1.7134988341503616,-0.34551808630048897,-0.18848388532453117
-10.0762110284,-2.57016890787,1.3186524187,-1.7717766679584217,-0.3648193307957568,-0.1834904793545364
-5.0341637872,-3.00369128402,0.933075276585,-1.8271712171230419,-0.3789667038044803,-0.17593860706729572
0.789654318191,-2.93541365056,0.177804165831,-1.8884628724674912,-0.3921461381933131,-0.16403035742080815
5.71632388337,-2.22265188261,-0.317793891927,-1.9410645410641056,-0.39889213745687363,-0.15251777774791195
9.36000318898,-1.20095385562,-0.146130683923,-1.9823941784785681,-0.3993604085732071,-0.14469917362395818
12.3816154538,-0.203522768534,0.355214044672,-2.0083211837245525,-0.39509768637828974,-0.14241406135221826
15.2075057018,0.517191319521,0.756788823096,-2.018980354350351,-0.38673917455601536,-0.14565498579010244
17.6295656679,0.664909493846,0.971564726419,-2.011987306015206,-0.3743269095370094,-0.15241516236616545
19.1756432272,0.129333665277,1.11518722656,-1.9871771601404524,-0.3559639501563841,-0.16058608220662227
17.4138774353,-1.83831796492,1.28263031747,-1.9119704072466723,-0.32017605363462603,-0.17260959205342657
12.9852546523,-2.52486359756,1.62997886519,-1.8555988323627342,-0.30507467587303627,-0.1776774018501083
7.30882731144,-2.65306195972,2.0964213814,-1.7863591027281467,-0.29591349582653614,-0.18405184032841507
2.2714120623,-2.29644227992,2.19143288592,-1.7178873327578232,-0.29257458426667665,-0.1907298032777427
-1.74940361959,-1.84039788245,1.71452630245,-1.6487545811427224,-0.29633616993263845,-0.19728860142266508
-5.39325868056,-1.39771071497,0.95171841753,-1.595929394083864,-0.3103588372708532,-0.20034587683950503
-8.97673950479,-0.838245590532,0.248619841198,-1.554211798599908,-0.32684373267699385,-0.20157890765787712
-12.1681370571,-0.173768966026,-0.181971652102,-1.5231695541943477,-0.34888061766789885,-0.20137408134659673
-14.6833210974,0.475101690433,-0.353542659716,-1.4923613594227234,-0.3705711284936616,-0.2018875945464458
-16.7649558968,0.688311364297,-0.290293896434,-1.4937597920141106,-0.3958074759269863,-0.20063133689944612
-17.7141335338,0.120415079823,-0.212477684428,-1.5095353585770996,-0.41893628986704573,-0.1994936492121951
-18.05763958,-0.691013367807,-0.139418263731,-1.5396000625230184,-0.4379652907639463,-0.19689523660883654
-17.3694432567,-1.70606732702,-0.201456864312,-1.582762846248978,-0.4519533980740261,-0.19459220556974588
-15.3929843279,-2.624719102,-0.313928950683,-1.6347620863925003,-0.4588156713196828,-0.19232845992442002
-11.5466947516,-3.32827415783,-0.402773832511,-1.6986878927942988,-0.4623417422514118,-0.18679234475269205
-5.75440778402,-3.59544060181,-0.587195721732,-1.7597428584742805,-0.4630857719638389,-0.18082694987588394
0.595029356079,-3.46940971941,-0.813881654221,-1.8192177109554526,-0.4613433828077425,-0.17379125614655735
5.80190563837,-2.93450086675,-0.7757043172,-1.8731520455541166,-0.45488635812013156,-0.16789095714318794
9.76650162177,-2.09686118254,-0.26210492602,-1.9169412703652848,-0.4432961387688136,-0.16519856536979818
13.2431422922,-1.25348912015,0.548106065649,-1.9427805936580647,-0.430920781205218,-0.16691764652319607
16.4580781482,-0.510317969112,1.44643015994,-1.9565200472054871,-0.4147025480083527,-0.1748184710428962
18.9223468466,-0.219134501711,2.23995321029,-1.952219660395958,-0.3994904669567743,-0.18479488865444912
20.1416637652,-0.547356370156,2.92247201393,-1.930911641654989,-0.38164104272483523,-0.19604266095219686
19.8073328123,-1.3707055745,3.2090138657,-1.8961732686443025,-0.3664308239881509,-0.20483330808051944
17.3700935031,-2.46207542051,3.1419613806,-1.8405479949651737,-0.35120512295975015,-0.21497315873081746
12.5938845098,-3.11675820682,2.87919545986,-1.7781983001636863,-0.34247039475442587,-0.22487007003677167
6.69951447661,-3.06959652872,2.72815668819,-1.705539385374087,-0.33860136091420523,-0.23551711997470368
1.52214985757,-2.42578747846,2.59966038963,-1.6327408524731366,-0.33998997999812003,-0.24654752674560793
-6.10775899928,-0.740760598236,1.40999597596,-1.5222214337190054,-0.36501790734460166,-0.2628417088147807
-9.47462267781,0.138492004534,0.614761377485,-1.4791658532049698,-0.381147385414253,-0.26805978365131644
-12.2487251553,0.785861938336,0.0333712472965,-1.4513108805673989,-0.3997545647018694,-0.2697822210981632
-14.1451878423,1.20819445067,-0.270120053962,-1.4201664163501497,-0.4202944852793133,-0.2723667675387676
-15.4091085836,0.882725672644,-0.285214432124,-1.4209972368700756,-0.4440808041485435,-0.2704371105104765
-16.373398118,0.0578584333603,-0.145845786865,-1.4358123544707753,-0.46539090829891655,-0.26744693666601754
-16.9414697402,-0.963938480154,-0.109444979627,-1.4627358370901233,-0.478613651032373,-0.2621121485653816
-16.7699509815,-1.89073971845,-0.248430309112,-1.5022799012614512,-0.4865134478524131,-0.2562840533669006
-15.5747092391,-2.52795973328,-0.450421342016,-1.5492249488655132,-0.48962267114881464,-0.24982033307919552
-13.0048073434,-2.98989457863,-0.537174464908,-1.605098246674696,-0.49171877178144874,-0.2405560237471662
-8.80998973407,-3.25584818136,-0.612292100293,-1.6641074467892032,-0.49248611587579444,-0.228064914885902
-3.61038610965,-3.15195420857,-0.745095283491,-1.7273121666452629,-0.49132392759536525,-0.21296682429067396
1.11446555163,-2.58359798667,-0.790842679604,-1.788313134362091,-0.48734980816534934,-0.1972143365556597
4.47860481857,-1.75510941945,-0.654109942959,-1.8477150011343582,-0.4823488433623417,-0.18138680983167033
7.17046513816,-0.808959538944,-0.409519647047,-1.9021001111546425,-0.4778872592984293,-0.1664729628069134
8.8835561688,0.157994269883,0.246898128351,-1.950136549905114,-0.47194605221112934,-0.15328726800922612
10.4721697786,0.961293465232,0.9133046338,-1.97875449024879,-0.46720451264255786,-0.1452583331439003
11.9051372712,1.80942072193,1.40497948355,-2.0110181868057215,-0.4618280058769441,-0.1345976624285217
12.8018672056,2.33574472022,1.46999519692,-2.034910462499771,-0.4610498809728468,-0.12386046304108184
12.3548916365,2.24700389848,1.26744885728,-2.0457765346124166,-0.4625315248581929,-0.11645325361462458
6.429871339,0.784400720013,1.26964916062,-2.054208625475321,-0.46763924750390207,-0.10704595252237224
3.11045140001,0.192370653743,1.47818265258,-2.05299264320933,-0.4704083799908351,-0.10410476906879877
1.0132776423,0.0865555965249,1.63249225305,-2.047139681819329,-0.47314967480175535,-0.10422645420951107
-0.405844610766,0.180170521526,1.67550347225,-2.0420724707888143,-0.47479180424431666,-0.10507658130046105
-0.763717037023,0.387146835334,1.20823061258,-2.0378910649084045,-0.47905473101936774,-0.10561212453380829
-1.07591780735,0.419458505264,0.0574353222116,-2.0359119812868065,-0.4916927758520104,-0.10348345005618029
-1.14702619725,0.277867580926,-0.265996873765,-2.035468773619406,-0.497026856493017,-0.10231166872989249
-1.00990631606,0.272241499742,-0.472766694886,-2.034719909952636,-0.49985116938676316,-0.1025900169827623
-0.65217287924,0.418890897777,-0.744768177368,-2.0334677386051587,-0.4998473896581034,-0.10446615971207124
-0.20889901638,0.606415641048,-1.19520150299,-2.029928242130009,-0.497998929081192,-0.11001413651024684
0.187549510794,0.742824175606,-1.87002677623,-2.0235846621597844,-0.49430782838826415,-0.11906494803155922
0.439356494927,0.81140051089,-2.73862583468,-2.0145795909948987,-0.4891673215177701,-0.13084612000513912
0.472716099254,0.845774615381,-3.7005574509,-2.003271594899483,-0.48261067340941827,-0.1447197253352463
0.270183281911,0.881338779664,-4.7051407455,-1.988127559081954,-0.472734569433918,-0.16295295828395498
-0.125104470265,0.951159861736,-5.7289039271,-1.971833627814588,-0.4595321294385727,-0.18374501981369024
-0.47938109987,1.04684174145,-6.67619468631,-1.9526700830091877,-0.4413187602115157,-0.21050457716557644
-0.506322136422,1.13198844748,-7.35243197259,-1.9340622137351349,-0.42177415593648,-0.23751653678470872
-0.1358822567,1.13852083884,-7.47548778318,-1.9141101185400293,-0.3989556737099527,-0.26665607035552896
0.303728193828,1.12508408321,-6.89455154709,-1.8956248228874923,-0.37667322660699376,-0.2939995331916182
0.681298867405,1.11969205736,-5.7435463234,-1.8748085027961923,-0.349149598102455,-0.3253432305681804
0.956001376469,1.13226444201,-4.24253300331,-1.8551317708909503,-0.3200104145236996,-0.35607257077337623
1.10296201063,1.12362293796,-2.51048861528,-1.8403562033013912,-0.29531797918768915,-0.38044236521343794
1.18504465321,1.02360275825,-0.54660176711,-1.825146771703774,-0.26646758020685124,-0.4074043202716051
1.21184307522,0.859645591522,1.66490537095,-1.8128766359435797,-0.23971688044041753,-0.43115521869112755
1.23369351643,0.619695131081,4.02869891777,-1.8049417348646462,-0.22038510393617178,-0.4471137471691512
1.14275200873,0.277305925185,6.3423752851,-1.796091683992676,-0.19498979237593006,-0.46501171337977115
0.790175538622,-0.151825123175,8.34283098309,-1.7917629826111874,-0.17745297870825788,-0.47514606190747527
0.0647422118676,-0.57329546614,9.87103053512,-1.7885957580520795,-0.1565960561386777,-0.4848056980012259
-0.721969562314,-0.994500885201,10.8923180944,-1.7874676306419501,-0.13716432518216629,-0.49054581092778826
-1.37638048841,-1.42115419595,11.5345470418,-1.7879089277850897,-0.11978345052236397,-0.49156615084158106
-1.85917361931,-1.80173762049,11.9770583218,-1.7895895061603073,-0.10767321546526226,-0.4871587645519119
-2.18246720974,-2.15816033078,12.61165105,-1.7945724214035748,-0.09296104959002857,-0.46713457638413347
-1.90623546858,-2.24084181266,12.7489828486,-1.798713527594425,-0.09416971035566904,-0.444182657963478
-1.51368862862,-2.21466416665,12.7604751805,-1.8019382982407235,-0.09881965372729477,-0.42185078394105935
-0.790345491237,-2.3450288618,12.3764176853,-1.8069099574811673,-0.11435542037419104,-0.3783625689576653
-0.026832949692,-2.36324397546,11.7320045241,-1.810955481045917,-0.1316523235905366,-0.3413504864638222
0.995480006092,-2.47668940875,10.5228492354,-1.8173189817184656,-0.15712423572863246,-0.2941726728706618
2.20871128583,-2.53668390465,8.76616647835,-1.82657257083063,-0.18470356414413913,-0.24518790702215393
3.61130859144,-2.46640357009,6.50620646589,-1.8408965212396418,-0.21698546039809039,-0.18752455802326107
4.92329800337,-2.15799419402,3.877678731,-1.8585308196419916,-0.249959891153076,-0.12826410202855618
5.76019794056,-1.66674947244,1.04833733764,-1.8800420303180836,-0.2845326449184058,-0.0662033448173921
5.89066298919,-1.077674812,-1.77020090426,-1.9042819051576425,-0.31875064204300113,-0.004897773613710417
5.3496298251,-0.41926918358,-4.47211697389,-1.9313925462531414,-0.3524647278560626,0.05735916863884658
4.28804121275,0.379530072177,-7.0115944061,-1.9598911935707393,-0.38351315398055197,0.11839818009288522
2.80651993374,1.32440167124,-9.07389042399,-1.9886728980948372,-0.4099767138233448,0.1771525392461162
1.13761841941,2.40504006191,-10.7522528571,-2.0159090921361096,-0.43085414812519557,0.22972485187815764
-0.551701407701,3.31719720926,-11.864113148,-2.0400595656784692,-0.44705921297492407,0.2736647180263449
-2.24652944979,3.81463244257,-12.4933197337,-2.0592326545596116,-0.45990517640355366,0.30691161053659033
-4.03645086128,3.87646259163,-12.6766425873,-2.073985386156115,-0.4710951298821401,0.3306627267576473
-7.38014548144,3.35760352655,-12.1145672415,-2.0910559715045896,-0.48650360420711386,0.35260175744076017
-8.74575692363,2.84368366653,-11.8157616364,-2.0818260422750514,-0.4819264436551621,0.3216216312720914
-8.19588332196,2.78323949391,-11.9395288118,-2.067776438772204,-0.46884644602666314,0.285442674262423
-6.72762947908,2.77836497832,-12.1833257767,-2.050055654072367,-0.45076127542679023,0.23799050097118388
-4.64977199924,2.53680671137,-12.2915068577,-2.030328571524474,-0.4314073859117104,0.17829033368617378
-2.39506554774,1.99364135927,-11.9096586387,-2.0092492296340723,-0.4115519528044354,0.11201399133359136
-0.2218714898,1.30604631854,-10.7848543139,-1.9883831676057664,-0.39130057145064995,0.047661547853920704
1.93996589776,0.631091762784,-8.9134641304,-1.9669964610295394,-0.3677790359945029,-0.015743120023422454
4.15690359571,0.082044934448,-6.44325601764,-1.9447898686194727,-0.33929051092739404,-0.0799791287517697
6.13464524119,-0.224138810789,-3.50850919428,-1.9256517611234079,-0.31123667636598606,-0.13595659720285896
7.5065057062,-0.312898439344,-0.252378500043,-1.9100983561176041,-0.28673186838793624,-0.1827982373971262
8.12823053802,-0.36679254894,3.0278680117,-1.8977863116248845,-0.2665410313469739,-0.22034080304278458
7.93143314928,-0.633012718254,6.12431202937,-1.886373770726185,-0.24749365975669782,-0.2533243887213493
6.84164560013,-1.14184168938,8.97974275492,-1.8749055908568397,-0.22514623549997348,-0.28487942393911964
5.00822723569,-1.64675797927,11.473687257,-1.8636017324532057,-0.19451091438908444,-0.3161268187010486
3.0957690231,-1.99615550474,13.2647377878,-1.8589387534602932,-0.1740990917379522,-0.3315833536456808
1.24697436699,-2.09864783372,14.3263885113,-1.8561528884456688,-0.15230310212931217,-0.34613379149165
-2.09830629709,-2.23253354744,14.373754085,-1.8548383995480893,-0.11706635871122863,-0.3696873921910529
-3.93581166925,-2.58007419137,12.9725222262,-1.8593600403283124,-0.11110379483176494,-0.37166985631595084
-4.17160412262,-2.58057078333,12.2102410295,-1.8620814804589865,-0.10752506957054353,-0.37287357262392756
-4.08010256528,-2.4630952231,11.6631274298,-1.8658769475475605,-0.11062399163101092,-0.3678798462159186
-3.64758106227,-2.30536491443,11.3129567426,-1.8714971485640166,-0.11938405193046621,-0.35690766275644425
-2.62683948349,-2.25822900795,10.9247433102,-1.8805614186028277,-0.13616227877763473,-0.33569886867040233
-1.05869634687,-2.2933572743,10.2127855507,-1.8908318218708131,-0.15415519793328128,-0.3124427839447861
0.804013485642,-2.39532193813,9.24318935879,-1.9064971444488426,-0.1741215403358321,-0.27814012248800024
2.80490963164,-2.46070689741,7.82285188954,-1.9266285863290364,-0.19484221634821988,-0.23442972151033864
4.68530816396,-2.3650034356,5.98184086127,-1.9488201482344099,-0.21405315313394535,-0.18501711860233638
6.28388242874,-2.06777460757,3.68935170995,-1.9727987228139123,-0.2325603066238684,-0.13049949158872012
7.35921103928,-1.61926700008,1.05605016037,-1.995943427260267,-0.24947646822690536,-0.07604485420633149
7.76601575373,-1.07707214737,-1.699320291,-2.0196115402750787,-0.26703182522038466,-0.01762644547709117
7.49255518307,-0.441434108503,-4.35998564742,-2.040759336391275,-0.2838730891215733,0.03821523310143164
6.49538301117,0.371970542443,-6.86717401611,-2.0620947809814445,-0.3016538961619083,0.09774525860968854
4.80191881694,1.34027210093,-8.95222645338,-2.081814325515731,-0.31871370076569105,0.15467125838477533
2.64200621423,2.31281065786,-10.3436912944,-2.0996392066555822,-0.33622858462129307,0.2067256012760089
0.366369633127,3.17549995972,-11.1904911729,-2.1164119325040445,-0.35573113116940003,0.2549694220513438
-1.83117629667,3.72382519125,-11.4184831232,-2.13222421456099,-0.3768494543663052,0.29724684684168046
-3.85430981711,3.88942706436,-11.2900232625,-2.1456246737351945,-0.3952720318350479,0.3293226929880349
-5.73515865521,3.78141903152,-10.9348191408,-2.1569868377812886,-0.41098649508867774,0.3548821825271401
-7.32749176997,3.61493368554,-10.443593915,-2.1674556670313794,-0.42530894325997065,0.3763191619839697
-8.39912927079,3.49769885579,-10.0411280567,-2.173870906852628,-0.4340557563368167,0.3866038887820106
-8.91935325618,3.39014658989,-9.82256432194,-2.176715803061044,-0.4385297903300904,0.38634531072836903
-8.80488218691,3.19519131162,-9.79558989048,-2.1755853308363924,-0.4385736347017121,0.37411525168360676
-7.9989997205,2.89194756209,-9.97533801371,-2.169511336901616,-0.43412208307698635,0.3473407860293095
-6.66646916747,2.69997240921,-10.233423736,-2.1621198587790045,-0.4284373474016199,0.32037025312782913
-4.85834004146,2.58162511761,-10.4826685837,-2.151313922372348,-0.4211461777308448,0.28373059540406753
-2.63785767693,2.4097792435,-10.4751550838,-2.1358577691048115,-0.4129452791733926,0.23263169098066347
-0.263942732851,2.19946522549,-9.87656206263,-2.1200315456882763,-0.406856144140619,0.1809142385695111
2.02852320834,1.84945418206,-8.58605862803,-2.1012199406589627,-0.40116692069295096,0.12318944315394675
4.01320228987,1.37716375734,-6.76325543969,-2.079939710524024,-0.39476987847743245,0.06450825344469781
6.88159327708,0.487417637792,-2.30894681649,-2.033069970134883,-0.3755758608549105,-0.05219729320377396
7.67129530328,0.291869176617,0.186842935692,-2.0065227712542706,-0.3601795199767179,-0.11358221350796568
7.90632151426,0.201247526435,2.70274806372,-1.9827481987253999,-0.3423301108389173,-0.16160708746003521
7.47434634263,0.033542429632,5.19573429927,-1.957679019194559,-0.319712395697817,-0.21053089232658057
6.38966393455,-0.285024413581,7.39098498298,-1.9378788379463074,-0.2964094318995045,-0.2490524745051778
4.72788300374,-0.651162330309,9.1222312317,-1.9189688149237845,-0.26435036932896894,-0.28835685658451177
2.95218977488,-1.07143363552,10.1522476055,-1.908851281554727,-0.23883557950935547,-0.31223705745157054
1.16640381422,-1.43944745088,10.6710227648,-1.8991068655537757,-0.20080175496704378,-0.3409286949179847
-0.329852361659,-1.74142491609,10.7891802041,-1.8938079227576405,-0.16615784682446297,-0.36363738452194017
-1.60384247028,-1.94810782467,10.6441384059,-1.890939105960664,-0.13144542696569492,-0.38468857476957785
-2.55505427943,-2.14389276636,10.3038998957,-1.8902006345363032,-0.10642674706421172,-0.39888090217049055
-3.2460091954,-2.35116160701,9.85765455585,-1.8909416378843928,-0.08584104012464439,-0.4086406464461607
-3.70413582517,-2.53134026789,9.41593176084,-1.893109014343085,-0.07048167011301505,-0.41269175620887044
-3.98818430783,-2.57487373412,8.64912424652,-1.8993890441362349,-0.052359420344716905,-0.4090818081393903
-3.33298026156,-2.38018333914,7.81086653497,-1.9114925178521136,-0.05582130969552708,-0.37866830904822507
-2.47580533556,-2.21751047177,7.27435555929,-1.9197427391827544,-0.0704126994488386,-0.3504753643309816
-0.314805667141,-1.76612669283,5.80561260225,-1.937343492919202,-0.1099101609225702,-0.28858625564922025
0.918452767259,-1.54033583184,4.48673985814,-1.9524056652172783,-0.13924827774102475,-0.24161257865750735
1.99957012547,-1.22670534021,2.63720702645,-1.9681104463959136,-0.16517374906118001,-0.1973860825789403
2.82762180341,-0.745294888904,0.415150140868,-1.9847071031159853,-0.18960041261254965,-0.1541457653234783
3.30398971487,-0.0788755937115,-1.852116964,-2.0019652484038546,-0.21346930843603468,-0.11204796400567672
3.31293314742,0.638081251926,-3.82556575041,-2.018808152231117,-0.23646517157122926,-0.07283502716147118
2.85873218256,1.26368833169,-5.33623175397,-2.0344132301642337,-0.257941330908942,-0.037941760319849464
2.1441257293,1.8177752413,-6.47622390667,-2.049857800760134,-0.27912841318765624,-0.0052584186763555375
0.460606991857,2.67410135576,-7.74334899273,-2.0775765821852406,-0.3147854466226584,0.049020032101404425
-0.244371099329,2.92311915265,-7.86670494779,-2.0904389121911144,-0.33015685796420124,0.07218332259147248
-0.773613479775,2.97963920156,-7.48524318307,-2.0989145083996963,-0.340266696377631,0.08718201086242192
-1.14029846997,2.8504512529,-6.59185227584,-2.1024120666498307,-0.34729316566695084,0.09301089299870592
-1.41995046232,2.55915562659,-5.35602822079,-2.1056115497296393,-0.356287614404534,0.0978723067602929
-1.54541488868,2.1422627747,-4.07151799679,-2.1075177169886317,-0.3635619685625791,0.10073671892374966
-1.43375265972,1.73747321334,-3.01017596182,-2.1080896329285577,-0.3675882831332241,0.10159767332498855
-1.09022332789,1.45394659991,-2.29000153018,-2.107377847002322,-0.3689881372857126,0.1005464561433084
-0.635508017916,1.27732468773,-1.83033395876,-2.1058410527236617,-0.3683860917618322,0.09847808653727827
-0.230437349909,1.14288130795,-1.48224054599,-2.1033080124424774,-0.3670572410618377,0.0955094026677499
0.0124551572515,1.03895287272,-1.1645016155,-2.099702335364959,-0.3652226809824671,0.09154616586140013
0.0733752125713,1.00647529845,-0.892962366547,-2.0971703954245395,-0.36373756541914243,0.0887229885287924
0.0271237233159,1.07524055212,-0.711492361089,-2.092688561035429,-0.3605340116060586,0.08347694741465098
-0.0498090333529,1.25043159822,-0.612985362088,-2.088379959079258,-0.35693686761177273,0.07833534623334387
-0.120733698144,1.51482011688,-0.522381230088,-2.0839623420442455,-0.3530076239534995,0.07330283161724793
-0.156374787746,1.86602167937,-0.374228443568,-2.078577686193188,-0.3483181761719942,0.06779479457121594
-0.094515339071,2.34069289771,-0.190996035372,-2.0722698902703254,-0.3436997907480956,0.06242467691817632
0.111974980038,2.95060533578,-0.0351906379921,-2.0647654643036484,-0.33933427864357274,0.0573837284842373
0.464084550129,3.63953351077,0.0821638289933,-2.055760116596429,-0.335638883158812,0.05314614258087848
0.961315002059,4.3421257823,0.21185930793,-2.0443082099997043,-0.33281362014214544,0.04991172098847091
1.52404349822,5.00484271897,0.376784297935,-2.031617781470554,-0.3317752608351616,0.04822500900729647
2.19644694686,5.86011367311,0.791920895201,-2.0027321883821316,-0.3323736151047466,0.047187886327968484
2.19273677361,5.8368472546,1.03679328846,-1.9871391833549044,-0.33242313811160856,0.04866223148416349
2.1023800323,5.45393714857,1.20303346018,-1.9664717657131494,-0.3325222518148089,0.050614790202661804
1.90926742407,4.77228238928,1.21789871745,-1.9554176782542403,-0.33183624880563817,0.05477018984540621
1.5961600449,3.77236242331,1.11653052249,-1.9463371471624846,-0.33159822807361866,0.06144505867693064
1.06650821347,2.46673606319,0.983790899169,-1.941439469280426,-0.3319261682401538,0.06957669817187424
0.300190126679,0.958092463468,0.814552151196,-1.940929801218867,-0.3321408862717341,0.07746740152678191
-0.633066126592,-0.613707518264,0.525414179652,-1.9453699703355765,-0.3321274391216832,0.08783665349777289
-1.57116182241,-2.17389408926,0.104446409001,-1.9537112409873107,-0.33166187176525963,0.09703733906881258
-2.1596097346,-3.70567667257,-0.414284137241,-1.963968009917683,-0.3317344519625373,0.10500626235392448
-2.35141263381,-5.12550096238,-0.973415680667,-1.9805591469848933,-0.33385610371376484,0.11590720955144725
-2.28651943763,-6.36381422584,-1.48568274724,-1.9943888082533499,-0.33820370794853183,0.12429029628257175
-2.22063637733,-7.39460355762,-1.86650489188,-2.0053465579276146,-0.3442028471408767,0.1304821635505359
-2.23110916956,-8.26569390585,-2.03587819302,-2.01327247203677,-0.35248289482614786,0.1342661891531635
-2.24637814769,-8.96601922144,-1.99871568259,-2.0143685965166687,-0.3602996609973253,0.13348012360516154
-2.1539852352,-9.40822565211,-1.83232825032,-2.0090280479338505,-0.368928114906463,0.12790931875878367
-1.90976511385,-9.54841650041,-1.63878891529,-1.9977197915050782,-0.37799157717943044,0.11764484057377966
-1.25178350493,-9.11007870785,-1.26048919878,-1.9639007447044623,-0.39489667408200996,0.08772845819721324
-1.19448578679,-8.56512480551,-0.94142224079,-1.9364760653293482,-0.39800859806257427,0.06287132845209858
-1.25214482998,-7.79625756382,-0.614350041133,-1.9118025984089797,-0.3953589998363275,0.039592226829126595
-1.28053890755,-6.80466711729,-0.369968767659,-1.8855106172181044,-0.386262826990377,0.013941823482340016
-0.97528676176,-5.56362528709,-0.34153885289,-1.862236312556964,-0.37391352687952395,-0.009464988353401227
0.225566738509,-2.08614961831,-0.763914548346,-1.825705011857847,-0.34924598529880146,-0.048084742635603396
0.56287163441,0.00569114164239,-0.95490685845,-1.8131239032231408,-0.3382626150752599,-0.06261707110151911
0.623787599582,2.19499511031,-0.946919521715,-1.8118204523748846,-0.33042513031534176,-0.06663460156412243
0.534612294778,4.34360260623,-0.689835285033,-1.8139340435660154,-0.31973209409256076,-0.06812215742458926
0.469319284487,6.30015196187,-0.295572349723,-1.8174032692774902,-0.31116367492104674,-0.06670398545509208
0.54212063804,7.9426935416,0.133796620942,-1.822083175890314,-0.3034785395747741,-0.06241543932939417
0.657078091816,9.22240591871,0.560429049455,-1.8270310220751582,-0.29524980698578673,-0.05788802181124156
0.5509533134,10.1913874083,1.02139264699,-1.831018941844172,-0.2921071713644988,-0.051671442784231254
0.0735514763981,10.8893352487,1.51305188145,-1.8321311342232174,-0.296382196488097,-0.04515996210388408
-0.580403853811,11.3022130499,1.94041102321,-1.830602372030239,-0.30022959021205214,-0.03965889649950817
-1.06159308331,11.4413522786,2.16630213528,-1.8263460391314044,-0.3025884185786776,-0.03592681833395289
-1.23602718832,11.3393996443,2.19810320132,-1.8194518918307125,-0.30469163164197693,-0.033701135357139665
-1.18836882141,10.4299059293,1.93778919077,-1.802488870766876,-0.3112426013828139,-0.03266036014672615
-1.19179078442,9.68814893648,1.68080799292,-1.7932146182535629,-0.31426071081969065,-0.03253039816798601
-1.23239792901,8.84453348058,1.31366087109,-1.7833054046159342,-0.31807398939833204,-0.03211961701153936
-1.25213951547,7.99222787147,0.839496073085,-1.7779481027776876,-0.322489416377184,-0.031185635899173943
-1.08603856036,7.12038494174,0.354018135069,-1.776320724600015,-0.32802181031193894,-0.029004131698572484
-0.720121599466,6.04301853026,-0.00241295118748,-1.7797773610215661,-0.33289959326773144,-0.024746723694061726
-0.29193207866,4.5899432739,-0.141509712253,-1.7896054447685383,-0.33721600009074304,-0.01737068947919747
0.120422531521,2.78390941948,-0.133082194046,-1.8031653454631937,-0.3390122865465034,-0.008458134778908449
0.539880930622,0.783519278777,-0.205141800693,-1.820704758453617,-0.3377015344094926,0.0026581100600341708
1.00638852862,-1.24023341571,-0.532548204633,-1.8415236282321557,-0.33355760025409953,0.015896329673730388
1.45993513894,-3.14257119586,-1.07054288936,-1.8648907304892095,-0.3289078981945836,0.031015209152855053
1.72128441764,-6.15184700585,-2.05154336615,-1.9110623513685825,-0.3237135392910875,0.06144294369096847
1.32379469794,-7.37271200667,-2.19524743541,-1.9313608922340084,-0.32071752412671267,0.0746969360891771
0.646654799817,-8.54326049077,-2.10971409326,-1.9452380303112822,-0.3161823752070014,0.08394085899606324
-0.101906122627,-9.50270645805,-2.02953045195,-1.9561973143186404,-0.3098931717274133,0.09157298699530783
-0.698717605124,-10.1012872736,-2.01394365603,-1.9609088292118366,-0.30499859088245773,0.09521729098756457
-1.33764131829,-10.3626734335,-1.97061358295,-1.9598524683198844,-0.30334003972493007,0.0947392605057369
-1.93500259471,-10.4176862687,-1.75638756823,-1.9518232907128887,-0.3055452102615728,0.08880412726978357
-2.41244480598,-10.3127099957,-1.37509230469,-1.9436566582853283,-0.30844352855096985,0.08212906313102637
-2.79059213048,-10.0351224858,-0.854268267872,-1.9279423286229118,-0.312813082434107,0.06834987521743069
-2.9782931417,-9.60972776734,-0.366306018155,-1.9106322533722735,-0.3138918471932857,0.05239766735958848
-2.89633662185,-9.05216274964,0.043914068099,-1.8900642810167043,-0.3095553703036165,0.03309740870786057
-2.37493436428,-8.2941328275,0.266074972332,-1.8682636731230107,-0.3001980427645143,0.01238689501461145
-1.42435590564,-7.25283538533,0.199931577135,-1.8456951413405198,-0.2878635859548654,-0.00937259554258119
-0.322359216258,-5.90698175301,-0.052029837644,-1.8272885061621593,-0.2768620510318139,-0.02735455607904698
0.434323396174,-4.22188906769,-0.323451153608,-1.8127250783089262,-0.26565596909435657,-0.041530859965288304
0.92993223435,-2.20747604249,-0.517817985946,-1.802800930724772,-0.2534358332214782,-0.051204344686247065
1.18411242806,0.10626039864,-0.649081420131,-1.7966892625333635,-0.23798257839773942,-0.057783368564438234
1.40812736242,2.56586032795,-0.733090503124,-1.794641263604489,-0.22217672138080496,-0.0610093257237389
1.67837181654,4.91582916722,-0.66157051386,-1.794875794515042,-0.20636781450016864,-0.06186994298518139
1.8736731807,6.92972023428,-0.406249820275,-1.7962202107121903,-0.1955329397105435,-0.06050813170503658
1.82289035107,8.53064168313,-0.0702040885662,-1.7980141195320514,-0.19078449714349252,-0.057253140898640566
1.41004634014,9.74278872122,0.299376019494,-1.7998917622517994,-0.1921234644843122,-0.053241904351534045
0.652022702785,10.6053031515,0.76090596216,-1.8016354443662452,-0.1962894141590131,-0.04905544608773735
-0.230211392446,11.1620410216,1.26733029348,-1.8022858068663385,-0.20044631362549137,-0.0462994815054185
-1.27106922638,11.4169971413,1.78930286067,-1.8007215608282536,-0.2090000217331674,-0.04470741268100902
-1.56908367343,10.354262836,1.65818033985,-1.792903683452684,-0.22474824707751856,-0.051392063989981654
-1.88503712672,9.54217578377,1.55737560218,-1.787052588978534,-0.23484665130158877,-0.056425371853133614
-2.16560379314,8.80517471736,1.35579357543,-1.781076613196212,-0.24336503860175895,-0.061674420480237
-2.15741431775,8.20562906254,0.973473424614,-1.7759911643144761,-0.25109317751413746,-0.06721393450752848
-1.81500276198,7.62659350426,0.468400538976,-1.7734042254724696,-0.2594419952531216,-0.07090542035316298
-1.35598210506,6.92221389844,-0.00776635890641,-1.7735493130864963,-0.27179596184923427,-0.07291972182244268
-0.979330170852,6.02192824775,-0.300559345276,-1.7775460703432922,-0.28638464644667594,-0.07271714817921134
-0.720075822442,4.87237100053,-0.36647764878,-1.786314201458511,-0.30324704810541486,-0.06999150590428245
-0.507000056535,3.37940583731,-0.297470366131,-1.7999056982701402,-0.32084523656091585,-0.06508263516991732
-0.211371709055,1.47891067225,-0.283858884606,-1.820119866762406,-0.33984044348565107,-0.05615479888722188
0.285922533271,-0.654276577112,-0.481132258617,-1.8405478377556515,-0.35369574450456165,-0.044638583831995635
0.969133039429,-2.632998404,-0.877364937138,-1.8673238279043767,-0.3675477721187858,-0.027217315214128127
1.62058828858,-4.25346188104,-1.30355205735,-1.8900203913358655,-0.37671519261350966,-0.01101128763172216
1.96359148637,-5.49880773188,-1.65553598216,-1.925240020888956,-0.3863090363178653,0.01638850889923036
1.8202973815,-6.46319978052,-1.78108699157,-1.9532187636446319,-0.3900589046845145,0.03956419461040679
1.40956203788,-7.14537893139,-1.76326081939,-1.9791736870519605,-0.39042440654632454,0.06194861617495738
0.993896031893,-7.64660989683,-1.67115595868,-1.993269238748864,-0.3887750338201495,0.07483611480851049
0.759590245134,-7.97661444072,-1.68871318582,-2.0075227089591006,-0.3841611655033429,0.09017569813881432
0.4756183163,-8.02000923906,-1.66087412643,-2.0136718178687225,-0.37908187281333156,0.1009024354101142
0.214747524875,-7.57813478796,-1.61049062249,-2.01361403629524,-0.3750528694361731,0.10853856337685786
-0.24651218503,-6.82006612702,-1.30158927927,-2.0076327159612832,-0.3741105198075097,0.11050634350103798
-0.820953595596,-6.0331637008,-0.856119153044,-1.996638264331771,-0.3760169647970293,0.10700783981810179
-1.33291332527,-5.40402597834,-0.405756884425,-1.9821589444051413,-0.37865323217188496,0.09939098162911263
-1.53127651506,-4.90339417323,-0.0501241630591,-1.9625986778841813,-0.3807235349922248,0.08714340443065095
-1.32358964164,-4.47147104385,0.132918187951,-1.9413119356812893,-0.38104922197911667,0.07311306409699868
-0.894375021463,-4.06331872726,0.110877171738,-1.9176790284906464,-0.37936673168044466,0.05756785720671567
-0.504037351336,-3.64380333334,-0.0919021224017,-1.8945881064012227,-0.375977813505878,0.04291278811837499
-0.329948945006,-3.19049782739,-0.348385470125,-1.8726721461307705,-0.3710461845014616,0.029661168978795865
-0.27197871046,-2.72146317636,-0.605390717266,-1.8527110594767278,-0.36421253067857196,0.018111783670923313
-0.415472114072,-2.23051346125,-0.708976120671,-1.8352430681673668,-0.3548111274687746,0.008184175489463591
-0.492013766761,-1.72645080555,-0.815539934317,-1.821548636075328,-0.3439420677194643,0.00046751537521616684
-0.626166364777,-1.26206368874,-0.892508221385,-1.810749412524186,-0.33176680329939406,-0.005594511699751382
-0.851719070541,-0.811963565118,-0.941332736246,-1.802746971441966,-0.3184090455519114,-0.010290124915154613
-1.00019084629,0.184021025406,-0.961707013561,-1.7907973146210612,-0.2895592802901578,-0.017735646081557303
-0.797698742502,0.799415555131,-0.953698181558,-1.7867462983204745,-0.27622922928905996,-0.020319365116038463
-0.588285198833,1.47653160237,-0.896233558276,-1.7842888206746532,-0.2654827707052518,-0.021555910153658618
-0.455463413034,2.17968317738,-0.749538543668,-1.7827720315306008,-0.2563685023670005,-0.021407306557349633
-0.351033813855,2.87893456609,-0.49620702037,-1.7823147350663036,-0.2506148581800782,-0.019302371688972787
-0.2218903431,3.54667407335,-0.153987091768,-1.7815587599518732,-0.24426326248207397,-0.016024145583951
-0.0906838448261,4.1549528071,0.211143071639,-1.7801118493251538,-0.23790574785645258,-0.0119869996298045
0.0413060591386,4.64952510697,0.51778691473,-1.778061048945423,-0.23146508218340447,-0.0075440284466316435
0.155534573393,4.98004340749,0.718062965766,-1.7760402988657564,-0.22712655231770884,-0.0030983931091708573
0.153094267007,5.12539681046,0.83012342063,-1.7741367150889682,-0.22478361441918676,0.001253061558778888
0.0158653896599,5.0421469039,0.891969868081,-1.772454545053095,-0.22255175820554796,0.004688930425618227
-0.117147742314,4.69821691624,0.909880008385,-1.7711552202827754,-0.2196005614629061,0.007094416789188532
-0.140082650702,4.16832890371,0.872190290398,-1.7699354571978503,-0.21550018033104257,0.008639110887847409
-0.0676201140221,3.58023405114,0.765176966969,-1.7686330505140222,-0.2108286948858482,0.009134970926467003
