"-1.1463437","4.077804","8.26239","0.0032089234","-0.08444214","-0.053660583","-1.630072","4.8683257","8.3552685","-0.08793457","0.034409177","0.028780516","0.0","0.0","0.0","97061452259023"
"-1.1496956","4.053384","8.308359","0.0070709228","-0.08325195","-0.02114563","-1.6372849","4.842714","8.368721","-0.08899658","0.037913814","0.02081543","0.0","0.0","0.0","97061492275534"
"-1.142513","4.052426","8.335652","0.018803407","-0.07121887","-4.699707E-4","-1.6418365","4.829721","8.375338","-0.087722175","0.038763426","0.017735597","0.0","0.0","0.0","97061512906575"
"-1.1405976","4.0529046","8.408437","0.029481506","-0.045062255","0.059259035","-1.6506027","4.804042","8.38839","-0.084536135","0.032816164","0.0132751465","0.0","0.0","0.0","97061554143815"
"-1.154484","4.0529046","8.44818","0.021969605","-0.022227477","0.087193295","-1.6569748","4.781203","8.400198","-0.0726416","0.025700683","0.015080568","0.0","0.0","0.0","97061592850794"
"-1.1654973","4.05482","8.4567995","0.012940979","-0.010562134","0.09064331","-1.6589584","4.771454","8.405367","-0.06828736","0.022833254","0.017523196","0.0","0.0","0.0","97061612373450"
"-1.1985372","4.0438066","8.481699","-0.01781311","-0.005053711","0.10660706","-1.6612396","4.7549314","8.414304","-0.057985842","0.019647218","0.023151856","0.0","0.0","0.0","97061653898294"
"-1.2167332","4.0284834","8.486488","-0.035147093","-0.0134155275","0.10762787","-1.6621017","4.747972","8.418073","-0.053312995","0.02155884","0.027612304","0.0","0.0","0.0","97061673039179"
"-1.2411541","4.0145974","8.479784","-0.058407594","-0.021437073","0.09784241","-1.6632614","4.74211","8.421155","-0.047471922","0.025382083","0.032922365","0.0","0.0","0.0","97061693695325"
"-1.2732365","4.0035844","8.464941","-0.08887787","-0.027537536","0.08054809","-1.6648728","4.737198","8.423607","-0.043330077","0.029311527","0.039506834","0.0","0.0","0.0","97061714409179"
"-1.3038822","3.9868248","8.443393","-0.117263794","-0.03982086","0.05693207","-1.6671295","4.7327223","8.425676","-0.042905275","0.03525879","0.046728514","0.0","0.0","0.0","97061733925690"
"-1.3244723","3.9590523","8.418014","-0.13484497","-0.06302948","0.029595947","-1.670137","4.72816","8.427635","-0.045241702","0.042374264","0.054056395","0.0","0.0","0.0","97061754489648"
"-1.334049","3.9298425","8.396464","-0.14062043","-0.08713989","0.005955505","-1.6739365","4.723062","8.4297285","-0.049383543","0.04895874","0.059578855","0.0","0.0","0.0","97061776695846"
"-1.3354857","3.9106889","8.384494","-0.13751373","-0.10052643","-0.008328247","-1.678482","4.7172956","8.432042","-0.0541626","0.055437017","0.063933104","0.0","0.0","0.0","97061796909075"
"-1.331176","3.9001546","8.37779","-0.12789765","-0.1046112","-0.017570496","-1.6837906","4.710846","8.43458","-0.057879638","0.061278082","0.067756355","0.0","0.0","0.0","97061816430742"
"-1.3211204","3.8944085","8.371086","-0.11207733","-0.10631714","-0.028970337","-1.6895568","4.7038636","8.437314","-0.061915286","0.06584473","0.07094239","0.0","0.0","0.0","97061836528971"
"-1.3096282","3.8920143","8.361988","-0.094500735","-0.10350189","-0.04333649","-1.6956437","4.6957107","8.440622","-0.06945557","0.06871216","0.0721106","0.0","0.0","0.0","97061854141367"
"-1.2966995","3.8929722","8.355285","-0.07541046","-0.095803834","-0.056123354","-1.7018082","4.6860275","8.444745","-0.079438485","0.06924317","0.07126099","0.0","0.0","0.0","97061873368450"
"-1.2789824","3.8920143","8.35337","-0.051765442","-0.088444516","-0.06502533","-1.7077363","4.674768","8.44977","-0.08899659","0.06775635","0.06892456","0.0","0.0","0.0","97061894188815"
"-1.2536038","3.8848317","8.357201","-0.020976257","-0.08609772","-0.06893768","-1.7131485","4.6622972","8.455551","-0.095474854","0.06531372","0.06616334","0.0","0.0","0.0","97061915032356"
"-1.2258312","3.8747761","8.367736","0.011740113","-0.086192325","-0.06645813","-1.7180939","4.649396","8.461644","-0.096005864","0.063402094","0.062233895","0.0","0.0","0.0","97061934388554"
"-1.202368","3.871903","8.387368","0.05824127","-0.06430817","-0.035740662","-1.7272476","4.6235414","8.473928","-0.09536866","0.061171878","0.056605227","0.0","0.0","0.0","97061972777981"
"-1.1884816","3.8766913","8.414661","0.05824127","-0.06430817","-0.035740662","-1.7272476","4.6235414","8.473928","-0.095581055","0.05851685","0.05278198","0.0","0.0","0.0","97061972777981"
"-1.184172","3.8824372","8.441477","0.066516116","-0.047920227","-0.017472839","-1.7312133","4.6099563","8.480515","-0.09972291","0.05490601","0.050233155","0.0","0.0","0.0","97061994737356"
"-1.1865662","3.883395","8.463503","0.06761475","-0.035743713","-0.0043807984","-1.7347046","4.5957932","8.487488","-0.10227172","0.05182617","0.04885254","0.0","0.0","0.0","97062014721836"
"-1.1956642","3.8723817","8.479784","0.06181488","-0.03240814","0.0048095705","-1.7380021","4.581445","8.494578","-0.10301514","0.049277343","0.04619751","0.0","0.0","0.0","97062035056783"
"-1.2038045","3.847961","8.496543","0.056776427","-0.04287567","0.014682007","-1.7411026","4.5674925","8.501465","-0.09982911","0.04683472","0.04428589","0.0","0.0","0.0","97062055025117"
"-1.2071564","3.8125267","8.519527","0.056236267","-0.06477509","0.030981446","-1.7439133","4.553958","8.508146","-0.096112065","0.04407349","0.042692874","0.0","0.0","0.0","97062075414283"
"-1.2090718","3.7751775","8.548737","0.056765746","-0.08821259","0.053268433","-1.7463592","4.5400453","8.515068","-0.096324466","0.04067505","0.04046265","0.0","0.0","0.0","97062095648502"
"-1.2167332","3.7440524","8.575552","0.051239014","-0.10442505","0.07260437","-1.7484925","4.5251327","8.522547","-0.09982911","0.03717041","0.036639407","0.0","0.0","0.0","97062116103971"
"-1.2301407","3.721547","8.591833","0.03978882","-0.11104431","0.08088837","-1.7504486","4.5092454","8.530542","-0.10375855","0.03366577","0.032285158","0.0","0.0","0.0","97062135964700"
"-1.2445059","3.7023933","8.591353","0.027270507","-0.11386566","0.07219543","-1.7522949","4.4929137","8.538757","-0.104077145","0.031435546","0.02888672","0.0","0.0","0.0","97062156222565"
"-1.255998","3.6837184","8.574115","0.011723327","-0.12254486","0.01254425","-1.7568588","4.4594574","8.555315","-0.10503296","0.030479735","0.026019286","0.0","0.0","0.0","97062195390273"
"-1.2646172","3.660256","8.548258","0.011723327","-0.12254486","0.01254425","-1.7568588","4.4594574","8.555315","-0.10758178","0.03132934","0.024107667","0.0","0.0","0.0","97062195390273"
"-1.2694056","3.62961","8.525752","0.009971619","-0.13535766","-0.018588256","-1.7598969","4.441626","8.563945","-0.11342285","0.033453368","0.022939455","0.0","0.0","0.0","97062216920898"
"-1.2713209","3.6027946","8.516654","0.011010742","-0.13450012","-0.03678589","-1.7671616","4.403418","8.582141","-0.11979492","0.035471193","0.023364259","0.0","0.0","0.0","97062256274596"
"-1.2756305","3.59226","8.525752","0.011010742","-0.13450012","-0.03678589","-1.7671616","4.403418","8.582141","-0.12064453","0.038763426","0.025488282","0.0","0.0","0.0","97062256274596"
"-1.2842495","3.6004002","8.549215","-0.0020385743","-0.069546506","0.0025024414","-1.7746994","4.3667145","8.599356","-0.11915771","0.04046265","0.029417723","0.0","0.0","0.0","97062296899908"
"-1.2962205","3.6205115","8.582255","-0.01217041","-0.023205567","0.03795929","-1.7774948","4.3495803","8.607473","-0.1175647","0.04141846","0.036639404","0.0","0.0","0.0","97062317495950"
"-1.3249512","3.6952107","8.688559","-0.026771545","0.037890624","0.09304504","-1.7786942","4.333972","8.615117","-0.1084314","0.036108397","0.058623053","0.0","0.0","0.0","97062336969231"
"-1.3249512","3.6952107","8.688559","-0.05473175","0.1327652","0.18431243","-1.7770691","4.3219347","8.6215315","-0.1084314","0.036108397","0.058623053","0.0","0.0","0.0","97062357440221"
"-1.3876793","3.9121253","8.920317","-0.09732666","0.27350312","0.31375885","-1.7708648","4.315271","8.62616","-0.060747065","0.009770507","0.101315916","0.0","0.0","0.0","97062376985690"
"-1.4173675","4.085944","9.070193","-0.1390442","0.44668883","0.46156463","-1.7588348","4.3159027","8.62823","-0.019965822","-0.0105139185","0.13030884","0.0","0.0","0.0","97062397575221"
"-1.4298174","4.282748","9.225817","-0.17027588","0.6330063","0.6188828","-1.7400513","4.3263884","8.6265335","0.03451538","-0.033559572","0.16503662","0.0","0.0","0.0","97062417057877"
"-1.4250289","4.498226","9.391017","-0.19288483","0.82522887","0.79087675","-1.7126526","4.3496428","8.619739","0.10397096","-0.061490484","0.21272095","0.0","0.0","0.0","97062437541002"
"-1.403481","4.7208867","9.552386","-0.20937042","1.0102707","0.96493226","-1.67462","4.3872604","8.607054","0.17916138","-0.093032226","0.2728308","0.0","0.0","0.0","97062457068606"
"-1.3694832","4.9282246","9.687899","-0.22490387","1.1648896","1.1197083","-1.62509","4.439978","8.587791","0.25902468","-0.124361575","0.3366577","0.0","0.0","0.0","97062477738919"
"-1.3302184","5.1164093","9.806171","-0.24682923","1.2841705","1.2648971","-1.5639007","4.5088806","8.560877","0.3494019","-0.15579712","0.4003784","0.0","0.0","0.0","97062497149752"
"-1.2923901","5.303157","9.953175","-0.2825409","1.3832397","1.4484894","-1.490361","4.5965605","8.524287","0.4583643","-0.19201173","0.46505493","0.0","0.0","0.0","97062517822044"
"-1.2579135","5.503791","10.171526","-0.33603668","1.4750869","1.715271","-1.4023895","4.705348","8.475856","0.5838941","-0.24245727","0.5261206","0.0","0.0","0.0","97062537328554"
"-1.2210429","5.703946","10.456436","-0.4045105","1.5444168","2.0624359","-1.297046","4.836174","8.4136","0.71664554","-0.31127566","0.58665526","0.0","0.0","0.0","97062554991471"
"-1.172201","5.849514","10.758585","-0.48138428","1.5387329","2.441461","-1.1713302","4.9874268","8.336723","0.84440553","-0.40069705","0.6419861","0.0","0.0","0.0","97062574118762"
"-1.100375","5.907453","11.020988","-0.5586594","1.4278549","2.7955003","-1.022229","5.156244","8.245089","0.9584656","-0.509447","0.6957239","0.0","0.0","0.0","97062595209179"
"-1.004607","5.9074535","11.220186","-0.6383179","1.2446716","3.1014314","-0.8468048","5.339429","8.138354","1.0633924","-0.64071167","0.7442578","0.0","0.0","0.0","97062617038502"
"-0.8968679","5.8883","11.368149","-0.73420715","1.0308793","3.3726716","-0.6431793","5.53407","8.015076","1.1597168","-0.79810184","0.77250737","0.0","0.0","0.0","97062637617981"
"-0.78865","5.8576536","11.489774","-0.8575287","0.79741824","3.6353683","-0.4116394","5.7368865","7.8740034","1.2448902","-0.9690857","0.77930427","0.0","0.0","0.0","97062657053606"
"-0.584664","5.7977986","11.476366","-0.9115814","0.5272705","3.7840118","-0.15360108","5.9471817","7.711952","1.335586","-1.1615223","0.75891364","0.0","0.0","0.0","97062677535429"
"-0.332794","5.724057","11.387303","-0.94190675","0.23876038","3.8784394","0.12859344","6.161952","7.528459","1.4097145","-1.354065","0.73193854","0.0","0.0","0.0","97062696882200"
"0.0023941756","5.5866303","11.097605","-0.91129","-0.11115875","3.7904632","0.4331619","6.3744445","7.326738","1.4398755","-1.5476696","0.69912237","0.0","0.0","0.0","97062717466314"
"0.3725378","5.357744","10.596258","-0.86576384","-0.54681396","3.510202","0.7577774","6.581215","7.1056533","1.454956","-1.730973","0.67204106","0.0","0.0","0.0","97062736957773"
"0.74363905","5.022077","9.916783","-0.8330673","-1.0825211","3.074643","1.0961807","6.7812576","6.86174","1.4845861","-1.8922926","0.6218079","0.0","0.0","0.0","97062756803189"
"1.0912771","4.6337376","9.107542","-0.8261398","-1.6662521","2.5357757","1.4368896","6.976651","6.5913696","1.5333325","-2.0066712","0.5594678","0.0","0.0","0.0","97062776337356"
"1.3766661","4.2832265","8.203013","-0.8756256","-2.207454","1.9284881","1.7717636","7.167343","6.2941284","1.5804858","-2.0901453","0.48119754","0.0","0.0","0.0","97062799233189"
"1.5902288","3.9580941","7.211814","-0.9831604","-2.718062","1.2602127","2.092862","7.3528185","5.971205","1.624347","-2.143352","0.39379397","0.0","0.0","0.0","97062817900273"
"1.7697941","3.593697","6.1296353","-1.1014175","-3.264232","0.5283966","2.390686","7.5345902","5.6208434","1.6915722","-2.1403785","0.29587647","0.0","0.0","0.0","97062837666575"
"1.9306843","3.2484527","4.9756303","-1.2060226","-3.786679","-0.25442505","2.65618","7.711792","5.2496614","1.7263","-2.0792067","0.19254272","0.0","0.0","0.0","97062857240012"
"1.9440918","3.0530863","3.9140408","-1.4210647","-4.149817","-0.93892515","2.8846297","7.8795624","4.872574","1.6911476","-1.9744924","0.09738648","0.0","0.0","0.0","97062879329127"
"1.8684351","3.0190885","2.887886","-1.6853592","-4.340657","-1.5957581","3.0732682","8.036405","4.503255","1.5986464","-1.8399357","-0.0026550354","0.0","0.0","0.0","97062897236991"
"1.7252617","3.1244333","1.9622875","-1.97509","-4.382118","-2.1718566","3.2198257","8.18321","4.1537566","1.4729042","-1.6598183","-0.10131593","0.0","0.0","0.0","97062918125221"
"1.5921443","3.2996888","1.1022904","-2.209961","-4.341031","-2.717076","3.3215804","8.317378","3.8389802","1.2966101","-1.4273437","-0.20358768","0.0","0.0","0.0","97062934135741"
"1.4973338","3.5295322","0.30741543","-2.3610902","-4.228235","-3.247766","3.3779006","8.434423","3.5747955","1.0490552","-1.1458044","-0.28939825","0.0","0.0","0.0","97062959305741"
"1.4465767","3.8005557","-0.37780502","-2.4261413","-4.0515885","-3.735602","3.3921952","8.528799","3.377411","0.7291773","-0.8422815","-0.36745608","0.0","0.0","0.0","97062975606731"
"1.4580688","4.05482","-0.89686793","-2.3887131","-3.8667893","-4.1335816","3.3662581","8.598264","3.2563279","0.38434204","-0.5066857","-0.42491093","0.0","0.0","0.0","97062998946731"
"1.5222334","4.2932825","-1.2248737","-2.2606797","-3.6703765","-4.4235015","3.3023896","8.640314","3.2182434","0.014018583","-0.12786613","-0.46197516","0.0","0.0","0.0","97063018460116"
"1.5729904","4.5576024","-1.3656528","-2.1102722","-3.4148164","-4.6196213","3.202739","8.649074","3.273584","-0.4145032","0.26369753","-0.4776929","0.0","0.0","0.0","97063043576158"
"1.5801731","4.7975016","-1.3374012","-1.9703735","-3.1470413","-4.7411437","3.070024","8.621199","3.4233596","-0.846742","0.64379156","-0.4784363","0.0","0.0","0.0","97063055943502"
"1.6012423","4.901889","-1.1559207","-1.7837341","-2.975467","-4.798091","2.904454","8.554011","3.6617875","-1.2595459","1.024629","-0.46516114","0.0","0.0","0.0","97063079095898"
"1.6515204","4.80229","-0.79152316","-1.535231","-2.9687989","-4.745642","2.7062287","8.447744","3.973735","-1.5912122","1.3946338","-0.43967286","0.0","0.0","0.0","97063098790377"
"1.6687586","4.549941","-0.18531127","-1.2820663","-3.0793595","-4.50502","2.4703033","8.305957","4.3393235","-1.8501307","1.7528503","-0.4347876","0.0","0.0","0.0","97063119246418"
"1.6084248","4.2746077","0.6789955","-1.0656891","-3.1784806","-4.043521","2.1935914","8.1297455","4.7421327","-2.055099","2.0580726","-0.44487673","0.0","0.0","0.0","97063138928450"
"1.4676456","4.050031","1.757823","-0.88886106","-3.1971862","-3.3856368","1.8759826","7.923877","5.1630735","-2.188275","2.3151855","-0.46866578","0.0","0.0","0.0","97063159137981"
"1.2445061","3.886747","2.9750352","-0.75505674","-3.128917","-2.5892608","1.5190414","7.692323","5.5839067","-2.2539077","2.5129323","-0.506261","0.0","0.0","0.0","97063178945325"
"0.9457098","3.794331","4.2430043","-0.65928805","-2.9672685","-1.7281601","1.1244781","7.43826","5.9907746","-2.2799268","2.6503568","-0.5762476","0.0","0.0","0.0","97063199328658"
"0.6014235","3.7804444","5.4884677","-0.57315826","-2.7066054","-0.8651169","0.6940628","7.16371","6.373192","-2.277378","2.7212992","-0.6811743","0.0","0.0","0.0","97063219277616"
"0.22218183","3.8216243","6.677429","-0.4894638","-2.3735032","-0.023643494","0.23112793","6.8717866","6.720679","-2.233517","2.7405217","-0.8143506","0.0","0.0","0.0","97063239528293"
"-0.20733795","3.8795643","7.815633","-0.43057555","-2.0140853","0.81345826","-0.25727996","6.5703063","7.021777","-2.1138282","2.7102542","-0.95379275","0.0","0.0","0.0","97063258152825"
"-0.70581067","3.9590516","8.916487","-0.42420655","-1.6351913","1.6705307","-0.76212007","6.2709","7.2655563","-1.9167187","2.6360195","-1.0899427","0.0","0.0","0.0","97063280107304"
"-1.2909536","4.156334","9.943598","-0.4992981","-1.147464","2.5111282","-1.272171","5.9804535","7.4520693","-1.7148304","2.5130384","-1.2119677","0.0","0.0","0.0","97063299840064"
"-1.9689915","4.5413218","10.820833","-0.6789261","-0.48279724","3.2521026","-1.7705796","5.7007723","7.5883303","-1.518252","2.321133","-1.2906628","0.0","0.0","0.0","97063319846783"
"-2.6982653","5.023035","11.47493","-0.9361008","0.2631897","3.8136582","-2.2426772","5.436499","7.680867","-1.3196559","2.0977917","-1.3300635","0.0","0.0","0.0","97063339621627"
"-4.0849867","5.821262","12.054326","-1.4983444","1.5317322","4.3013215","-3.0671554","4.966179","7.772601","-0.9683424","1.5904686","-1.2483947","0.0","0.0","0.0","97063374639075"
"-4.0849867","5.821262","12.054326","-1.4983444","1.5317322","4.3013215","-3.0671554","4.966179","7.772601","-0.9683424","1.5904686","-1.2483947","0.0","0.0","0.0","97063374639075"
"-4.7366886","6.1588445","12.1381235","-1.8160797","2.065361","4.3703585","-3.4011216","4.770129","7.787361","-0.7937476","1.3170006","-1.116493","0.0","0.0","0.0","97063400182877"
"-5.3673215","6.4739213","12.18505","-2.175656","2.5434678","4.414197","-3.672177","4.6070986","7.7904496","-0.6208521","1.0301512","-0.93446416","0.0","0.0","0.0","97063420816262"
"-5.8882995","6.7248335","12.190797","-2.4938629","2.9197814","4.4231477","-3.874948","4.4816957","7.787244","-0.44976196","0.7408593","-0.7056006","0.0","0.0","0.0","97063440311106"
"-6.2273183","6.9120607","12.144828","-2.7001204","3.1937516","4.3805785","-4.0077085","4.3949523","7.783844","-0.30171752","0.45401","-0.45485958","0.0","0.0","0.0","97063460846679"
"-6.3949127","7.058585","12.042835","-2.8049455","3.3879256","4.2775984","-4.070479","4.3473024","7.784831","-0.16259399","0.17459466","-0.19201174","0.0","0.0","0.0","97063480563762"
"-6.4126296","7.1304116","11.891043","-2.8266861","3.4664078","4.120012","-4.066455","4.3406463","7.7906265","-0.012637943","-0.088784195","0.06541991","0.0","0.0","0.0","97063500115533"
"-6.288131","7.0614586","11.741645","-2.7686584","3.3595917","3.96333","-3.9999847","4.3785095","7.7979097","0.16280639","-0.32964844","0.31393066","0.0","0.0","0.0","97063521547356"
"-6.067386","6.8957796","11.648271","-2.6718307","3.111403","3.864975","-3.8760667","4.4610186","7.8028917","0.33697632","-0.5443872","0.5424756","0.0","0.0","0.0","97063542043710"
"-5.807376","6.718609","11.695196","-2.5929933","2.81006","3.9112153","-3.694893","4.58519","7.8035784","0.51104003","-0.7661353","0.7512671","0.0","0.0","0.0","97063560342824"
"-5.503312","6.564901","11.81299","-2.5271149","2.4984498","4.0330215","-3.4567077","4.743094","7.7995667","0.6599341","-0.99531734","0.9303223","0.0","0.0","0.0","97063582099127"
"-5.1025224","6.38773","11.883379","-2.4175522","2.1359696","4.116498","-3.1654816","4.9284043","7.786481","0.80978394","-1.2172779","1.0801722","0.0","0.0","0.0","97063602107460"
"-4.6227245","6.1722517","11.910195","-2.2808578","1.7043107","4.1776137","-2.8223786","5.144586","7.7521806","1.0059376","-1.4310609","1.2143042","0.0","0.0","0.0","97063622131002"
"-4.1328707","5.9519854","11.930784","-2.184697","1.2419236","4.2597914","-2.4286866","5.3867083","7.690593","1.1998608","-1.6602428","1.3256031","0.0","0.0","0.0","97063642967929"
"-3.6387076","5.6938906","11.855129","-2.1308746","0.72412264","4.276141","-1.9883468","5.6464157","7.598587","1.3616052","-1.8877258","1.4002626","0.0","0.0","0.0","97063662323085"
"-3.1014485","5.328056","11.575965","-1.9890563","-0.6485046","3.7917037","-0.99962616","6.1805954","7.318797","1.4826745","-2.1061816","1.4332911","0.0","0.0","0.0","97063700537512"
"-2.5081654","4.8554406","11.090899","-1.8761184","-1.4151016","3.2999024","-0.4733139","6.4396224","7.1306458","1.5589268","-2.311681","1.4202282","0.0","0.0","0.0","97063722826783"
"-1.8689137","4.3478703","10.410947","-1.7344742","-2.0904388","2.7049072","0.0587677","6.6897507","6.906825","1.6023632","-2.4827712","1.3600122","0.0","0.0","0.0","97063742828970"
"-1.1951855","3.92266","9.592129","-1.6007996","-2.583516","2.033403","0.5839752","6.9280868","6.646028","1.6672522","-2.6203017","1.286521","0.0","0.0","0.0","97063763381418"
"0.031124603","3.4950554","7.675332","-1.5353699","-2.983635","1.3447174","1.0859696","7.155345","6.3502197","1.7378759","-2.7259717","1.0445946","0.0","0.0","0.0","97063775042512"
"0.47596723","3.310702","6.6755133","-1.5588195","-3.3814652","0.66811067","1.5542603","7.368823","6.0270095","1.7263","-2.696979","0.8829566","0.0","0.0","0.0","97063800444126"
"0.84084356","3.1048007","5.6072206","-1.6173675","-3.7774582","-0.06503296","1.9776825","7.5589156","5.691861","1.6392151","-2.6107435","0.7108045","0.0","0.0","0.0","97063819066835"
"1.1635821","2.9338546","4.4484262","-1.6663758","-4.113805","-0.8879898","2.3494277","7.7243166","5.3560257","1.5165527","-2.4639733","0.5362097","0.0","0.0","0.0","97063840994283"
"1.4312538","2.9012935","3.3274617","-1.7132934","-4.290436","-1.6819794","2.6640167","7.8683867","5.0290513","1.3861376","-2.26166","0.37085456","0.0","0.0","0.0","97063859638033"
"1.5993268","3.0727181","2.3807943","-1.8018157","-4.2450395","-2.3194275","2.920613","7.9944153","4.719832","1.2506249","-2.0061402","0.23289922","0.0","0.0","0.0","97063880310012"
"1.6476896","3.4141316","1.6294937","-1.9554398","-4.0128007","-2.7891572","3.1225998","8.10359","4.4382615","1.0959961","-1.7097328","0.13370727","0.0","0.0","0.0","97063898479231"
"1.607467","3.8340745","1.0620677","-2.1494644","-3.6837845","-3.1134644","3.2764022","8.194517","4.195143","0.9103564","-1.3975012","0.07338501","0.0","0.0","0.0","97063917782147"
"1.526543","4.176445","0.644519","-2.3408904","-3.4094284","-3.3410416","3.3869033","8.262533","4.0051727","0.64857066","-1.0689149","0.022302244","0.0","0.0","0.0","97063941995429"
"1.4614207","4.3315897","0.305979","-2.476831","-3.2967117","-3.5540314","3.4577224","8.30496","3.879622","0.36299568","-0.73894775","-0.012744141","0.0","0.0","0.0","97063956170116"
"1.478659","4.3713336","0.0081403125","-2.4980361","-3.272258","-3.796016","3.4961655","8.320251","3.8237672","0.057985842","-0.3982544","-0.012213133","0.0","0.0","0.0","97063983581054"
"1.5763425","4.4163446","-0.22649145","-2.4097505","-3.2145493","-4.046811","3.5055633","8.307553","3.839929","-0.24362549","-0.046409883","0.007540284","0.0","0.0","0.0","97063997732981"
"1.6941372","4.5063667","-0.33231518","-2.2729125","-3.083548","-4.2397294","3.486522","8.266573","3.9270248","-0.53599733","0.3101074","0.02793091","0.0","0.0","0.0","97064019547564"
"1.8076222","4.6117115","-0.04405328","-2.0254517","-2.8088348","-4.327667","3.3525453","8.097204","4.303224","-1.091217","1.0349305","0.06605713","0.0","0.0","0.0","97064055938449"
"1.7918203","4.495353","0.30166945","-1.9171174","-2.7932281","-4.263144","3.2284074","7.965239","4.584424","-1.3739246","1.381465","0.053312987","0.0","0.0","0.0","97064076460689"
"1.7918203","4.495353","0.30166945","-1.759703","-2.8806014","-4.142517","3.0571074","7.800743","4.9172606","-1.3739246","1.381465","0.053312987","0.0","0.0","0.0","97064096766418"
"1.7779341","4.243483","0.7551312","-1.759703","-2.8806014","-4.142517","3.0571074","7.800743","4.9172606","-1.6195679","1.7226893","0.023895264","0.0","0.0","0.0","97064096766418"
"1.7544711","3.9303212","1.3493721","-1.3773727","-3.0506852","-3.5177383","2.5464492","7.3928666","5.674414","-1.8025525","2.0621083","-0.021027837","0.0","0.0","0.0","97064138685220"
"1.4499285","3.4806905","3.0995336","-1.2287979","-3.0022216","-2.9456298","2.1981978","7.15957","6.0647736","-1.9821386","2.6214697","-0.25307742","0.0","0.0","0.0","97064157185220"
"1.4499285","3.4806905","3.0995336","-1.0752045","-2.9095733","-2.2364426","1.7874695","6.916087","6.4392014","-1.9821386","2.6214697","-0.25307742","0.0","0.0","0.0","97064178704751"
"0.8418013","3.2010474","5.401319","-0.955455","-2.7931838","-1.3597412","1.3167312","6.670891","6.7806687","-1.8674412","3.0023072","-0.60354125","0.0","0.0","0.0","97064196195637"
"0.8418013","3.2010474","5.401319","-0.90737456","-2.6083083","-0.3189865","0.79507905","6.4208937","7.083539","-1.8674412","3.0023072","-0.60354125","0.0","0.0","0.0","97064218748033"
"0.36822814","3.1359255","6.7449446","-0.85891724","-2.3574386","0.7636124","0.23713684","6.1638002","7.3445663","-1.7935253","3.063054","-0.8318737","0.0","0.0","0.0","97064239520949"
"-0.6363789","3.158431","9.297644","-0.7746353","-2.069528","1.7591126","-0.3422638","5.9046187","7.558136","-1.5811231","2.9532418","-1.2513684","0.0","0.0","0.0","97064258782408"
"-1.1889606","3.3111808","10.322361","-0.74490356","-1.6632843","2.6230102","-0.92457426","5.6511245","7.7189546","-1.4050416","2.8036046","-1.3921912","0.0","0.0","0.0","97064276987095"
"-1.1889606","3.3111808","10.322361","-0.8575699","-1.0234512","3.3509705","-1.4913819","5.4077682","7.82944","-1.4050416","2.8036046","-1.3921912","0.0","0.0","0.0","97064302878918"
"-1.8684351","3.7076607","11.16081","-1.089154","-0.2304016","3.8958282","-2.0245042","5.17496","7.8989334","-1.2323583","2.586848","-1.4845862","0.0","0.0","0.0","97064323768918"
"-3.356192","4.772123","12.111308","-1.3288085","0.49559936","4.1927385","-2.5078979","4.953177","7.9381685","-0.977157","2.0011487","-1.4756653","0.0","0.0","0.0","97064341398658"
"-3.356192","4.772123","12.111308","-1.5294281","1.0378739","4.258069","-2.9302475","4.7456117","7.955678","-0.977157","2.0011487","-1.4756653","0.0","0.0","0.0","97064363694960"
"-4.5508986","5.373547","12.120407","-1.7438538","1.4983261","4.1785355","-3.2875564","4.5518723","7.9614687","-0.79374754","1.3831639","-1.219402","0.0","0.0","0.0","97064375674751"
"-5.0345273","5.545929","11.892958","-1.9384094","1.8514954","3.9472566","-3.5766296","4.3710847","7.9652987","-0.7419214","1.0863316","-1.0335499","0.0","0.0","0.0","97064397550533"
"-5.398925","5.651274","11.5472355","-2.0800338","2.1155229","3.598526","-3.7994018","4.212401","7.968306","-0.6476147","0.8336791","-0.80776614","0.0","0.0","0.0","97064420825272"
"-5.703946","5.7384233","11.198639","-2.2225037","2.3307252","3.2482026","-3.9619536","4.0843444","7.970033","-0.5259082","0.60938233","-0.57465464","0.0","0.0","0.0","97064441571626"
"-5.967787","5.879681","10.934319","-2.3807602","2.5709686","2.978241","-4.067537","3.9853578","7.975676","-0.442434","0.3993164","-0.34419802","0.0","0.0","0.0","97064460692876"
"-6.1377764","6.000828","10.759064","-2.497583","2.7688782","2.7878723","-4.120703","3.9085937","7.99079","-0.40324587","0.19636598","-0.13041504","0.0","0.0","0.0","97064481196314"
"-6.1803923","5.9261284","10.664253","-2.534758","2.7472978","2.6687484","-4.1261444","3.855475","8.015104","-0.33846316","0.010513926","0.0631897","0.0","0.0","0.0","97064501034230"
"-6.109524","5.6618085","10.681491","-2.5006454","2.5067506","2.6567414","-4.089389","3.8317018","8.04435","-0.22748291","-0.15930176","0.23003173","0.0","0.0","0.0","97064522221262"
"-5.968266","5.4017973","10.837594","-2.4354692","2.2361236","2.782866","-4.013307","3.842317","8.074327","-0.07455324","-0.3252942","0.37329713","0.0","0.0","0.0","97064539937251"
"-5.793968","5.3084245","11.100956","-2.3763397","2.0967317","3.0179963","-3.89814","3.8883348","8.102559","0.08825317","-0.4998889","0.50190675","0.0","0.0","0.0","97064561321314"
"-5.585194","5.3141704","11.377726","-2.3253586","2.0211227","3.2697022","-3.7403474","3.9696884","8.1276245","0.2631665","-0.69455564","0.63391477","0.0","0.0","0.0","97064578468710"
"-5.338113","5.3869543","11.610921","-2.2801833","1.9771637","3.4844894","-3.53844","4.0864305","8.146031","0.45039922","-0.8924085","0.7620996","0.0","0.0","0.0","97064596534178"
"-5.040753","5.4238243","11.766066","-2.2300248","1.8613129","3.6329103","-3.29124","4.239151","8.152754","0.6518628","-1.0918543","0.89187735","0.0","0.0","0.0","97064621582303"
"-4.711789","5.3998823","11.887212","-2.1958785","1.6500534","3.7637725","-2.9964232","4.4264708","8.143039","0.84950316","-1.2984155","1.0166638","0.0","0.0","0.0","97064638968137"
"-4.375164","5.303157","12.032778","-2.2031465","1.3336899","3.9409118","-2.6525314","4.6461105","8.111465","1.0568079","-1.5219688","1.1334851","0.0","0.0","0.0","97064661962668"
"-4.0040627","5.130774","12.155361","-2.2253158","0.9110168","4.1224413","-2.2592607","4.8964033","8.052519","1.2692102","-1.7471154","1.2343762","0.0","0.0","0.0","97064676628709"
"-3.54677","4.8975787","12.108435","-2.2060227","0.40549773","4.1644564","-1.8212631","5.1687303","7.963576","1.4430616","-1.970244","1.2961853","0.0","0.0","0.0","97064704339699"
"-2.988443","4.600219","11.790965","-2.1224656","-0.17606354","3.9676805","-1.3464935","5.452933","7.8428802","1.5700781","-2.1753185","1.3160449","0.0","0.0","0.0","97064718398866"
"-2.360683","4.230554","11.227369","-1.9960785","-0.8329773","3.5593276","-0.84512174","5.740184","7.6876373","1.6639601","-2.3527808","1.3004334","0.0","0.0","0.0","97064740159178"
"-1.723347","3.8015137","10.481815","-1.8740402","-1.5470291","3.0060012","-0.32982484","6.025197","7.49541","1.7432925","-2.4834085","1.2472265","0.0","0.0","0.0","97064760764751"
"-1.1224018","3.3944993","9.613199","-1.790416","-2.2335007","2.369496","0.18749543","6.3046556","7.2632995","1.8216686","-2.5721927","1.1757531","0.0","0.0","0.0","97064779279282"
"-0.5956775","3.1048007","8.697657","-1.7726791","-2.7931259","1.7256577","0.69648135","6.5745835","6.9915986","1.8788049","-2.6191335","1.0826147","0.0","0.0","0.0","97064800917355"
"-0.1546654","2.9324183","7.7677474","-1.8207229","-3.220195","1.1011703","1.1855347","6.8292723","6.68618","1.8898499","-2.6256118","0.95910275","0.0","0.0","0.0","97064821039387"
"0.24516626","2.7945123","6.767451","-1.8785782","-3.5916092","0.42961732","1.6432205","7.0627794","6.3574357","1.842272","-2.5830252","0.81764287","0.0","0.0","0.0","97064841066730"
"0.6622362","2.6403255","5.6460066","-1.8765869","-3.956819","-0.3486969","2.0582976","7.2738023","6.01431","1.7757899","-2.4800098","0.6605713","0.0","0.0","0.0","97064861016834"
"1.0864887","2.542642","4.513549","-1.8160782","-4.246478","-1.1293442","2.4220397","7.4657774","5.6625013","1.7203529","-2.3094506","0.5066858","0.0","0.0","0.0","97064881150689"
"1.4298173","2.6254814","3.575501","-1.7797699","-4.3401594","-1.7151229","2.7290604","7.6422987","5.310234","1.6473926","-2.0943933","0.35832274","0.0","0.0","0.0","97064901057355"
"1.6429012","2.911349","2.873042","-1.816832","-4.2155714","-2.076358","2.9792068","7.8035784","4.9690123","1.5384302","-1.8591578","0.22865112","0.0","0.0","0.0","97064921097876"
"1.7673998","3.312617","2.2749705","-1.8887116","-3.9579635","-2.3563843","3.1755843","7.947238","4.650969","1.3922974","-1.5949292","0.1268042","0.0","0.0","0.0","97064941088449"
"1.8545487","3.7459679","1.7329233","-1.95009","-3.6483626","-2.6148345","3.3241134","8.070987","4.367372","1.2082508","-1.3157264","0.055649422","0.0","0.0","0.0","97064961427355"
"1.9163191","4.149152","1.3029245","-1.9923401","-3.3459136","-2.8092284","3.4281325","8.1717205","4.1317673","0.95974004","-1.0285585","-0.01476196","0.0","0.0","0.0","97064981159074"
"1.9709069","4.465665","0.98832643","-2.001056","-3.1045272","-2.9484284","3.4914353","8.246849","3.956369","0.6660937","-0.7434083","-0.07657105","0.0","0.0","0.0","97065002058605"
"2.0508733","4.6878467","0.7474698","-1.9496307","-2.9313858","-3.0797973","3.5199769","8.295889","3.8468795","0.36788082","-0.45177984","-0.11066161","0.0","0.0","0.0","97065022494230"
"2.1418529","4.8707643","0.5736507","-1.8571869","-2.7729874","-3.209732","3.5185134","8.320409","3.8029952","0.08910276","-0.14815071","-0.12255615","0.0","0.0","0.0","97065043438553"
"2.189258","5.0575113","0.48410755","-1.7814407","-2.5849273","-3.3230102","3.4901733","8.319097","3.8267288","-0.21027832","0.15547852","-0.11937012","0.0","0.0","0.0","97065063103657"
"2.1796813","5.193023","0.44149074","-1.7373078","-2.417897","-3.4616866","3.4364638","8.287578","3.922789","-0.5444934","0.44678837","-0.109387204","0.0","0.0","0.0","97065083741938"
"2.162922","5.1872773","0.3964798","-1.6762497","-2.3586624","-3.6738038","3.358647","8.222597","4.089897","-0.87000006","0.7396912","-0.07943848","0.0","0.0","0.0","97065103064959"
"2.1566968","5.0460196","0.407972","-1.5780792","-2.4016557","-3.8929856","3.254251","8.124331","4.3205705","-1.1563183","1.0524536","-0.046091307","0.0","0.0","0.0","97065124758605"
"2.107376","4.844907","0.59615624","-1.4889176","-2.4710388","-3.9929047","3.1157684","7.992601","4.6086745","-1.4339283","1.3596935","-0.04279907","0.0","0.0","0.0","97065144070116"
"1.9881451","4.616021","1.0189722","-1.4300308","-2.5352936","-3.905931","2.9376495","7.827971","4.9445176","-1.6739428","1.644419","-0.05851685","0.0","0.0","0.0","97065164157824"
"1.8119318","4.383784","1.7075447","-1.3600495","-2.511081","-2.9757798","2.462091","7.420207","5.6927004","-1.8289967","1.9099219","-0.06775635","0.0","0.0","0.0","97065204912720"
"1.3330915","4.1438847","3.8149211","-1.3191345","-2.3548706","-2.249997","2.171701","7.1754103","6.084531","-2.0827112","2.2627223","-0.1264856","0.0","0.0","0.0","97065220051366"
"1.1755531","3.9987953","4.9425898","-1.1554291","-2.225325","-1.516185","1.8504562","6.900777","6.478386","-2.1953907","2.3500197","-0.19541016","0.0","0.0","0.0","97065238091782"
"1.1755531","3.9987953","4.9425898","-0.9137955","-2.1470459","-0.8664551","1.4972519","6.6046247","6.8595977","-2.1953907","2.3500197","-0.19541016","0.0","0.0","0.0","97065264148657"
"0.9859322","3.467762","6.884767","-0.6061142","-2.151883","-0.30911407","1.1115189","6.2963","7.2134886","-2.213445","2.470133","-0.36915526","0.0","0.0","0.0","97065281213032"
"0.8298303","3.2532413","7.8271246","-0.34853667","-2.049811","0.3148407","0.6978394","5.9797072","7.5318894","-2.1589637","2.4744873","-0.49426025","0.0","0.0","0.0","97065302067563"
"0.5640739","3.1991322","8.80779","-0.18123169","-1.7828186","1.0170395","0.26477814","5.6586075","7.810356","-2.0792065","2.42521","-0.6179846","0.0","0.0","0.0","97065323022876"
"0.22553377","3.23313","9.707051","-0.0787857","-1.4322815","1.684056","-0.17620698","5.342067","8.0426","-1.9362599","2.3396118","-0.7154773","0.0","0.0","0.0","97065341520324"
"-0.15131357","3.326983","10.403285","-0.014614868","-1.0344207","2.1966538","-0.6172241","5.038057","8.226234","-1.7685683","2.2398887","-0.801394","0.0","0.0","0.0","97065363784022"
"-0.5401319","3.4778175","10.798327","0.032398988","-0.5892242","2.4496932","-1.0530548","4.7436953","8.368236","-1.6463308","2.124873","-0.88210696","0.0","0.0","0.0","97065376756105"
"-0.9217676","3.5984852","10.871591","0.07592621","-0.18360749","2.4171052","-1.4782165","4.458743","8.474086","-1.5193142","2.0188842","-0.92702997","0.0","0.0","0.0","97065401888605"
"-1.3311762","3.653073","10.861536","0.07793121","0.13827515","2.337323","-1.8896286","4.1914473","8.543813","-1.3579946","1.9135326","-0.94731444","0.0","0.0","0.0","97065421511886"
"-1.8784908","3.7100549","10.894096","-0.07588501","0.4360245","2.3346894","-2.2831254","3.950679","8.579008","-1.1631154","1.8145533","-0.9257556","0.0","0.0","0.0","97065439149074"
"-2.5182214","3.8192306","11.036312","-0.34854126","0.7590149","2.4689088","-2.6501985","3.7368622","8.587006","-0.9827857","1.6796777","-0.88263786","0.0","0.0","0.0","97065457098865"
"-3.2398338","4.075889","11.294407","-0.73970187","1.2048371","2.7373428","-2.9806473","3.547699","8.576666","-0.83973265","1.5067823","-0.7951282","0.0","0.0","0.0","97065483955532"
"-3.9183507","4.3133936","11.498872","-1.1289276","1.6029114","2.965747","-3.269937","3.3871276","8.552727","-0.68064344","1.326028","-0.67745733","0.0","0.0","0.0","97065505436730"
"-4.498226","4.4465117","11.584584","-1.462677","1.863147","3.0848892","-3.5160613","3.2600083","8.519297","-0.51114625","1.1383704","-0.5476795","0.0","0.0","0.0","97065519516417"
"-4.9746723","4.517859","11.591288","-1.7375839","2.028511","3.128978","-3.717598","3.1659927","8.481911","-0.36012816","0.94009286","-0.41386598","0.0","0.0","0.0","97065541164595"
"-5.3314085","4.5489836","11.573092","-1.9395187","2.122235","3.1470885","-3.8723998","3.1033936","8.445602","-0.22482792","0.7284338","-0.26815796","0.0","0.0","0.0","97065561669386"
"-5.560294","4.5063667","11.565431","-2.0615418","2.1089096","3.17229","-3.9792619","3.0741012","8.41274","-0.0829431","0.51242065","-0.116927505","0.0","0.0","0.0","97065581658865"
"-5.6914964","4.394318","11.570698","-2.1321838","1.9912598","3.2059999","-4.0398226","3.0797043","8.384297","0.06669434","0.29916874","0.02081542","0.0","0.0","0.0","97065601992199"
"-5.758534","4.2937613","11.579796","-2.1832566","1.848758","3.2391114","-4.0557876","3.1216507","8.360283","0.2268457","0.09090819","0.15112427","0.0","0.0","0.0","97065620989074"
"-5.7719417","4.2731714","11.605174","-2.2255967","1.7513611","3.2833571","-4.0268555","3.1984572","8.3414135","0.36968628","-0.123511985","0.28355712","0.0","0.0","0.0","97065642895480"
"-5.7140017","4.3009443","11.644918","-2.242778","1.6703842","3.3362992","-3.9517334","3.3072083","8.328215","0.50955325","-0.3428174","0.40579468","0.0","0.0","0.0","97065663566574"
"-5.5689135","4.3291955","11.68083","-2.2182724","1.5557007","3.3834794","-3.8311508","3.450142","8.316948","0.6756519","-0.55702513","0.5197485","0.0","0.0","0.0","97065683894022"
"-5.350083","4.3584046","11.724884","-2.1675644","1.4091812","3.4391465","-3.6630294","3.6258698","8.305333","0.8290064","-0.78323364","0.63731325","0.0","0.0","0.0","97065703283084"
"-5.061342","4.3871355","11.785697","-2.0972488","1.2358993","3.5130248","-3.4446044","3.8278809","8.292267","0.9482703","-1.0191065","0.7548779","0.0","0.0","0.0","97065723861209"
"-4.689283","4.3981485","11.821131","-1.9956207","1.0263016","3.5645187","-3.174176","4.0484924","8.276209","1.0345056","-1.2618824","0.8669202","0.0","0.0","0.0","97065743869178"
"-4.249229","4.3986278","11.794795","-1.7916489","0.5443268","3.5315583","-2.4784074","4.5237656","8.222021","1.1113952","-1.5021095","0.9701477","0.0","0.0","0.0","97065783107355"
"-3.7895424","4.391445","11.733982","-1.7916489","0.5443268","3.5315583","-2.4784074","4.5237656","8.222021","1.1609912","-1.7576296","1.0428956","0.0","0.0","0.0","97065783107355"
"-2.7327418","4.0682273","11.461522","-1.6205184","-0.26545867","3.3659377","-1.5927384","5.010335","8.115181","1.2502","-2.2570937","1.0831459","0.0","0.0","0.0","97065822787459"
"-2.1159952","3.748841","11.141178","-1.5018814","-0.82775724","3.1347091","-1.0946289","5.2532487","8.026067","1.3031945","-2.4745936","1.0581884","0.0","0.0","0.0","97065841759074"
"-1.517445","3.4237084","10.6747875","-1.4251435","-1.3941619","2.7894745","-0.572818","5.494522","7.90491","1.3576757","-2.671172","0.9882019","0.0","0.0","0.0","97065864550480"
"-0.9437944","3.129222","10.04176","-1.3840744","-1.9263535","2.3133225","-0.040237427","5.7322283","7.7480364","1.4061035","-2.824739","0.88104504","0.0","0.0","0.0","97065881850844"
"-0.3696648","2.921405","9.233","-1.3395264","-2.3675537","1.7001998","0.48934326","5.9656143","7.5524","1.4618592","-2.9201076","0.7588075","0.0","0.0","0.0","97065901059178"
"0.17334029","2.8232427","8.284418","-1.3098053","-2.6937835","0.9863907","1.0026245","6.1936846","7.3176284","1.5066762","-2.9510121","0.6229762","0.0","0.0","0.0","97065923282511"
"0.6268021","2.7940335","7.2644873","-1.3375962","-2.9442","0.23422241","1.4838775","6.4148927","7.049867","1.521332","-2.9188333","0.4571961","0.0","0.0","0.0","97065942325480"
"0.9950303","2.776795","6.237853","-1.409549","-3.1725082","-0.5006027","1.9240586","6.6259627","6.7580614","1.5054017","-2.8381202","0.29247802","0.0","0.0","0.0","97065963088709"
"1.3211205","2.7657819","5.215529","-1.4750122","-3.385704","-1.2139648","2.3156097","6.828145","6.4491014","1.4954188","-2.679668","0.15069947","0.0","0.0","0.0","97065982655532"
"1.583525","2.8711267","4.219541","-1.5501724","-3.4750626","-1.8919098","2.653174","7.0228486","6.1310606","1.4673817","-2.4565394","0.046303697","0.0","0.0","0.0","97066003350740"
"1.7329232","3.1838093","3.3044772","-1.6820495","-3.3452103","-2.4932282","2.9344497","7.2056794","5.817317","1.3835889","-2.1973023","-0.052781977","0.0","0.0","0.0","97066022353396"
"1.8071434","3.623385","2.48566","-1.8312393","-3.0721695","-3.0166214","3.1578598","7.372214","5.521895","1.2607142","-1.8950536","-0.1368933","0.0","0.0","0.0","97066044568969"
"1.8737023","4.074931","1.7798494","-1.9327255","-2.7675445","-3.4568648","3.3259048","7.519136","5.256331","1.1059791","-1.5491565","-0.1730017","0.0","0.0","0.0","97066062236678"
"1.9311631","4.4829035","1.2459427","-1.9945495","-2.4814193","-3.7675507","3.445189","7.6409836","5.03311","0.90270996","-1.1935949","-0.17661254","0.0","0.0","0.0","97066079709386"
"1.9551052","4.7898397","0.88968533","-2.0467834","-2.267894","-3.9521897","3.5213654","7.734395","4.861491","0.6676868","-0.8493969","-0.1728955","0.0","0.0","0.0","97066099377563"
"1.9598935","4.96318","0.71299326","-2.079274","-2.1563447","-4.018823","3.5586457","7.7961855","4.7514315","0.39400634","-0.50031376","-0.15823975","0.0","0.0","0.0","97066118469699"
"1.9776106","5.0661306","0.67181295","-2.0681534","-2.0839171","-4.0118837","3.5652404","7.8267074","4.703313","0.13731812","-0.17597535","-0.11544068","0.0","0.0","0.0","97066143304386"
"2.0010738","5.114972","0.7565677","-2.02377","-2.0362763","-3.9388442","3.5443192","7.8279085","4.715027","-0.11469726","0.14209716","-0.07550904","0.0","0.0","0.0","97066164857042"
"2.0140026","5.1288586","0.9332598","-1.9620911","-1.9943634","-3.833545","3.4955688","7.7998824","4.78642","-0.36628786","0.4414783","-0.043754883","0.0","0.0","0.0","97066179462615"
"2.0293255","5.092467","1.1554416","-1.8697723","-1.9740524","-3.7389832","3.418573","7.7431808","4.9140396","-0.6141614","0.7304517","-0.026337888","0.0","0.0","0.0","97066206772823"
"2.0503945","4.9770656","1.3809755","-1.7408279","-2.003563","-3.693721","3.3106964","7.6572905","5.0943117","-0.8561939","1.0120971","-0.017841795","0.0","0.0","0.0","97066220078240"
"2.063323","4.802289","1.6089035","-1.585878","-2.0628815","-3.6928818","3.1686752","7.541832","5.3214006","-1.0826148","1.2896008","-0.015930176","0.0","0.0","0.0","97066242596261"
"2.0436904","4.603571","1.8636465","-1.4237763","-2.1158066","-3.7063096","2.98694","7.396037","5.5895705","-1.3046815","1.5612636","-0.03685181","0.0","0.0","0.0","97066262151573"
"1.9785683","4.371333","2.1590912","-1.2607148","-2.172484","-3.7113433","2.7587554","7.2204757","5.89005","-1.5004103","1.8272974","-0.083898924","0.0","0.0","0.0","97066282618501"
"1.8828001","4.1022253","2.5603592","-1.0776001","-2.2414794","-3.62995","2.4798722","7.0203614","6.209924","-1.638047","2.0965173","-0.13742432","0.0","0.0","0.0","97066302347876"
"1.7707514","3.8527493","3.1115046","-0.85691375","-2.2761855","-3.3999405","2.147136","6.8055906","6.5310607","-1.6856251","2.3387623","-0.22281006","0.0","0.0","0.0","97066322964178"
"1.6151285","3.6482844","3.8561013","-0.6239227","-2.257585","-2.9646606","1.7585236","6.5825257","6.840375","-1.6921034","2.5658205","-0.33368406","0.0","0.0","0.0","97066342685844"
"1.0572793","3.425145","5.720227","-0.25714263","-2.0060685","-1.655426","0.8338944","6.1078706","7.3952622","-1.7063344","2.8450234","-0.5972754","0.0","0.0","0.0","97066377904073"
"1.0572793","3.425145","5.720227","-0.25714263","-2.0060685","-1.655426","0.8338944","6.1078706","7.3952622","-1.7063344","2.8450234","-0.5972754","0.0","0.0","0.0","97066377904073"
"0.6655881","3.278141","6.7181306","-0.13194427","-1.8970093","-0.89291537","0.31700438","5.8518066","7.6306534","-1.6860497","2.8957875","-0.74064696","0.0","0.0","0.0","97066403864907"
"0.2169147","3.1033642","7.6987953","-0.03982239","-1.8107849","-0.108500674","-0.22378846","5.590805","7.826903","-1.6015136","2.897168","-0.88072634","0.0","0.0","0.0","97066424349750"
"-0.2777274","3.0080752","8.630618","0.017182922","-1.6449356","0.67028046","-0.77543485","5.329666","7.9799438","-1.4962683","2.8315358","-1.0076368","0.0","0.0","0.0","97066445042823"
"-0.78386164","3.041594","9.484869","0.058276366","-1.3538224","1.415004","-1.3226608","5.07207","8.08947","-1.3668091","2.7000585","-1.1120324","0.0","0.0","0.0","97066465501782"
"-1.2770672","3.1713595","10.229944","0.094451904","-0.9770584","2.093927","-1.85204","4.825072","8.15562","-1.2028344","2.522915","-1.1890283","0.0","0.0","0.0","97066484966678"
"-1.7946936","3.3547554","10.788272","0.07861328","-0.55876315","2.6231277","-2.353827","4.590172","8.184746","-1.064242","2.3167784","-1.2437218","0.0","0.0","0.0","97066505555584"
"-2.3784","3.5707123","11.088026","-0.04107666","-0.11438904","2.919606","-2.8178406","4.361754","8.188021","-0.9857594","2.0817552","-1.246377","0.0","0.0","0.0","97066525038240"
"-3.0013714","3.788585","11.170386","-0.24729767","0.32954103","3.0138047","-3.23459","4.135695","8.176183","-0.94986326","1.8316517","-1.1933826","0.0","0.0","0.0","97066545628188"
"-3.6152446","3.9547424","11.139741","-0.49582213","0.71596223","3.0040588","-3.599936","3.9154282","8.155283","-0.8951696","1.5838845","-1.1075721","0.0","0.0","0.0","97066564993761"
"-4.203739","4.053384","11.053551","-0.76799774","1.0163482","2.948497","-3.9162536","3.7136827","8.124654","-0.7748438","1.364048","-1.0064685","0.0","0.0","0.0","97066583197719"
"-4.7649403","4.1534615","10.914686","-1.0599625","1.2923706","2.8479111","-4.1854887","3.537735","8.086375","-0.6417737","1.1588672","-0.88200074","0.0","0.0","0.0","97066605009542"
"-5.294059","4.2956767","10.741826","-1.3668579","1.5860122","2.7142975","-4.407712","3.3863068","8.047129","-0.54215693","0.9575097","-0.73947877","0.0","0.0","0.0","97066625696521"
"-5.784392","4.4101195","10.587639","-1.6801208","1.8283768","2.5953796","-4.5847807","3.2583833","8.011859","-0.45114255","0.7642237","-0.597063","0.0","0.0","0.0","97066645034386"
"-6.2311497","4.4340615","10.475591","-1.9908569","1.9544235","2.51326","-4.7208037","3.1562774","7.9819307","-0.35375613","0.5882483","-0.45698366","0.0","0.0","0.0","97066665753865"
"-6.617095","4.40581","10.390836","-2.2786927","2.003244","2.4511077","-4.8189135","3.0792053","7.9593277","-0.2720874","0.42257446","-0.31743532","0.0","0.0","0.0","97066685127823"
"-6.90392","4.373728","10.3434305","-2.5039291","2.0253937","2.4165924","-4.880502","3.024974","7.946439","-0.20518067","0.25594485","-0.18213502","0.0","0.0","0.0","97066705840844"
"-7.0633736","4.321534","10.362584","-2.6369538","2.0013504","2.439586","-4.906932","2.9968247","7.9425993","-0.102165535","0.091864035","-0.059578836","0.0","0.0","0.0","97066726355740"
"-7.120355","4.23247","10.439676","-2.7005966","1.9095109","2.5139403","-4.9002714","2.9996002","7.9453382","0.035683587","-0.07094239","0.043223873","0.0","0.0","0.0","97066745845063"
"-7.1117377","4.1544194","10.526827","-2.723105","1.7401505","2.6516175","-4.7882204","3.100966","7.967593","0.18372802","-0.23268679","0.13912353","0.0","0.0","0.0","97066784570792"
"-7.0308127","4.1644745","10.599609","-2.723105","1.7401505","2.6516175","-4.7882204","3.100966","7.967593","0.31159425","-0.40324584","0.24320069","0.0","0.0","0.0","97066784570792"
"-6.872795","4.2760444","10.730812","-2.618756","1.788028","3.0215347","-4.5262575","3.3150146","8.0171385","0.42820317","-0.59058475","0.34749025","0.0","0.0","0.0","97066826152511"
"-6.6644998","4.4264","11.0190735","-2.562793","1.7524338","3.3743591","-4.328435","3.4597855","8.051697","0.53015625","-0.8036243","0.45177978","0.0","0.0","0.0","97066846665271"
"-6.078879","4.580587","11.723448","-2.4775376","1.6242768","3.656688","-4.081853","3.6329544","8.086359","0.776543","-1.258484","0.68616575","0.0","0.0","0.0","97066864726365"
"-5.6632447","4.57532","11.871889","-2.3588805","1.4211121","3.7737975","-3.7848754","3.8308518","8.117691","0.88593024","-1.488622","0.8087219","0.0","0.0","0.0","97066883732979"
"-5.6632447","4.57532","11.871889","-2.2327576","1.135466","3.728241","-3.4374251","4.04563","8.1440935","0.88593024","-1.488622","0.8087219","0.0","0.0","0.0","97066906116104"
"-4.672045","4.355532","11.704294","-2.1111283","0.75873107","3.5633698","-3.041429","4.2734466","8.160522","1.0560644","-1.9502785","0.986715","0.0","0.0","0.0","97066924985532"
"-4.1405325","4.179797","11.481155","-2.0209534","0.34334105","3.3410783","-2.60009","4.5131025","8.159676","1.1464416","-2.164805","1.0504358","0.0","0.0","0.0","97066944053448"
"-4.1405325","4.179797","11.481155","-1.9144363","-0.12964478","3.0709596","-2.1185913","4.765344","8.132434","1.1464416","-2.164805","1.0504358","0.0","0.0","0.0","97066966498396"
"-2.9338546","3.7043087","10.830411","-1.810408","-0.6448776","2.776648","-1.6039612","5.025836","8.073361","1.3634107","-2.5396953","1.1091651","0.0","0.0","0.0","97066981775636"
"-2.9338546","3.7043087","10.830411","-1.7003021","-1.2139267","2.3562942","-1.0666764","5.290344","7.9780045","1.3634107","-2.5396953","1.1091651","0.0","0.0","0.0","97067006619698"
"-1.5777786","3.0569165","9.504501","-1.5354309","-1.8289826","1.6867142","-0.5228653","5.5625534","7.8373885","1.5876014","-2.7575138","1.0371606","0.0","0.0","0.0","97067023320271"
"-0.83844936","2.779668","8.485529","-1.3309402","-2.3854384","0.858609","0.01197052","5.8417616","7.6465225","1.7201405","-2.765054","0.95857173","0.0","0.0","0.0","97067045050375"
"-0.17238244","2.671929","7.524976","-1.1793396","-2.7702668","0.1355362","0.5264343","6.118852","7.409044","1.8047826","-2.7479556","0.84769773","0.0","0.0","0.0","97067064345844"
"0.35625714","2.6973078","6.7803793","-1.1349564","-3.0136628","-0.33322144","1.0106888","6.387628","7.1332045","1.8424841","-2.7005897","0.708468","0.0","0.0","0.0","97067079154073"
"0.7757214","2.7815835","6.211996","-1.1613114","-3.1935394","-0.5891678","1.4565079","6.651782","6.820769","1.904718","-2.6241248","0.5714685","0.0","0.0","0.0","97067101370636"
"1.121444","2.9170954","5.7321978","-1.2180374","-3.316153","-0.72510374","1.8589569","6.9099073","6.4769087","1.9382776","-2.5024183","0.44763798","0.0","0.0","0.0","97067125641209"
"1.4192827","3.0516496","5.238992","-1.2738358","-3.4266617","-0.8571289","2.2125916","7.154971","6.115729","1.9017442","-2.3661618","0.30968264","0.0","0.0","0.0","97067141543292"
"1.646253","3.188598","4.677312","-1.3494095","-3.5146606","-1.0549195","2.5151353","7.3799195","5.7518415","1.8054199","-2.2139757","0.17586914","0.0","0.0","0.0","97067164105271"
"1.8368317","3.3667266","4.0471582","-1.4112701","-3.5432296","-1.3213257","2.767575","7.5866165","5.388097","1.7347962","-2.0194154","0.07200439","0.0","0.0","0.0","97067183818969"
"1.9541476","3.6774936","3.4720714","-1.4969101","-3.4212632","-1.5417328","2.9705322","7.7754164","5.0334167","1.627002","-1.8132788","-0.01624878","0.0","0.0","0.0","97067201520740"
"1.9804834","4.114196","2.9999347","-1.6297531","-3.1494231","-1.6839203","3.1297119","7.9402785","4.7034683","1.4428492","-1.6233909","-0.096324466","0.0","0.0","0.0","97067218923969"
"1.98192","4.553771","2.5680208","-1.7508209","-2.8475692","-1.8218033","3.252217","8.078","4.4094377","1.2248181","-1.4239452","-0.13699952","0.0","0.0","0.0","97067244661573"
"1.9953277","4.8836927","2.1246145","-1.8285385","-2.6292007","-2.0130448","3.3433425","8.189552","4.1572723","1.0049818","-1.198905","-0.15951416","0.0","0.0","0.0","97067264928917"
"2.024058","5.127901","1.6869545","-1.8638275","-2.4750915","-2.2412324","3.4073625","8.279653","3.9477997","0.8128638","-0.96876717","-0.1611072","0.0","0.0","0.0","97067280087302"
"2.0618865","5.3582234","1.3043611","-1.8680588","-2.3125992","-2.4631805","3.4494216","8.347481","3.7871552","0.5883545","-0.7236548","-0.14432742","0.0","0.0","0.0","97067307393136"
"2.0944476","5.578969","0.9849747","-1.8586152","-2.1365051","-2.6766708","3.4725387","8.392131","3.6812592","0.3421802","-0.4878882","-0.12457399","0.0","0.0","0.0","97067321704073"
"2.139459","5.794447","0.72161233","-1.8226913","-1.94301","-2.8890471","3.481627","8.414114","3.6302733","0.110767804","-0.2456433","-0.077739276","0.0","0.0","0.0","97067343048656"
"2.1935678","6.0266848","0.5343858","-1.7670791","-1.7098191","-3.079387","3.480124","8.41316","3.6333861","-0.117989525","0.009982931","-0.010407722","0.0","0.0","0.0","97067363803448"
"2.2352266","6.211996","0.4055778","-1.7133042","-1.4953842","-3.274765","3.4680068","8.384036","3.6999574","-0.41524658","0.25891843","0.056286614","0.0","0.0","0.0","97067383479229"
"2.2768857","6.230671","0.2873042","-1.6511276","-1.4156525","-3.5246918","3.44749","8.32298","3.8316116","-0.7025207","0.51868653","0.15059325","0.0","0.0","0.0","97067404378083"
"2.2984338","6.0458384","0.2303222","-1.5993713","-1.5072296","-3.77278","3.417282","8.229724","4.0227175","-0.9505005","0.81212044","0.25987428","0.0","0.0","0.0","97067424011261"
"2.2424092","5.704904","0.31938648","-1.6060486","-1.7236313","-3.9304137","3.3679338","8.105192","4.269414","-1.1935949","1.1077844","0.32571903","0.0","0.0","0.0","97067444075792"
"2.1303606","5.273469","0.548751","-1.6396148","-1.9994583","-3.9994493","3.2894516","7.949585","4.567815","-1.4325476","1.398351","0.3591724","0.0","0.0","0.0","97067463876208"
"2.0178332","4.811388","0.8762778","-1.6371002","-2.2766755","-4.0130816","3.1744094","7.76472","4.9089737","-1.6226476","1.701449","0.3807312","0.0","0.0","0.0","97067484090063"
"1.9024328","4.3737283","1.2847286","-1.5899369","-2.504338","-3.9770935","3.0118454","7.554723","5.281436","-1.7756836","2.0169728","0.36288938","0.0","0.0","0.0","97067503933083"
"1.757344","4.005021","1.7683575","-1.5140442","-2.6383681","-3.8878982","2.7908645","7.320047","5.67587","-1.9120458","2.332284","0.30649656","0.0","0.0","0.0","97067524088552"
"1.5658079","3.7114913","2.3573308","-1.4225174","-2.6738098","-3.7026703","2.5078003","7.0619583","6.079614","-2.017716","2.6213634","0.23130612","0.0","0.0","0.0","97067543696260"
"1.3005303","3.4112587","3.1354465","-1.340126","-2.699463","-3.3224761","2.1601334","6.787378","6.4775343","-2.0476649","2.8696618","0.10726316","0.0","0.0","0.0","97067563099229"
"0.9442731","3.0224402","4.201345","-1.2821395","-2.8143768","-2.6264846","1.7458923","6.5134735","6.84744","-1.9548448","3.0787718","-0.06701295","0.0","0.0","0.0","97067584215740"
"0.53390694","2.6321855","5.548802","-1.2144654","-2.9369583","-1.6080475","1.2678528","6.245801","7.1764555","-1.8462012","3.2258606","-0.28005248","0.0","0.0","0.0","97067604313865"
"0.09768345","2.4004264","7.0346437","-1.122647","-2.9022477","-0.4086441","0.7398117","5.979332","7.4628935","-1.7614527","3.2732263","-0.49203005","0.0","0.0","0.0","97067624040479"
"-0.38833946","2.4243684","8.507078","-1.0503219","-2.6165223","0.8253006","0.18146515","5.7175474","7.701384","-1.6382593","3.2257545","-0.6791565","0.0","0.0","0.0","97067644752406"
"-0.9433155","2.7222073","9.834423","-1.0381393","-2.0620651","1.9618409","-0.38569182","5.4609284","7.8921876","-1.5219688","3.0879054","-0.8269885","0.0","0.0","0.0","97067663906990"
"-1.5471332","3.1742325","10.903194","-1.0854645","-1.3543701","2.880719","-0.9421829","5.2052584","8.042079","-1.4549559","2.87614","-0.9331897","0.0","0.0","0.0","97067684876000"
"-2.7480648","3.7718253","12.307155","-1.2799103","-0.2561981","4.0909514","-1.9486663","4.7046766","8.235805","-1.2647498","2.272068","-0.9799181","0.0","0.0","0.0","97067719855010"
"-2.7480648","3.7718253","12.307155","-1.2799103","-0.2561981","4.0909514","-1.9486663","4.7046766","8.235805","-1.2647498","2.272068","-0.9799181","0.0","0.0","0.0","97067719855010"
"-3.2862816","3.8221035","12.745294","-1.3927338","0.020121764","4.4809847","-2.374057","4.478635","8.28391","-1.1044922","1.9396582","-0.9629259","0.0","0.0","0.0","97067744390687"
"-3.7454891","3.917871","12.957418","-1.4851074","0.3231308","4.667024","-2.740892","4.2713914","8.309996","-0.9909631","1.6151073","-0.9087635","0.0","0.0","0.0","97067764988917"
"-4.111802","4.1730933","12.89948","-1.5479462","0.780217","4.588997","-3.0443664","4.0695267","8.330083","-0.96791756","1.2926805","-0.81466925","0.0","0.0","0.0","97067784406104"
"-4.413471","4.5657425","12.609781","-1.6128967","1.3728622","4.275882","-3.2810853","3.8695283","8.3535","-0.9500758","0.9773693","-0.6962549","0.0","0.0","0.0","97067804973552"
"-4.660074","4.854005","12.173557","-1.6790406","1.8487686","3.81557","-3.4615433","3.6818833","8.377588","-0.88497436","0.7256726","-0.5919654","0.0","0.0","0.0","97067825527927"
"-4.805163","4.877947","11.653058","-1.6898559","2.044351","3.269484","-3.5958145","3.5102417","8.403173","-0.8153065","0.5265454","-0.4890564","0.0","0.0","0.0","97067846125219"
"-4.82719","4.614106","11.1110115","-1.6119263","1.9292526","2.7037354","-3.6957717","3.361499","8.426875","-0.6975294","0.39188236","-0.39984742","0.0","0.0","0.0","97067865342823"
"-4.7797847","4.1869802","10.633129","-1.4890778","1.6219956","2.2080948","-3.7712142","3.2416291","8.4446335","-0.5409888","0.29247802","-0.3346399","0.0","0.0","0.0","97067886662042"
"-4.709874","3.8072598","10.239523","-1.3611877","1.3337891","1.8033844","-3.8291945","3.1501145","8.455737","-0.39506835","0.2183496","-0.29300904","0.0","0.0","0.0","97067906175844"
"-4.617936","3.5850773","9.881829","-1.2240006","1.1829345","1.4383682","-3.8744445","3.0787857","8.46306","-0.3011865","0.162594","-0.26178592","0.0","0.0","0.0","97067926533500"
"-4.502536","3.4596214","9.548078","-1.0733445","1.115007","1.0988449","-3.9097016","3.021257","8.468834","-0.24086425","0.12096314","-0.22727053","0.0","0.0","0.0","97067946226260"
"-4.386178","3.2996888","9.276575","-0.93040466","1.0008758","0.82246244","-3.9362838","2.9754577","8.473715","-0.18765749","0.08496094","-0.1907373","0.0","0.0","0.0","97067966211260"
"-4.282269","3.0875623","9.061575","-0.80813754","0.8226303","0.6035385","-3.9546432","2.9415772","8.477641","-0.13742432","0.050020754","-0.15038086","0.0","0.0","0.0","97067986260062"
"-4.185544","2.7935545","8.867643","-0.6978363","0.5481812","0.40889436","-3.968219","2.9220214","8.4783535","-0.07423462","0.037807614","-0.10779418","0.0","0.0","0.0","97068006841729"
"-4.0864234","2.5239675","8.680418","-0.5911789","0.28657073","0.22236481","-3.9757583","2.9140458","8.477656","-0.03069214","0.019965816","-0.056605227","0.0","0.0","0.0","97068027210062"
"-3.9968803","2.3343465","8.497979","-0.44165802","-0.026922608","-0.10739746","-3.9734879","2.9119859","8.479414","-0.015611572","0.0033984333","-0.008389895","0.0","0.0","0.0","97068067287979"
"-3.9346313","2.2084115","8.352411","-0.40554658","-0.12088776","-0.18042907","-3.9645889","2.9121003","8.483495","-0.025169676","-0.016248781","0.033240966","0.0","0.0","0.0","97068088189854"
"-3.8527496","2.0250158","8.297346","-0.3815979","-0.21081543","-0.17239074","-3.9516664","2.9124877","8.489342","-0.04598511","-0.04630371","0.08867798","0.0","0.0","0.0","97068105752042"
"-3.8527496","2.0250158","8.297346","-0.3770218","-0.29681396","-0.10940094","-3.9375672","2.9113402","8.496262","-0.04598511","-0.04630371","0.08867798","0.0","0.0","0.0","97068127931052"
"-3.8369477","1.8756176","8.455362","-0.3945755","-0.35568848","-0.029231261","-3.9228852","2.907968","8.504196","-0.0544812","-0.070411384","0.101422116","0.0","0.0","0.0","97068145070010"
"-3.8431728","1.8478448","8.525273","-0.41578674","-0.377623","0.03177948","-3.907898","2.9021301","8.513095","-0.05564942","-0.08219971","0.092926025","0.0","0.0","0.0","97068163059437"
"-3.8326383","1.8358738","8.553046","-0.41981354","-0.38348693","0.05077667","-3.8933365","2.8960235","8.521871","-0.042692877","-0.087191164","0.08071289","0.0","0.0","0.0","97068186040323"
"-3.8091748","1.8320433","8.545385","-0.41023713","-0.382106","0.034983825","-3.8794494","2.8908095","8.530004","-0.02867432","-0.09143921","0.06722534","0.0","0.0","0.0","97068205618135"
"-3.7857118","1.8459297","8.5286255","-0.40031737","-0.36351624","0.010467529","-3.8659043","2.8861039","8.537763","-0.018585209","-0.09685548","0.052569576","0.0","0.0","0.0","97068224247250"
"-3.7584176","1.8914194","8.519049","-0.38693237","-0.313208","-0.0070144655","-3.851996","2.8812835","8.54567","-0.014230957","-0.10386475","0.038869627","0.0","0.0","0.0","97068242033396"
"-3.7181954","1.9622877","8.508993","-0.36078644","-0.23674011","-0.02527008","-3.8379197","2.875682","8.553869","-0.016461182","-0.10981202","0.028249511","0.0","0.0","0.0","97068264035531"
"-3.670311","2.0293252","8.484571","-0.3266037","-0.16300507","-0.05805664","-3.8242188","2.8689835","8.562236","-0.021240234","-0.11257325","0.020496827","0.0","0.0","0.0","97068284911208"
"-3.6310463","2.0728998","8.447222","-0.2998932","-0.111853026","-0.10352631","-3.8116653","2.8614044","8.570356","-0.026337892","-0.11182984","0.013912355","0.0","0.0","0.0","97068303397562"
"-3.6066253","2.099715","8.41083","-0.2877899","-0.07901611","-0.1473938","-3.7993484","2.8553817","8.577833","-0.026762698","-0.10779419","0.0084960945","0.0","0.0","0.0","97068325257875"
"-3.59226","2.1155167","8.39024","-0.2849884","-0.057293702","-0.17506714","-3.7877853","2.84946","8.584918","-0.033134766","-0.10620117","0.0032922372","0.0","0.0","0.0","97068343424333"
"-3.5812469","2.117432","8.388326","-0.2848099","-0.04811859","-0.18415833","-3.7769501","2.8422012","8.592096","-0.045560304","-0.104289554","-0.00180542","0.0","0.0","0.0","97068365160896"
"-3.571191","2.1059394","8.396466","-0.285199","-0.049354553","-0.18397827","-3.7665055","2.831946","8.600057","-0.06138428","-0.104820564","-0.009239501","0.0","0.0","0.0","97068384785791"
"-3.5549107","2.0853496","8.401255","-0.27856904","-0.05732422","-0.18755189","-3.7568543","2.8193252","8.608418","-0.07157959","-0.10089111","-0.016461182","0.0","0.0","0.0","97068402350948"
"-3.531926","2.0614076","8.398381","-0.26404268","-0.06706543","-0.19874267","-3.7483964","2.805127","8.6167345","-0.076252446","-0.09420045","-0.021771241","0.0","0.0","0.0","97068420327875"
"-3.5132515","2.03555","8.401732","-0.25209197","-0.07764129","-0.20325013","-3.7416718","2.789847","8.624593","-0.0816687","-0.08740357","-0.025700683","0.0","0.0","0.0","97068446058812"
"-3.5022385","2.003468","8.424716","-0.2469101","-0.09295197","-0.18816224","-3.7358398","2.7730758","8.632489","-0.087191164","-0.08315552","-0.028037107","0.0","0.0","0.0","97068466323448"
"-3.4893098","1.9656395","8.463503","-0.23946838","-0.112838745","-0.15745696","-3.7303529","2.755136","8.640569","-0.09197022","-0.07975708","-0.028461913","0.0","0.0","0.0","97068481339541"
"-3.463452","1.9397824","8.508515","-0.21957703","-0.11996307","-0.120953366","-3.724385","2.7364044","8.649076","-0.09451904","-0.07827026","-0.024638671","0.0","0.0","0.0","97068508452771"
"-3.4289756","1.9359516","8.55113","-0.19272156","-0.104437254","-0.08772125","-3.7167633","2.7170472","8.65846","-0.10025392","-0.07986328","-0.016885985","0.0","0.0","0.0","97068522872614"
"-3.3968937","1.9531896","8.582735","-0.17040558","-0.06874237","-0.06607971","-3.7069962","2.6985886","8.668422","-0.101209715","-0.07943847","-0.004885254","0.0","0.0","0.0","97068544514385"
"-3.3743877","1.9780896","8.597579","-0.15638581","0.0043426515","-0.0724472","-3.682228","2.667157","8.688675","-0.101315916","-0.07975708","0.010620115","0.0","0.0","0.0","97068580313656"
"-3.3581073","1.9948488","8.596621","-0.15638581","0.0043426515","-0.0724472","-3.682228","2.667157","8.688675","-0.100997314","-0.07678345","0.027718505","0.0","0.0","0.0","97068580313656"
"-3.347573","1.9929335","8.58848","-0.1592575","0.015766907","-0.090351865","-3.6688232","2.6538177","8.698439","-0.10280273","-0.07434083","0.04248047","0.0","0.0","0.0","97068605013083"
"-3.343742","1.9642029","8.58465","-0.1686966","-6.8511965E-4","-0.10353241","-3.6555543","2.641539","8.707789","-0.10184692","-0.06934936","0.05150757","0.0","0.0","0.0","97068624695166"
"-3.341348","1.9110518","8.584172","-0.17866668","-0.043156434","-0.11246338","-3.64319","2.6308594","8.716242","-0.09228881","-0.060109865","0.05511841","0.0","0.0","0.0","97068645040010"
"-3.3399112","1.853112","8.577946","-0.18769684","-0.09228973","-0.12575074","-3.632724","2.6220536","8.723303","-0.0815625","-0.047896728","0.053843994","0.0","0.0","0.0","97068665138239"
"-3.3399112","1.802355","8.567411","-0.1959732","-0.13511352","-0.14214782","-3.6244476","2.614119","8.729166","-0.074978024","-0.0360022","0.04789673","0.0","0.0","0.0","97068685155427"
"-3.341348","1.7616535","8.5597515","-0.2023224","-0.16762237","-0.15432434","-3.619536","2.6059265","8.733681","-0.06733154","-0.022302248","0.038657226","0.0","0.0","0.0","97068705279906"
"-3.3427844","1.7223886","8.563103","-0.20560455","-0.1986084","-0.15421295","-3.6176896","2.5976486","8.736923","-0.05777344","-0.010620119","0.02655029","0.0","0.0","0.0","97068725399489"
"-3.341348","1.6812084","8.58034","-0.2033722","-0.23214874","-0.1389099","-3.618486","2.5900102","8.738858","-0.04460449","-1.061989E-4","0.012531735","0.0","0.0","0.0","97068745325270"
"-3.3365598","1.6452955","8.605239","-0.19541016","-0.2606125","-0.114889525","-3.6216598","2.5825622","8.739736","-0.035471193","0.008814697","-0.003079833","0.0","0.0","0.0","97068765349125"
"-3.3356023","1.6218323","8.62966","-0.18939666","-0.276326","-0.09064789","-3.626718","2.5748138","8.739914","-0.029523928","0.015611572","-0.0181604","0.0","0.0","0.0","97068785329698"
"-3.341827","1.6213535","8.648814","-0.19221649","-0.26901704","-0.07016449","-3.6330643","2.5670273","8.739566","-0.02368286","0.019753417","-0.029736329","0.0","0.0","0.0","97068806133656"
"-3.3494885","1.649605","8.662222","-0.19575652","-0.2330658","-0.055101015","-3.6401277","2.5593262","8.73889","-0.02092163","0.020496827","-0.0362146","0.0","0.0","0.0","97068825692302"
"-3.3523612","1.6955738","8.670841","-0.19415131","-0.17947236","-0.044650268","-3.6475463","2.5516999","8.73804","-0.021877442","0.019647215","-0.036639407","0.0","0.0","0.0","97068845977041"
"-3.350446","1.7353175","8.678502","-0.18794708","-0.1318222","-0.03530731","-3.654776","2.5437927","8.73734","-0.025169676","0.017629394","-0.034833986","0.0","0.0","0.0","97068865537770"
"-3.347573","1.7640479","8.6876","-0.18096618","-0.095500186","-0.02449646","-3.6618257","2.536203","8.7366085","-0.024107667","0.016673584","-0.03090454","0.0","0.0","0.0","97068886304072"
"-3.3494885","1.7846378","8.695262","-0.17995758","-0.06850433","-0.015257264","-3.667691","2.529796","8.736012","-0.025488282","0.01348755","-0.026762698","0.0","0.0","0.0","97068905709854"
"-3.3585865","1.8033127","8.694783","-0.18681335","-0.044577025","-0.014099121","-3.672876","2.5245438","8.735354","-0.02357666","0.012850342","-0.022620851","0.0","0.0","0.0","97068925685166"
"-3.3715153","1.8195932","8.68377","-0.19753723","-0.023928832","-0.023228455","-3.6780229","2.5201766","8.734451","-0.02177124","0.013168946","-0.019116212","0.0","0.0","0.0","97068946043291"
"-3.383007","1.832522","8.66749","-0.20665284","-0.008029175","-0.03714447","-3.6833405","2.5172057","8.7330675","-0.017629392","0.0150805665","-0.014549561","0.0","0.0","0.0","97068966673968"
"-3.3887534","1.8444932","8.652646","-0.21009979","0.00614624","-0.049430847","-3.6885803","2.5150008","8.731491","-0.016142579","0.0150805665","-0.009664306","0.0","0.0","0.0","97068986886572"
"-3.387317","1.8459295","8.647379","-0.20355682","0.009387207","-0.05306091","-3.6936874","2.5131943","8.729854","-0.01624878","0.014974365","-0.0055224607","0.0","0.0","0.0","97069007348708"
"-3.3806129","1.832522","8.651688","-0.19178009","-0.0035430908","-0.04674225","-3.698761","2.5127182","8.727846","-0.009133302","0.017735597","-4.2480472E-4","0.0","0.0","0.0","97069027440895"
"-3.3782184","1.8191143","8.662701","-0.18476105","-0.017291259","-0.03367157","-3.7033875","2.5130615","8.725787","-0.0060534673","0.01709839","0.0038232424","0.0","0.0","0.0","97069047550739"
"-3.3877957","1.8253393","8.678503","-0.18716736","-0.014204407","-0.0139251705","-3.7105575","2.5162003","8.721842","-0.0018054195","0.012425536","0.016992187","0.0","0.0","0.0","97069082474802"
"-3.3877957","1.8253393","8.678503","-0.18550262","-0.011651611","-0.025437927","-3.7127013","2.5179582","8.720426","-0.0018054195","0.012425536","0.016992187","0.0","0.0","0.0","97069104113291"
"-3.3882744","1.829649","8.665574","-0.17635651","-0.022024537","-0.04598541","-3.7141876","2.5192323","8.719427","-0.006265869","0.008708496","0.023789063","0.0","0.0","0.0","97069124653656"
"-3.3667264","1.7966089","8.627267","-0.16151428","-0.046388246","-0.062216185","-3.7151444","2.5196533","8.7189","-0.017947998","0.006265869","0.033134766","0.0","0.0","0.0","97069144107458"
"-3.3667264","1.7966089","8.627267","-0.1470108","-0.074279785","-0.06697998","-3.7162414","2.519774","8.718397","-0.017947998","0.006265869","0.033134766","0.0","0.0","0.0","97069164797770"
"-3.3485305","1.7506403","8.629661","-0.14122161","-0.09208832","-0.05900421","-3.7172425","2.5193863","8.718081","-0.020072022","0.0082836915","0.03249756","0.0","0.0","0.0","97069181475999"
"-3.3509247","1.7439365","8.641153","-0.14263001","-0.09769897","-0.04740753","-3.718228","2.5182953","8.717975","-0.022302246","0.008920899","0.02984253","0.0","0.0","0.0","97069204753916"
"-3.3552346","1.7386694","8.645464","-0.14591065","-0.10049591","-0.04337158","-3.7192566","2.5158248","8.718246","-0.02888672","0.0071154786","0.025594482","0.0","0.0","0.0","97069224198135"
"-3.3552346","1.724783","8.639717","-0.1446167","-0.11123047","-0.049472045","-3.7205505","2.5126724","8.718602","-0.029205322","0.008071289","0.020496827","0.0","0.0","0.0","97069244673187"
"-3.350446","1.703714","8.629662","-0.13813324","-0.12875824","-0.059822083","-3.7222474","2.5091324","8.718895","-0.026762698","0.009664306","0.012106935","0.0","0.0","0.0","97069264233708"
"-3.3466153","1.6859968","8.628224","-0.13192749","-0.1427002","-0.06132965","-3.7246232","2.5053558","8.7189665","-0.022408448","0.010832519","0.0023364264","0.0","0.0","0.0","97069284830687"
"-3.3475728","1.6850393","8.644026","-0.12977448","-0.14026031","-0.045175172","-3.7277343","2.5019577","8.718613","-0.015823975","0.012531738","-0.007434082","0.0","0.0","0.0","97069307177562"
"-3.3475728","1.6850393","8.644026","-0.13329926","-0.11567535","-0.02136383","-3.7309113","2.4984405","8.718262","-0.015823975","0.012531738","-0.007434082","0.0","0.0","0.0","97069329195531"
"-3.3652902","1.7396271","8.680897","-0.14143524","-0.07860718","-0.0077407835","-3.733789","2.4948914","8.718046","-0.01348755","0.006796874","-0.02166504","0.0","0.0","0.0","97069347258343"
"-3.3652902","1.7396271","8.680897","-0.15322876","-0.047705077","-0.009449768","-3.735881","2.490802","8.71832","-0.01348755","0.006796874","-0.02166504","0.0","0.0","0.0","97069369346885"
"-3.3901894","1.7726669","8.668447","-0.16255036","-0.03745117","-0.020886231","-3.7375731","2.4867737","8.718745","-0.017523194","-0.0023364266","-0.024638671","0.0","0.0","0.0","97069386416312"
"-3.3959355","1.766442","8.6593485","-0.16707917","-0.0396698","-0.030601501","-3.7387893","2.4827666","8.719365","-0.018479005","-0.0061596683","-0.023682859","0.0","0.0","0.0","97069407603447"
"-3.3992875","1.7654845","8.661264","-0.1699768","-0.036312867","-0.029714966","-3.7392426","2.4784515","8.720393","-0.021452636","-0.010726319","-0.022302244","0.0","0.0","0.0","97069426558760"
"-3.4031186","1.7750612","8.672277","-0.17420654","-0.02241974","-0.02009735","-3.7388413","2.474135","8.7217865","-0.022196045","-0.015823975","-0.020921629","0.0","0.0","0.0","97069446920218"
"-3.40647","1.7946936","8.682812","-0.1788147","0.0011444092","-0.011212158","-3.7375855","2.470201","8.723437","-0.024001464","-0.020390626","-0.017416991","0.0","0.0","0.0","97069465581208"
"-3.4117374","1.8157628","8.681854","-0.18652496","0.026756287","-0.014498902","-3.7351425","2.465657","8.725766","-0.032816164","-0.026868898","-0.011894531","0.0","0.0","0.0","97069486200374"
"-3.4131742","1.8234241","8.668926","-0.19164887","0.039715577","-0.030496215","-3.7314544","2.4603577","8.728834","-0.039400637","-0.032816164","-0.0067968755","0.0","0.0","0.0","97069506358395"
"-3.4031186","1.8071434","8.65887","-0.1857849","0.027816772","-0.043573","-3.7272644","2.455977","8.731857","-0.036639407","-0.03451538","-3.1860376E-4","0.0","0.0","0.0","97069526468968"
"-3.3901896","1.7870321","8.661743","-0.17774811","0.011338806","-0.043806456","-3.7223725","2.4523437","8.734962","-0.033665773","-0.036533203","0.00541626","0.0","0.0","0.0","97069546115270"
"-3.3758247","1.7793707","8.678982","-0.16898957","0.0066986084","-0.029804993","-3.7167664","2.4493225","8.738197","-0.031966552","-0.038020022","0.011044922","0.0","0.0","0.0","97069561952041"
"-3.3600228","1.781765","8.698134","-0.15965576","0.011476135","-0.0140686035","-3.710298","2.446939","8.741612","-0.02984253","-0.04003784","0.0152929695","0.0","0.0","0.0","97069582045739"
"-3.343742","1.7788919","8.709147","-0.15064697","0.009996032","-0.0065261843","-3.7030272","2.445546","8.745082","-0.024426268","-0.042161863","0.018585207","0.0","0.0","0.0","97069608992249"
"-3.326983","1.7645266","8.709147","-0.14163513","-0.0047836304","-0.009680176","-3.6952806","2.445961","8.7482395","-0.013912353","-0.04269287","0.021346437","0.0","0.0","0.0","97069622568968"
"-3.3116596","1.7496827","8.7034025","-0.13430329","-0.021392822","-0.018295288","-3.687291","2.4477265","8.751111","-0.0070092776","-0.043330077","0.02357666","0.0","0.0","0.0","97069650731468"
"-3.3006465","1.7396271","8.701487","-0.13155517","-0.034114074","-0.022935485","-3.6790252","2.4503937","8.753836","-7.434081E-4","-0.044604488","0.02506348","0.0","0.0","0.0","97069663079853"
"-3.2877178","1.733402","8.710107","-0.12718812","-0.044302367","-0.016790772","-3.6704636","2.4543579","8.756312","0.007221679","-0.044923093","0.026125487","0.0","0.0","0.0","97069686284176"
"-3.2719162","1.727656","8.72495","-0.12025452","-0.0550827","-0.0042419434","-3.661595","2.459395","8.758608","0.0134875495","-0.045666505","0.027718509","0.0","0.0","0.0","97069705709176"
"-3.2589874","1.7257407","8.73309","-0.11673279","-0.062290955","0.001461792","-3.6521866","2.464688","8.7610445","0.015930178","-0.046940915","0.02814331","0.0","0.0","0.0","97069726205218"
"-3.2451012","1.7199945","8.73309","-0.112062074","-0.07466278","-5.065918E-4","-3.6429687","2.471315","8.763013","0.024638673","-0.045135498","0.02803711","0.0","0.0","0.0","97069746010687"
"-3.2316937","1.70946","8.725429","-0.107348636","-0.09385681","-0.00932312","-3.6342742","2.479976","8.76417","0.03759522","-0.04184326","0.028355712","0.0","0.0","0.0","97069766331676"
"-3.2216377","1.7032353","8.719683","-0.10538788","-0.110673524","-0.015408325","-3.6261795","2.4905686","8.764508","0.04853394","-0.03876343","0.02984253","0.0","0.0","0.0","97069785994749"
"-3.2163708","1.7075447","8.725429","-0.10789337","-0.11867066","-0.009355163","-3.6184068","2.5028763","8.7642","0.05734863","-0.036320798","0.033984374","0.0","0.0","0.0","97069806302718"
"-3.2134976","1.7147274","8.746977","-0.11245575","-0.12590332","0.013282776","-3.610971","2.5172913","8.763107","0.07062378","-0.032816164","0.039082028","0.0","0.0","0.0","97069826049645"
"-3.2072728","1.7142484","8.776186","-0.11303101","-0.1449112","0.045106508","-3.6041703","2.53582","8.76049","0.09866089","-0.026762698","0.04736572","0.0","0.0","0.0","97069846499385"
"-3.2015266","1.7166427","8.797255","-0.11377563","-0.16634826","0.070574954","-3.5976777","2.5596511","8.756088","0.12860963","-0.022514649","0.059366453","0.0","0.0","0.0","97069866079124"
"-3.2063148","1.7372329","8.803001","-0.12529449","-0.17444916","0.08218384","-3.590947","2.5883439","8.750223","0.15271729","-0.021452637","0.072747804","0.0","0.0","0.0","97069886388343"
"-3.2225957","1.7808073","8.803959","-0.14996032","-0.16357727","0.089631654","-3.5825622","2.6210449","8.743733","0.16588624","-0.027718505","0.08772217","0.0","0.0","0.0","97069906194489"
"-3.2383971","1.8411413","8.815451","-0.17766266","-0.13746643","0.106716916","-3.5706635","2.6552658","8.738139","0.16514282","-0.045454103","0.102165535","0.0","0.0","0.0","97069926491520"
"-3.2585082","1.9005175","8.819281","-0.2147232","-0.11174164","0.1140213","-3.5537155","2.6889145","8.734665","0.15271729","-0.07126099","0.1171399","0.0","0.0","0.0","97069946575218"
"-3.2752678","1.9416975","8.796297","-0.25376588","-0.10185242","0.0917572","-3.531433","2.7202058","8.733945","0.13222048","-0.100678705","0.13137086","0.0","0.0","0.0","97069967332249"
"-3.2632968","1.9728222","8.771398","-0.26841888","-0.10240326","0.06613465","-3.504808","2.75188","8.734671","0.1348755","-0.1179895","0.14358398","0.0","0.0","0.0","97069987887197"
"-3.2379184","2.0231004","8.767567","-0.27409515","-0.084689334","0.060302734","-3.4737535","2.7844422","8.736673","0.13296387","-0.14241578","0.14963745","0.0","0.0","0.0","97070008501416"
"-3.2144551","2.1102493","8.767088","-0.28728637","-0.028819274","0.055462647","-3.4370987","2.8157196","8.741034","0.11883912","-0.1710901","0.15622193","0.0","0.0","0.0","97070028464020"
"-3.193386","2.2199037","8.755116","-0.3085266","0.05393524","0.03580475","-3.3947906","2.8426178","8.748721","0.08538575","-0.20454344","0.15261108","0.0","0.0","0.0","97070049021989"
"-3.085647","2.3712173","8.726387","-0.299469","0.17580871","-0.020793151","-3.296109","2.8720536","8.776593","-0.00828369","-0.26284793","0.10482055","0.0","0.0","0.0","97070082342718"
"-3.085647","2.3712173","8.726387","-0.299469","0.17580871","-0.020793151","-3.296109","2.8720536","8.776593","-0.00828369","-0.26284793","0.10482055","0.0","0.0","0.0","97070082342718"
"-2.9860485","2.3621192","8.706276","-0.2524765","0.16616516","-0.060287476","-3.2435043","2.8725998","8.795978","-0.038551025","-0.27835327","0.064995125","0.0","0.0","0.0","97070109498082"
"-2.8816614","2.3051372","8.679939","-0.133461","0.08815613","-0.13791505","-3.1451278","2.8586762","8.836256","-0.050764162","-0.2781409","0.021771248","0.0","0.0","0.0","97070147010530"
"-2.7686553","2.2701821","8.668926","-0.133461","0.08815613","-0.13791505","-3.1451278","2.8586762","8.836256","-0.05872925","-0.26698977","-0.013381344","0.0","0.0","0.0","97070147010530"
"-2.6609159","2.3108835","8.686164","-0.0525177","0.21956787","-0.11451416","-3.056563","2.82686","8.877495","-0.07136719","-0.25626343","-0.04258667","0.0","0.0","0.0","97070187632145"
"-2.5991454","2.369781","8.733568","-0.06640015","0.22282258","-0.04691925","-3.011078","2.8034942","8.900401","-0.10205933","-0.26730832","-0.065207526","0.0","0.0","0.0","97070209682509"
"-2.5273192","2.2510285","8.938513","-0.073971555","0.15097198","0.04322357","-2.9632843","2.7767043","8.924703","-0.13349488","-0.29661983","-0.087509766","0.0","0.0","0.0","97070227799020"
"-2.5273192","2.2510285","8.938513","-0.062452696","0.053500365","0.10182343","-2.9111161","2.7468064","8.950857","-0.13349488","-0.29661983","-0.087509766","0.0","0.0","0.0","97070250198499"
"-2.3855824","2.0087352","9.045773","-0.04072418","-0.026300048","0.095933534","-2.8547943","2.7116866","8.979253","-0.18139163","-0.3443042","-0.09356323","0.0","0.0","0.0","97070266737145"
"-2.3228545","1.9038693","9.039069","-0.039930724","-0.08742676","0.05759125","-2.7928605","2.667949","9.01089","-0.23194337","-0.37414673","-0.09462525","0.0","0.0","0.0","97070287303499"
"-2.276407","1.8023552","9.073067","-0.061836243","-0.13636628","0.05667267","-2.7245057","2.6153748","9.045807","-0.2824951","-0.40738767","-0.08782837","0.0","0.0","0.0","97070308525999"
"-2.2299597","1.7286136","9.16644","-0.09321747","-0.15063782","0.11166076","-2.646675","2.5559037","9.084192","-0.31966552","-0.45677122","-0.07550903","0.0","0.0","0.0","97070327671155"
"-2.180639","1.6462532","9.285671","-0.13322143","-0.16983338","0.1894867","-2.5573502","2.4927382","9.125595","-0.34079957","-0.5161377","-0.073385015","0.0","0.0","0.0","97070346307666"
"-2.110728","1.5653291","9.469546","-0.16436616","-0.18582611","0.32967988","-2.4562926","2.4278076","9.169275","-0.35566774","-0.57688475","-0.075721435","0.0","0.0","0.0","97070367205322"
"-2.0231004","1.493503","9.608411","-0.18963471","-0.18758544","0.4223984","-2.3433976","2.3577409","9.215421","-0.38582888","-0.6348706","-0.07816406","0.0","0.0","0.0","97070385566676"
"-1.9172766","1.5064317","9.584948","-0.20697632","-0.09392242","0.3498459","-2.2202315","2.277005","9.264509","-0.44413328","-0.68499756","-0.07773926","0.0","0.0","0.0","97070402587822"
"-1.7970879","1.5873556","9.425494","-0.21709748","0.08204041","0.1389679","-2.0899215","2.1819656","9.315935","-0.5165625","-0.7150525","-0.06903076","0.0","0.0","0.0","97070422482666"
"-1.6788143","1.6927006","9.268435","-0.23368683","0.30233613","-0.07158966","-1.9550598","2.0670135","9.369435","-0.6367823","-0.73002684","-0.038657226","0.0","0.0","0.0","97070448640947"
"-1.5739483","1.769315","9.188467","-0.26701507","0.52058256","-0.20667878","-1.8168656","1.92538","9.424559","-0.78217167","-0.73300046","0.012319332","0.0","0.0","0.0","97070463898082"
"-1.4772224","1.7908628","9.170272","-0.30842438","0.7099411","-0.2785446","-1.6787307","1.7575668","9.478229","-0.92076415","-0.7166455","0.07922608","0.0","0.0","0.0","97070491011155"
"-1.3891157","1.7563864","9.176974","-0.35580444","0.8680512","-0.32234344","-1.543245","1.564978","9.52873","-1.0500109","-0.68945795","0.15908936","0.0","0.0","0.0","97070504159801"
"-1.3101071","1.6649278","9.1894245","-0.40565643","0.9930649","-0.3561142","-1.4143845","1.3485047","9.574954","-1.1825501","-0.643048","0.23884645","0.0","0.0","0.0","97070531580843"
"-1.2186487","1.5524005","9.196608","-0.43394774","1.125438","-0.39035034","-1.2946335","1.1036041","9.616374","-1.3384534","-0.59100944","0.31669194","0.0","0.0","0.0","97070543926884"
"-1.1228806","1.3374012","9.121908","-0.44826356","1.1862625","-0.50067294","-1.1845505","0.8277817","9.651998","-1.4949939","-0.5369531","0.38529783","0.0","0.0","0.0","97070567090426"
"-1.017057","0.9710883","9.034281","-0.43990022","1.1210953","-0.61596525","-1.0870895","0.5266388","9.679665","-1.6245594","-0.47004637","0.44062868","0.0","0.0","0.0","97070586600634"
"-0.902614","0.4697424","9.008424","-0.40756074","0.9450623","-0.65970916","-1.0049865","0.20132904","9.697553","-1.7604969","-0.39220092","0.4860828","0.0","0.0","0.0","97070607261624"
"-0.79774797","-0.048841644","9.0587015","-0.37045747","0.7827713","-0.61399686","-0.9372238","-0.15496063","9.702118","-1.9378526","-0.32986084","0.5126331","0.0","0.0","0.0","97070625855999"
"-0.7211336","-0.5736507","9.1635685","-0.35048217","0.6478699","-0.49565887","-0.8805847","-0.5448669","9.688646","-2.1025708","-0.28780517","0.51210207","0.0","0.0","0.0","97070647648707"
"-0.683784","-1.1860875","9.332119","-0.36224213","0.44055635","-0.2944153","-0.83147585","-0.9499863","9.655952","-2.1487682","-0.26614016","0.4858703","0.0","0.0","0.0","97070668713863"
"-0.650744","-1.8464085","9.515993","-0.37184447","0.17473908","-0.06352539","-0.78883207","-1.3444855","9.608935","-2.0670996","-0.24341309","0.452948","0.0","0.0","0.0","97070688324957"
"-0.5760449","-2.3750482","9.589257","-0.33154756","0.02097931","0.06646271","-0.75442964","-1.7193619","9.55221","-1.9691823","-0.21091552","0.4088745","0.0","0.0","0.0","97070708685374"
"-0.4903325","-2.7246015","9.496362","-0.27512208","0.030937195","0.038693238","-0.72514343","-2.0788713","9.487083","-1.8971777","-0.1965784","0.3549243","0.0","0.0","0.0","97070728531051"
"-0.44963112","-3.0521283","9.320627","-0.2622345","0.04420166","-0.06565704","-0.6973297","-2.4196625","9.4157","-1.789596","-0.19307375","0.3001245","0.0","0.0","0.0","97070748803603"
"-0.4458004","-3.437116","9.1764965","-0.2824219","-0.028401185","-0.13657074","-0.6733109","-2.732048","9.342485","-1.6342236","-0.17013429","0.25615722","0.0","0.0","0.0","97070769477926"
"-0.4510676","-3.775177","9.097967","-0.33072358","-0.065733336","-0.12595062","-0.6350647","-3.2650115","9.200183","-1.4816126","-0.14974368","0.21410155","0.0","0.0","0.0","97070809862978"
"-0.45585603","-4.007415","9.044816","-0.3403717","-0.04017334","-0.12160339","-0.61967164","-3.4744477","9.135503","-1.3068054","-0.13848636","0.17416993","0.0","0.0","0.0","97070830242093"
"-0.4501099","-4.191289","8.984482","-0.33414","-0.030444335","-0.12748413","-0.6091431","-3.6388412","9.078176","-1.0819775","-0.11374146","0.13954833","0.0","0.0","0.0","97070850745582"
"-0.4122815","-4.4225693","8.838435","-0.3185684","0.021443177","-0.16061401","-0.6036438","-3.7673461","9.028465","-0.6821301","-0.05129516","0.09738647","0.0","0.0","0.0","97070867831259"
"-0.40270472","-4.456088","8.725908","-0.3110199","0.095143124","-0.2289978","-0.6016159","-3.8745651","8.984322","-0.5858057","-0.029205322","0.07380982","0.0","0.0","0.0","97070887281520"
"-0.41323918","-4.5638275","8.631097","-0.3235565","0.07798614","-0.2853302","-0.5996124","-3.9651475","8.945844","-0.4921363","-0.022939455","0.053312987","0.0","0.0","0.0","97070908619801"
"-0.41659108","-4.7591944","8.612422","-0.327298","-0.04634857","-0.27290648","-0.5992218","-4.0361786","8.914744","-0.3815808","-0.0056286613","0.041206054","0.0","0.0","0.0","97070928409072"
"-0.39217025","-4.916254","8.649772","-0.29899597","-0.14787292","-0.21032563","-0.6031021","-4.0917144","8.889514","-0.30904543","0.023576662","0.03249756","0.0","0.0","0.0","97070948066728"
"-0.35529953","-4.9468994","8.667009","-0.25584412","-0.12662049","-0.16888122","-0.6093826","-4.143613","8.865308","-0.3058594","0.03791382","0.018797608","0.0","0.0","0.0","97070969425582"
"-0.3203442","-4.908592","8.63828","-0.21356964","-0.031040955","-0.1702896","-0.61670226","-4.2008867","8.837984","-0.3440918","0.04959595","0.009133299","0.0","0.0","0.0","97070984677145"
"-0.29640216","-4.9061975","8.614338","-0.18097535","0.035772704","-0.16275482","-0.625354","-4.2653074","8.806508","-0.38349244","0.05979126","-7.434081E-4","0.0","0.0","0.0","97071007199853"
"-0.29592332","-4.9852066","8.637322","-0.17164764","0.024143983","-0.106147766","-0.63420105","-4.332686","8.772883","-0.3911389","0.06552612","-0.010620119","0.0","0.0","0.0","97071027190165"
"-0.30693665","-5.09965","8.665574","-0.17282867","-0.026002502","-0.044841003","-0.6440338","-4.3969817","8.739827","-0.3696863","0.079119876","-0.022089845","0.0","0.0","0.0","97071047345217"
"-0.30693668","-5.174349","8.649772","-0.16122742","-0.039175414","-0.027896117","-0.6556366","-4.4585085","8.707082","-0.3611902","0.095474854","-0.031966556","0.0","0.0","0.0","97071067507561"
"-0.30166942","-5.1896715","8.607634","-0.14323273","0.00901184","-0.035345457","-0.6683655","-4.5220213","8.672394","-0.38126224","0.10460816","-0.038338624","0.0","0.0","0.0","97071088267353"
"-0.31028855","-5.189672","8.581298","-0.13837127","0.07924652","-0.022773743","-0.68184817","-4.5922575","8.633486","-0.43107057","0.108219005","-0.04237427","0.0","0.0","0.0","97071106127717"
"-0.33423057","-5.2198386","8.568849","-0.14879914","0.13035889","0.010284424","-0.69536287","-4.673538","8.587976","-0.4988269","0.11214844","-0.04842774","0.0","0.0","0.0","97071128014957"
"-0.37062243","-5.2954955","8.554005","-0.17168579","0.14556733","0.047016907","-0.7088684","-4.7644014","8.536398","-0.549591","0.11193603","-0.04895874","0.0","0.0","0.0","97071147030842"
"-0.41898528","-5.401798","8.544906","-0.20668945","0.13193664","0.091293335","-0.72222745","-4.8570724","8.483023","-0.5537329","0.10556396","-0.045560308","0.0","0.0","0.0","97071168713290"
"-0.47309428","-5.499481","8.55161","-0.24711914","0.12118225","0.14915009","-0.73590547","-4.9440017","8.4318695","-0.52134156","0.09844849","-0.04301148","0.0","0.0","0.0","97071183133811"
"-0.5291186","-5.5631666","8.557835","-0.2893173","0.13745575","0.20355836","-0.7497314","-5.0239625","8.383685","-0.49319825","0.08867798","-0.039188236","0.0","0.0","0.0","97071208253394"
"-0.5827488","-5.601474","8.540118","-0.32935485","0.17497101","0.2324295","-0.7633255","-5.0997863","8.337097","-0.48279053","0.075509034","-0.035789795","0.0","0.0","0.0","97071226174488"
"-0.61530983","-5.6479216","8.472602","-0.34970856","0.20218047","0.21090393","-0.77553254","-5.173445","8.291107","-0.47386965","0.060322262","-0.027081301","0.0","0.0","0.0","97071251456676"
"-0.61626756","-5.7163954","8.376834","-0.33903962","0.20411682","0.15999298","-0.78715974","-5.2438555","8.246249","-0.45560297","0.051932376","-0.016036376","0.0","0.0","0.0","97071265734072"
"-0.60333884","-5.7920523","8.291121","-0.3011566","0.18131867","0.08942566","-0.80923766","-5.368538","8.164548","-0.43308836","0.044604495","-0.0100891115","0.0","0.0","0.0","97071304635530"
"-0.6004658","-5.863879","8.224562","-0.3011566","0.18131867","0.08942566","-0.80923766","-5.368538","8.164548","-0.38529783","0.04226807","-0.0024426267","0.0","0.0","0.0","97071304635530"
"-0.61100024","-5.944324","8.174284","-0.30093232","0.1496704","0.07203674","-0.81999665","-5.4173326","8.13166","-0.3255066","0.037701417","0.0025488283","0.0","0.0","0.0","97071328021363"
"-0.61578864","-6.0329094","8.13071","-0.29517516","0.099565126","0.054974366","-0.83054197","-5.455812","8.10515","-0.26550296","0.037807614","0.00361084","0.0","0.0","0.0","97071347773447"
"-0.6066907","-6.101383","8.087614","-0.27531892","0.064035036","0.034979247","-0.84130096","-5.4887557","8.082049","-0.23534182","0.04067505","0.004885254","0.0","0.0","0.0","97071368429488"
"-0.59711385","-6.1430426","8.042602","-0.24205017","0.042512514","-0.020594787","-0.85972595","-5.548158","8.039942","-0.22206667","0.038763426","0.006796875","0.0","0.0","0.0","97071406329853"
"-0.59184664","-6.1823072","7.989929","-0.24205017","0.042512514","-0.020594787","-0.85972595","-5.548158","8.039942","-0.19254275","0.037382815","0.0075402833","0.0","0.0","0.0","97071406329853"
