0.004014603719248458,0.015348545142921116,0.21821670268351576
-0.01836130768570117,-0.02168976289145931,0.2270438131158371
-0.07532756023771228,-0.08594155455503932,0.2480200248215605
-0.16996717272571704,-0.16940911394887123,0.2821258267132798
-0.29201974953361004,-0.26660546886374115,0.29971359766445843
-0.41357146017559887,-0.3914355236174141,0.2993140662364822
-0.5433790424345609,-0.5182108111013907,0.2611441853100611
-0.7164437961721347,-0.6412288956541399,0.2086222982275395
-0.8989880114767637,-0.7947623916650215,0.15681776288522814
-1.022642955513857,-0.9823304154553967,0.1126727015104188
-1.0953177320786602,-1.200335720417137,0.0855265382038479
-1.113372315582198,-1.4370395081122507,0.06926873627177835
-1.0851109445973768,-1.6309958966565512,0.06357644848729607
-1.039120321477612,-1.7660980883094881,0.07502080295305594
-1.0244294643244594,-1.7960440888888916,0.10163068187293871
-1.0402501052525344,-1.7256320340452451,0.1581738000748632
-0.9601030944172854,-1.5987103913980845,0.22177476180899244
-0.7869380025067578,-1.3842894704108857,0.29788298944522706
-0.6056816698366765,-1.105738961482007,0.37235754985005604
-0.4314425036475582,-0.770187922939897,0.43672755892429105
-0.2056155384928821,-0.3693402543686819,0.46154167005665486
0.058972349691098463,0.06749757685518014,0.44877093609895274
0.788834203621136,0.9513092517899159,0.4166576991427149
1.3493353330294637,1.3251296804701522,0.43416253177195324
1.9974588786795342,1.6497530541485765,0.44556967236454303
2.533398612042129,1.9574010857951505,0.5016641378817613
2.960262687014254,2.1963790421421945,0.593575210616481
3.1785311022637304,2.402693459358128,0.7547724316749459
3.273817510792843,2.5956306314307054,0.9090748961073392
3.2590318489559476,2.671570055248503,1.1291004581943782
3.2281954262727672,2.579597606278103,1.3231246247452266
3.1839848849305907,2.3986942372743036,1.4460424154772724
2.9677975074943657,2.1805229886744972,1.559554932304399
2.5343247639915725,1.9387703807158545,1.6814453614119258
2.003396505893241,1.6558980430670662,1.7750559266325903
1.5201117200474865,1.3500462210660022,1.7734415978267632
1.0860942337647894,1.0459778495824508,1.67452719956012
0.31080019420646565,0.4821928133656608,1.2085528212941434
-0.2151060847332271,0.2810516285333788,0.9359344060509609
-0.8329261117923713,0.15520859826386652,0.7500749304095924
-1.4664919978135558,0.0036375693188878625,0.6170736502300023
-2.0031121111461827,-0.1353342706818254,0.40432833124086043
-2.4615724097964993,-0.2715999787983578,0.14210448955879473
-2.906556975302478,-0.4070890365953884,-0.10569298074041777
-3.4649110792904994,-0.5325232701014639,-0.2755760022411493
-4.085989248257166,-0.5885081610337396,-0.35455278752831076
-4.595277491719702,-0.5323702105975481,-0.9496548722553928
-4.595277491719702,-0.5323702105975477,-0.9496548722553937
-3.3669064542255054,-1.0816464936570724,-1.8121272493199803
-2.4192797216516695,-1.5927260534895675,-2.0473248388231564
-1.69851363000521,-2.0201296519782086,-2.010820420396808
-1.3343609129136254,-2.241602997863011,-1.8124867313032753
-1.1366440747416915,-2.3338776665760474,-1.5309768080609523
-0.6619345166831503,-2.5025654589001354,-1.2154132896627208
0.007656938815281095,-2.7828259767085717,-0.868795709111646
0.7332754671236377,-3.0731305283891506,-0.42902782363148073
1.3916307049300698,-3.282986464717482,0.10606884949396056
1.7213593782686585,-3.1948345834400174,0.4643227850225209
1.6380529866998388,-2.675890953753098,0.5788612587894334
1.5896654991359436,-2.0473055256565353,0.4739542603384107
1.7494870799248936,-1.458498115885663,0.32045199708378724
2.253809056507711,-1.0510910822494601,0.29100014875788316
2.9362268830084255,-0.7805555156045851,0.3498714908728603
3.3636989130141774,-0.4428699417097512,0.37950903654966406
3.5133138062792253,-0.0938005390415786,0.4126521785836801
3.363875976121442,0.24538204373457578,0.47764431275390895
3.0149901363713036,0.5467298306961615,0.5396393816628478
2.6239106778029204,0.7226580694593779,0.6928011635556169
2.2353660819525945,0.7785470269809438,0.942352407705585
1.8237030726680188,0.8436708610587973,1.2984713096615867
1.455370331496649,0.8403131200576477,1.6488710508300615
1.038983592372583,0.7420560127372592,1.9535316798346982
0.6124982696593638,0.6033253919885113,2.190482719654705
0.26515807821460136,0.4700214745968613,2.434048341973017
0.005986887130967178,0.42451552061962217,2.6239279690869983
-0.23183368712694574,0.4550828192051108,2.716495907688828
-0.4856279440919147,0.5244883854261483,2.7421269111862894
-0.6082766992949489,0.5474192948020796,2.4537604332629024
-0.6781514591995078,0.4981981905030851,2.032343515249354
-0.6533794590220914,0.47607384666929986,1.8148314525694311
-0.6355275842564128,0.4561931099586288,1.6288551792126058
-0.5570097402617475,0.40684390262076814,1.35142561691961
-0.36439920007517923,0.33564588291076175,1.0467726487784947
-0.06396899480503127,0.3515099930854271,0.7245170894638749
0.27166699085775553,0.44515118684288424,0.42388322390500943
0.3512190736080945,0.6945161644588864,-0.09312225892883388
0.21962090709016302,0.8315149451413478,-0.4182188185712031
0.08031282867854828,0.9387311572211069,-0.8270672532155362
-0.06871683970804732,1.0490025907051053,-1.2838071456557856
-0.26241577135836647,1.1739808556444142,-1.78295362703161
-0.6166149368373693,1.2527995616371195,-2.165919877512003
-1.5982527274941156,1.2851605049754917,-2.8237031204367726
-1.3200941831209707,0.9535283101367518,-3.2957281280936903
-0.87964807223886,0.45121209566495024,-3.5008832837790798
-0.5642687215316385,0.006635949569003069,-3.3973489947846747
-0.522976886404136,-0.40213518246858637,-3.104588604754515
-0.6662741012569998,-0.7483399613917299,-2.6979624659563566
-1.1984642086066257,-0.8985087694843547,-2.0943802436461274
-1.632444745072486,-1.0319745414634662,-1.4523462836958476
-1.7341734315336876,-1.2679467543643648,-0.9338334455257284
-2.2967876843324766,-0.3131098022909653,0.023861800027379254
-2.1818852946239695,-0.8115110947158064,0.423671230935142
-2.1679575559411037,-0.5715397505009727,1.35911982454413
-2.232835268344439,-0.05259416680848095,2.1661853848028674
-2.3531830707168964,0.3050815383665057,2.6141773379575257
-2.322457173506909,0.3725412572779251,2.731959071624905
-2.1581628279638125,0.3012945249196431,2.6783440978597053
-1.7403017841098134,-0.09216915565897965,2.3319929817581553
-1.3319322566876939,-0.4921840229121549,2.006201687979379
-1.0310267576276526,-0.6664092113860927,1.8453932080800348
-0.8574189555322254,-0.6070938092500721,1.825562882294915
-0.6677345572178601,-0.4929790726248708,1.8036518249188997
-0.3960156008574012,-0.4218670998040189,1.7315083603374042
-0.01387068828600696,-0.3615537423622587,1.5701622591691144
0.6591585958697734,-0.1068000030808377,1.2005513090789148
0.9336747684168965,0.08203741638441642,1.0486249578218683
1.4301746378793803,0.43569770086766957,0.6433283532882581
1.7684184538202115,0.5260816587311041,0.3084761633627841
2.1872204360978147,0.550266610443513,-0.16173814481969823
2.1872204360978147,0.550266610443513,-0.16173814481969834
3.0600069055766443,0.4852066415876875,-1.2002596633991673
3.1171906525944677,0.772022105974329,-1.3680380680448685
2.969922674451184,1.332619680569758,-1.0381671200280067
2.714736368116717,1.6325237936761272,-0.6163027809372117
2.4632329951613836,1.5820497922686068,-0.3738799677937321
2.3396573448467377,1.2878344219967817,-0.3338707565999285
2.2726932918417253,0.9240316367430866,-0.35515876581822486
2.222039911009543,0.6260259676836749,-0.29115505932237035
2.073334499941657,0.39227968406667824,-0.04900366252155669
1.7431778229522954,0.2147041246515834,0.3599500533129867
1.2606246624804927,0.0669095995857798,0.9571348487215213
1.0040169269088015,-0.25669257264133705,1.1134200354710657
0.9159693212267277,-0.6806640932377557,0.7091545820292013
1.0436175556031053,-0.9005525404765347,0.19239189202738616
1.2299438126839206,-0.8943403042125229,-0.053562376438476056
1.139895771599221,-0.49549458824177284,0.3066260204794429
0.9240781223599547,-0.2422194827401064,0.587307811030833
0.7588268117519845,-0.03181950473023065,0.6902162011174504
0.6969142223269029,0.1512477902073711,0.5712701876105952
0.7103786481692078,0.33017982869123064,0.24478653186981753
0.4548415115285942,0.7029232522179563,-0.7446515782396922
0.07821399244478655,0.8222843454255123,-1.2418302915806998
-0.5191024278945464,0.9360668365078232,-1.5669133380544673
-1.130574331199119,0.9295679798548402,-1.831944588375876
-1.7387093380691976,0.7559862287390149,-2.1428740277788263
-2.3149560202159742,0.502661167385249,-2.4104695046899307
-2.868580977111277,0.2261366387360373,-2.486274282319943
-3.435959734256326,0.02621023005773737,-2.22550127021402
-4.050295459400688,0.06877306304518882,-1.5201553933420109
-5.118018758565034,0.8086676001980526,0.48741918930722994
-5.358662862472071,1.5176958221599905,1.4543575320412
-5.03714080979824,2.9030435069625877,2.940550919870013
-5.037140809798239,2.9030435069625877,2.940550919870014
-4.58498903728292,4.741241605184646,3.416189992840412
-4.369769612873383,5.494468567693877,3.486624479900546
-4.043147131141645,5.916352797182956,3.338638479369919
-3.5126009129505866,5.793528337647995,3.0043984674163404
-2.7788985344358013,5.260834305265627,2.6391978100167504
-1.8337734718529695,4.381653780734368,2.286087866640263
0.0837694169152694,2.151796258439984,1.8137197168897023
0.861842145514718,1.317228910750273,1.3221480135673518
1.6427799720861684,0.6812960226336333,0.7254903721831416
1.6427799720861684,0.6812960226336333,0.7254903721831417
3.282617650504755,-0.7059628526482189,-0.716928782958152
4.1241470102107245,-1.4820884744866574,-1.6016530287449426
4.880788741038132,-2.170627623651116,-2.5611319057152713
5.564551575055095,-2.7410943174066613,-3.5561405570068647
6.10293501554726,-2.9469101563298703,-4.516356685708727
6.607990496248191,-2.8971094608344696,-5.316223942729655
7.146115369987229,-2.983992247481136,-5.913564423269894
7.671667711531342,-3.231148022011525,-6.4674031176903926
8.103413480147319,-3.4412689798941107,-6.987446271540334
8.465838455136177,-3.494843044404397,-7.230605275056696
8.599345695741473,-3.5312713385812686,-7.237578992198433
8.409016141903663,-3.4689937906292805,-6.929523599410079
8.00608178088905,-3.2683526806880003,-6.320226334574503
7.410703873889703,-3.0425236092145136,-5.345878352459925
5.86296641585254,-2.968453845594727,-3.03542645811477
4.908585426642498,-3.114800233386057,-1.899338116822684
3.806742765532813,-3.278269938301033,-0.9075349167789499
2.463466595889128,-3.2560305054804295,-0.15365470062720532
1.1882657500195288,-3.202031976427634,0.4273785775649859
-1.3853644281414992,-2.6889825490323864,1.4152623410216587
-2.3725244182869396,-2.3844661675838745,1.5689778390056301
-3.0521153548823285,-1.9553588196745746,1.548076236671096
-3.623681708994652,-1.4388427179143088,1.4969030849364624
-4.235416359542932,-0.9092698265133683,1.5302386381255946
-4.9228116955509,-0.4677782373725128,1.721803677567284
-5.81330005826469,-0.06169491467087407,2.047166973756493
-6.815035549171732,0.3367199559601639,2.4890775775582688
-7.915401289190616,0.7339538980085774,3.0004540780095272
-8.38351839889388,1.106787111753472,3.6047583755112114
-8.688908924390105,1.5498101136202838,4.516752130065326
-9.123296169227308,2.205314479484307,5.499279402932656
-9.575840036248758,2.9165461425473804,6.302368831284735
-9.776243749652876,3.3388181614942916,6.42086089756037
-9.59966233723512,3.547114077767133,6.22469580616262
-9.380993421990528,3.5624175913511458,5.905375166681727
-8.983653500190023,3.2207127403878273,5.470868811026678
-8.158974404958386,2.8993643425651343,4.564447172667592
-5.994385956730075,-5.861440338790919,0.46612831457598425
-5.3347840904758685,-5.044675110051984,0.60112385237477
-4.612178168987038,-3.9754196711487038,0.6535836719770156
-3.8684923064823757,-2.7793778634591226,0.5257232199102402
-3.021154871233112,-1.5838955835443946,0.32015756370441795
-2.3016642630692568,-1.1861060130516836,0.18431946077859168
-1.9129755630197511,-1.1069269471436425,0.02637500991419775
-1.310657952458043,-0.7249507877077563,-0.028306463242963514
-0.011579529629404006,0.6251460729224272,0.14498722624107027
0.4580982955652271,1.174397163150066,0.32918310214863983
0.8901102562670458,1.7776586746580025,0.5567759722929213
1.1302879519615179,2.2602262421903094,0.6417781523643292
1.3749671468497455,2.6197289501784886,0.7740253505263336
1.6618058634099087,2.8460184698596676,0.8873256107933102
2.001369753605305,3.292717675494599,1.0409311699554713
2.5489352939382997,3.8406984518100202,1.2736775578815491
3.150322489775964,4.38662026937908,1.528940312447671
3.895032576493774,4.71648437205884,1.886348966628678
4.5738833298007675,4.925030251931776,2.0953499354729166
5.186494233141033,5.375220821338383,2.2114637258863485
5.738341439464749,5.755729372988115,2.2489704279757348
6.342817291744835,6.236295746479687,2.3981300338427407
6.846707102497947,6.695392704961428,2.707299319557567
7.272414677314608,6.733268186805623,2.8877228386041933
7.6282567116006765,6.566768864916841,2.8668092811844135
7.80577275403328,6.414764432309999,2.66811618635027
7.811711625088544,6.24434010387886,2.2514136359014585
7.406500858827253,5.899057654268092,1.775661032569439
6.796810073634918,5.517826488845713,1.280555009937506
6.046942535673279,5.0303177717225545,0.8650237390065167
5.397100405303004,4.532192330550452,0.49428260831494575
4.675561370603172,4.174953816739532,0.07072417288117505
3.8235470484132135,3.8635036700948566,-0.25628449363952344
2.5183953323417616,3.3265979061218083,-0.061219362857798054
2.518395332341762,3.3265979061218083,-0.06121936285779794
1.4517851950761775,2.4937188629083407,0.05884603277442235
0.8703058154308412,2.0564390647084485,-0.006202872073957866
0.8703058154308413,2.0564390647084485,-0.006202872073957755
0.3087891272570568,1.6757511568680048,-0.07476123270560853
-0.29644319633097216,1.4168617498189622,-0.1673534955817324
-0.9256152944267657,1.1285941940038342,-0.13859380667905163
-1.5232485759378704,0.8013882718677592,-0.02333797725839415
-2.1046725263669592,0.5479967217132026,0.1210317878560474
-2.6673075896049507,0.2964914262257502,0.23816949327497905
-3.270539126618852,-0.09285136895313884,0.29452810357701725
-3.931143938525416,-0.5752142960740021,0.39024218373338143
-4.647082331034328,-1.0681774290890307,0.4977627001715299
-5.879355114263268,-2.093900584112829,0.7026171945680679
-6.513167321898728,-2.617393727283498,0.7771159861060124
-7.058910650990898,-3.3357461840003375,0.8458091499684286
-7.6412400108865945,-4.103307638794934,0.7455478084333352
-8.44043963209548,-4.937055841472986,0.40176707078623464
-9.590358849785567,-6.019457471305596,-0.34575545284212794
-10.478029273642242,-6.950047737689643,-1.1369045467125045
-10.108589544020337,-7.301141465374152,-1.1981579295902651
-9.016716747341256,-7.210286495412507,-0.8647284607553649
-8.093027388613384,-6.965354909809867,-0.528688691668096
-7.469012081593191,-6.649968055992498,-0.15723394004985902
-6.899013425758653,-6.1893131481691315,0.22863845349956557
-6.214801517129206,-5.69470076607046,0.38890661246642
-4.866144054226262,-3.8764633296003272,0.45412497514213324
-3.433770931064122,-0.4097282630923542,0.052968742922405665
-3.1999128933357857,-0.1468049728412384,-0.343535648123393
-3.2441301828661606,-0.579140620044104,-0.761286908334337
-2.888329441932461,-1.0364507288797489,-1.0749363931049323
-2.4591079652194248,-0.9687370329276289,-1.1770225916996186
-2.0325461973717576,-0.8478360215579055,-1.1901577003519375
-1.56870118606305,-0.6526848988305896,-1.200996840404787
-1.0813001817651142,-0.32097193359498855,-1.182358148891963
-0.6238037319707717,0.013953675918284891,-1.123140543301539
-0.14584945870649318,0.33502013635474587,-1.031238409571345
0.3434486844355518,0.732287476454999,-0.8925038562814478
0.8302475696750558,1.1477081011850987,-0.7631996185254973
1.3398479011905398,1.581950557627472,-0.6276955448442803
1.9183851789302362,1.9424206086542477,-0.43228147554961815
2.497335381969373,2.102682197149612,-0.125063791289994
3.1859813474229166,2.216866721949766,0.16738756889994238
4.0286286470227,2.364452848959731,0.4629512338964161
5.024050351046324,2.5341913783515952,0.7340810554723168
6.385805274383765,2.724866234618937,1.0909014468709808
7.600002822946254,2.749415570371175,1.4304507662110888
8.301000623489275,3.2100962453056816,1.5245078799347684
8.403646177795967,2.975502755675497,1.348532929687724
8.3450582205535,2.8738299499861153,1.0391198463558675
8.191119433678042,2.9978037224634773,0.7503357427608304
7.8560584067618615,3.2645720883648854,0.5023528227062409
7.199666354922584,3.3732334544501734,0.16401932295305285
6.376471346757578,3.2885784124555153,-0.32787296429280005
5.448922069113099,3.169770884714638,-0.92683715597077
4.220495888287776,3.241484700506928,-1.1757477883230272
3.0367299661840588,3.401590127583001,-1.125154698671396
1.123323436313005,3.434722993691572,-1.56711126190255
0.7488742346244266,3.4349196746802684,-1.6911433102627766
0.7488742346244266,3.4349196746802675,-1.6911433102627766
0.4017263033047489,3.3684897004604335,-1.8061766562864263
0.3621017548149337,3.2282394818883398,-1.77002582103629
0.1770000511872002,2.8337734444047817,-0.8843598451662822
-0.07155258472026027,2.536067278679083,-0.39501557300784795
-0.27793807396424275,2.21234916678387,0.03255619531783893
-0.22209596353041192,1.9059323504717036,0.3318028213776051
0.08743059629935845,1.1482896073172704,1.296361928224198
0.1522350680536963,0.7183842067463787,1.3286903542183994
0.21309290088058386,0.20002024986594685,1.3799933586573339
0.2613503250772442,-0.33849037628426126,1.4443651403532864
0.2394511719047065,-0.8375883218334914,1.538464410031893
0.2537708138523679,-1.2590696047563346,1.5370293534180461
0.2654253328485021,-1.6159610524325427,1.4499999392187064
0.1981088714579064,-1.9442090852286413,1.3907680280354588
0.06875662435727925,-2.2229440464153654,1.3360485437414837
-0.15673789231329482,-2.436888178064928,1.1902610365321247
-0.4788747799466002,-2.6165520109551372,0.9240433844071414
-0.773471039049076,-2.931053433245469,0.6156022473284519
-1.0966658154204283,-3.228357874244076,0.2477854284295499
-1.5763426998863552,-3.941811016631466,-0.6870928437275972
-1.5763426998863552,-3.941811016631466,-0.6870928437275969
-2.3839839225996853,-4.770067822859366,-1.7965499600949615
-2.495029340446899,-4.8623897221332655,-2.0818804035817817
-2.025072825205334,-4.710885738481824,-2.082816247100411
-1.45212315249598,-4.411265946616457,-1.8070860208417592
-0.9729063344272066,-3.9818863601104493,-1.300310517206479
-0.8186658992569675,-3.4178536468084753,-0.8961593102958854
-0.9055016265816305,-2.8663760332711803,-0.5445901757943225
-1.1270665173719805,-2.265984652999168,-0.266517676674509
-1.3126690294707015,-1.6059859655889173,-0.05624129811787634
-1.2555296096764264,-0.8773910187305776,0.38290801762072413
-1.1859609700839044,-0.08797353240190153,0.9679500927513589
-1.1976550281774614,0.40652018612789403,1.2887077792651427
-1.5691659928690571,0.6485147124272723,1.1985503794241539
-1.9806945652574677,0.722788955859959,0.9641470479660723
-2.2858756070451784,0.6863254445322933,0.6926220911386642
-2.2456101867760143,0.7387885437907444,0.6002980616747532
-1.9477324700038872,0.8806048487380218,0.7011890200857356
-1.5864472713360211,1.1258984865282786,0.8061091483007354
-1.3361313315690082,1.3403633521193579,0.8159014639377904
-1.1677455804422738,1.4546848258708283,0.7585950874045715
-0.9660456449481079,1.4378960979186945,0.4419121832261472
-0.9660456449481079,1.4378960979186943,0.4419121832261471
-0.8188648522811762,1.3360613562580521,0.21177169372867088
-0.28409708982744386,1.2020460035301195,-0.2200902641966661
-0.28409708982744397,1.2020460035301197,-0.22009026419666608
-0.09744166554253714,0.8399108083984567,-0.6907423456710865
0.12959448513758,0.6749120537368212,-0.8766919722013216
0.5735158972090699,0.6506484061578839,-1.0139765220798902
0.9092427017158927,0.5839785426813182,-1.1788279202687693
1.1036668598056316,0.45010748101898435,-1.3246878712583254
1.110420147508667,0.25535131167927244,-1.405801458778153
1.1403598044074597,0.12560292555682223,-1.4166849500329441
1.3719712224669312,0.12973498186927634,-1.3888566802930375
1.7572216915954297,0.17576884239742385,-1.3469943432340798
1.974449026574615,0.11729193526450421,-1.3842383561094216
1.8273681256558836,-0.0448603006174918,-1.5345914093232647
0.9087165207547396,-0.11268846138234684,-1.8387030766838535
0.7942871687367159,0.044546362577358,-1.8638646398266923
0.7969651323126793,0.3264943675554289,-1.883665858938635
0.9018150876457233,0.6800310902767573,-1.8745813188409532
0.8519676462739446,1.0215757597733506,-1.882059386282655
0.4641570786886063,1.2895647242152704,-1.9132073816176822
-0.09179922553038744,1.5728431045923457,-1.8879913186827264
-0.34798925872226827,1.8783625914774449,-1.743832244986051
0.06526410585390097,2.3870755637177545,-1.3946071042029065
0.26602112199516814,2.507635870915443,-1.2597001206553378
0.29059212797503764,2.609781905495067,-1.1016200657153676
0.3040909257727693,2.6287256919295503,-0.9130097465175485
0.38546092149716316,2.6165569824829924,-0.7841076266634132
0.5340242779732917,2.5293685728774635,-0.6966114112323735
0.7390237335444084,2.4395682153565907,-0.6351182055260284
0.9415927827854852,2.298654219909751,-0.6150039614270257
1.0904499801782737,2.1268804729163575,-0.5955729001707342
1.2122415252885257,1.8606775329573075,-0.5502527728389153
1.251919899398071,1.4763933671246416,-0.45993816728939424
1.138808583672729,0.9811329802736859,-0.28453943099854934
1.020426207549882,0.36908026672998995,-0.02646773270175956
0.9238864235335442,-0.3773638164256524,0.2724264647954222
0.6498387181122658,-1.234556472440178,0.644949903247469
0.203803781781434,-2.1230491061640104,1.1123968804833315
-0.15508848032004496,-2.973114877413244,1.446314839766188
-0.39997801591732207,-3.712785443503389,1.723567079872707
-0.5666087197621386,-4.31085285549595,1.9602146637882198
-2.006821701790102,-5.113424855969535,2.361474148917171
-3.2762433406774325,-5.4866739693448014,2.3013201422806384
-4.585495892358269,-5.964818874552802,2.0080094956885124
-5.176115218859275,-6.047943149188642,1.740832021567557
-4.979148856557735,-5.725628331648334,1.5654042839130564
-4.586434836974262,-5.1367770513128335,1.3285109953870182
-4.354777484394678,-4.5412682917747595,1.1143469211549644
-4.356520051509539,-4.108743582183581,0.8103557397449014
-4.385302640403287,-3.851950163008988,0.4518069516936717
-4.100906842282564,-3.4246562009523207,0.23492890140909117
-3.3996531162729133,-2.501702574941892,0.32365019574929993
-2.505651021567961,-1.3790402080829778,0.4424366502766
-1.516583596080601,-0.16416243316759854,0.3717182599524251
-0.8407439842808215,0.3884578444662405,0.0678206275768833
-0.5112358303825139,0.4384995982110077,-0.440678202157287
-0.1890251141249366,0.38094564872335623,-0.8743838688029005
0.5600449631531702,0.2257992810678106,-1.646561824492106
1.0354550340573168,0.3803236546622093,-1.9726756751162655
1.4995983182322237,0.4504624003140403,-2.2435973664252176
2.0079818500885924,0.46568186038578485,-2.4867686963091233
2.6092601885417155,0.5362708263564193,-2.6640538457514205
4.098682067554336,1.0080010045337917,-2.540925178885536
2.8500008663488283,4.287352567006315,-1.397284161896384
2.932506751520377,4.415763519488157,-1.4794951475406726
2.8009639907403567,4.4699398250079065,-1.4444698070932056
2.676404312431935,4.5339013577293334,-1.4646629854581543
2.5222962365675774,4.559461111879002,-1.4941575832105185
2.2392164627496554,4.450220262022914,-1.554422238047773
1.86353848876261,4.275679988166692,-1.6105265571018696
1.403795615084754,4.064657678271192,-1.6654204315611807
0.8706269045029522,3.6920648804346548,-1.8245671090785587
0.27629916962483936,3.091135897614266,-2.1185333606622176
-0.2129479759347106,2.6275512435949753,-2.0635095832317107
-0.5850597626441696,2.2829571735884953,-1.8521013581862777
-0.8254868612895822,2.0175970411214528,-1.7949394506151228
-0.9555410940183167,1.692527123897319,-1.625739318361595
-1.0184053712526873,1.348008209895399,-1.4134808703298447
-0.9565623743788116,1.0478240707776851,-1.2279169130436896
-0.8765725344233288,0.7459995424460817,-1.036929218677936
-0.8534778692946099,0.3976644356948697,-0.7572748219896644
-0.7917513451048804,0.12046938260421712,-0.4080948030598086
-0.5853433599975575,-0.033552778107959494,0.015283369669233049
-0.312712965425681,-0.15251186331201555,0.41668795887955823
-0.012091224989041027,-0.30286703283478167,0.7423450445721967
0.27723816359427245,-0.4785080909826427,1.0420879804360375
0.5516573071296744,-0.6649181261724356,1.3676191557401558
0.70721883228103,-0.9274917464670434,1.6846349878713904
0.754728378984762,-1.316465037706011,2.0081035209938602
0.7709005857658735,-1.769692621299592,2.3032262734857625
0.839925661138234,-2.197035902853927,2.5304390206731497
0.9101119431086917,-2.6219793445458506,2.71066615520576
0.9572884667983299,-3.0287590984957444,2.873580589525102
0.8981575327968143,-3.3489830336264417,3.3259036457160276
0.7242938814826694,-3.1937817956664634,3.639144109246152
0.40831034888465423,-2.9386370892127553,3.856714333509462
0.01019884415497696,-2.6990613584412784,3.904380140057616
-0.40663904520650584,-2.528157130133709,3.7433981173797015
-0.8033685405800459,-2.5585587657125624,3.3766499875612155
-1.1554545357580839,-2.7134818118673407,2.889949699246101
-1.5177366699296149,-2.8033162930296758,2.4183232587047705
-1.8535590979125003,-2.843631013447004,1.9222845218326394
-2.052670507485038,-2.91354083510514,1.3727811476181266
-1.926488886689481,-3.173454780534858,0.7551765181682745
-1.559456553477438,-3.4244987558538558,0.20902948437659458
-1.0482140016780466,-3.5999842671078577,-0.19522167505218596
-0.5307259691710098,-3.6036189333793383,-0.4579604339034949
-0.13185636251502725,-3.396520882885746,-0.6005164281685077
0.13069891463576408,-2.901644417076021,-0.6361117317986765
0.5723321059587744,-1.6176671309199457,-0.6196039887140026
0.8045003532833374,-0.9848387553114868,-0.5592800402929108
1.0048539667267105,-0.3175129912080234,-0.46449222032259757
1.1556671609298392,0.3607187651669025,-0.3535294350816498
1.3303532087437526,1.0363703708692604,-0.26290141289463415
1.5136158157759358,1.6577487200274656,-0.15450167399308634
1.6186713541623288,2.3571930698902324,-0.04761324356221386
1.6815275759426564,3.1598542128352607,0.08371103934519775
1.8192999215415806,4.336763721299163,0.07231711236492971
1.7746290017577837,4.748468957167849,-0.0776603723992918
1.6888448849034003,5.114128999678976,-0.2686326458520759
1.6640221216739697,5.26542627307087,-0.5612467530626242
1.6280925876548629,5.223814920236993,-0.9529211442186675
1.481941893553014,5.037472478847799,-1.3396002152958497
1.2094210391571103,4.872292901323424,-1.6933694448017604
0.8521004436839108,4.650432821625296,-2.057299396621763
0.3881527581124038,4.284314648771277,-2.4195127863091352
-0.13725190166346168,3.9179409851585407,-2.640169607123922
-0.6141849012832203,3.6074146155443585,-2.750412024772281
-1.0159453311827618,3.225422927184636,-2.8603204064989627
-1.4158527027094117,2.762677734404083,-2.9439654805952298
-1.7291215017585082,2.419602118893106,-2.829143739779364
-1.8862222228250167,2.179382124039722,-2.563139709219069
-1.9586697337216246,1.941832222823197,-2.2465732698220098
-1.9531565810616947,1.5883429266989333,-1.900871702124433
-1.8910014264016974,1.1123236448851217,-1.583341694268269
-1.768277218953088,0.6008099858585312,-1.2523761555103026
-1.5914768311750778,0.045834921681984664,-0.9484732077478286
-1.3213576075999538,-0.4761576479302488,-0.6807487366809007
-0.9253745450263453,-0.8776665066546615,-0.4225540646967998
-0.537335057314076,-1.277807737034039,-0.17628767982510765
-0.24518612398284828,-1.6869121971671952,0.0754627990713686
-0.0481381654996742,-2.0675758752184317,0.28212123112854853
0.09616247575443942,-2.339202062031094,0.46492337430108865
0.2864184084578801,-2.2807930593793952,0.676562432158612
0.6733301639004283,-1.6989473248209686,1.228265874237814
0.6733301639004283,-1.6989473248209686,1.228265874237814
0.7336476701759507,-1.2716518738452296,1.5571007028213883
0.6808975791566605,-0.7460717703903592,2.0432647839295326
0.34726437833249246,0.3013518820687196,3.0464230973067585
0.06729040410320564,0.7389826684359264,3.3627787798676665
-0.22323447859971712,1.1375398137071275,3.6368892110761366
-0.5067257517166526,1.2935286446364507,3.755775692240597
-0.7528277317400416,0.9754027609640405,3.615584579634774
-0.9786263285080159,0.41685535248757855,3.292880504874784
-1.1640849038786478,-0.009752848334358466,3.014946327904958
-1.2909913875844667,-0.413092270837934,2.6829791840161135
-1.3453909982818903,-0.9428725974238769,2.182433022244143
-1.3445078467563312,-1.615816202255147,1.6136433337100038
-1.32170057072106,-2.302400063917782,1.0377871361015194
-1.2508916391035707,-2.7198085145785447,0.5990527877290319
-1.1783397525645039,-3.036208929044609,0.21353643405943182
-1.141462101570153,-3.1582539941253183,-0.0983793898483718
-1.1285797164390756,-3.0438852191214476,-0.35221451832650147
-2.607295859343424,-0.22593496008719405,1.5275164325833224
-2.2914879464783464,-0.02097660842197927,1.5360308406485161
-1.933423998890715,0.1737734187941364,1.505854927185903
-1.4519106452696025,0.3385618957589618,1.3973701273736665
-0.8533886952212619,0.47617764386036066,1.2531846044132198
-0.1954456636673671,0.6098229560976134,1.0312070446227324
0.9059599005314225,1.0658408895706206,0.5139013680223679
1.3946369920698376,1.3496318263509408,0.26405672892349297
1.9323093050126408,1.6130717372633092,0.0721573083586633
2.4094917441486627,1.8295836102357956,-0.06885531302935499
2.5840090167744516,2.0485575719527978,-0.16660047265191147
2.469730629278605,2.217396588758392,-0.16351805776716788
2.186819937013271,2.3237355495211505,-0.042777604176931994
2.1868199370132713,2.3237355495211505,-0.042777604176932105
1.6824480673160398,2.2513385039141465,0.07577043912064796
1.416024399907255,2.0490992648810535,0.10219589971489718
1.2233885907882645,1.7831849673883085,0.08290541841755006
0.9446154170704716,1.534140504799331,0.062407658351172846
0.6470337701010095,1.2824647545911325,0.05170667591458372
0.5570454429341535,0.9848453742803406,-0.0478178678621069
0.6551378862663466,0.7104924808953714,-0.2116433620150166
0.712193327498492,0.5300556910576654,-0.3216701016051167
0.45556469533784005,0.4472313450410763,-0.28389049223572227
0.22698283374699518,0.3720521608613021,-0.23415397127656892
0.2127682370780769,0.33538026099993307,-0.25865265814030897
0.18396238295899775,0.3526889035202458,-0.26830256336041597
0.06103389974658832,0.3769751158805682,-0.21196454001223192
-0.08410128792502053,0.3981621543850393,-0.1095400472394101
-0.27098508481328576,0.448342889956891,0.0347008657264373
-0.46137976607981696,0.5496520467948938,0.201427065768279
-0.6337645714959914,0.7120681286170125,0.37093374353794106
-0.7147351508117223,0.8225205569488967,0.5387634994257907
-0.5817594680348204,0.7974188154459328,0.5872387616046602
-0.3958248862145063,0.7634864238659985,0.5758820669657202
-0.16855608022145974,0.679684189742958,0.5619061379785087
0.1268918835455392,0.5389781265604998,0.4748653332732946
0.3312860191462904,0.4207863833123897,0.3675655278060259
0.37531059202654193,0.28415324298866457,0.4188547020010973
0.42441120886195693,0.1222860082673641,0.5079863418971338
0.5384471790040135,-0.06437097585932948,0.56931461150428
0.6747660095802759,-0.2909536894742768,0.5992299838450279
0.8092427021029753,-0.5639335199164861,0.5209673494053677
0.8062536911305659,-0.7115256524823078,0.552463325725125
0.6333529335743664,-0.8386279296327636,0.7689122180744101
0.2141747942650325,-1.00057357796056,1.0697206901344412
-0.31661962573632185,-1.0767139486603028,1.4164178594737926
-0.6118736417660559,-1.0628199194324375,1.7194186676506331
-0.5532120052877463,-0.9273920183218062,1.7943134035256305
-0.37622014040623397,-0.7639007075160801,1.7765272939636034
-0.4421930854072541,-0.6823497032038075,1.8469683102093142
-0.6557530685725785,-0.6482131007754915,1.9543504839436228
-0.7397160755638363,-0.6373155685054637,2.0087064268719703
-0.6868380682751428,-0.6371869666094672,1.9613473122937641
-0.5484887013871526,-0.5488990638120387,1.891205799306122
-0.31607927674696107,-0.4549882636595152,1.7719558160408018
-0.11275267652817073,-0.4418146641985725,1.614513584260061
0.013262038988861247,-0.5094719652064842,1.4403741932117151
0.05941613164215276,-0.5998498991384138,1.2578045688344734
0.13989844262699602,-0.6099584496053904,1.0308447535177314
0.2789560973783657,-0.5435128240617653,0.7370771157942048
0.4466256174282463,-0.4444384519693902,0.4137982932504155
0.6676244632043911,-0.28714198127335844,0.023630361302113517
0.9188577616290009,-0.06162519995458715,-0.4123238892720268
1.142371602068787,0.15228818243401204,-0.8653366541541612
1.199945942688876,0.29115109862153316,-1.284262448985295
1.1070907510541441,0.408770658535332,-1.6580840396901695
0.9322006146643818,0.534988373374377,-1.9838150076596333
0.7304501899911561,0.7285268366083624,-2.280924550000007
0.44051539756249436,0.9400426853143615,-2.552430102873645
0.011197884272752145,1.1663285746534986,-2.7496268931689447
-0.49879640113290324,1.3607820913742577,-2.8935880857140273
-0.9746595937432544,1.5497824657817978,-2.9920045895939835
-1.29284239314332,1.7262807104820312,-3.0387489362958067
-1.5570717167023629,1.8577067243411791,-3.0172292437391386
-1.5330166848445763,1.9276175963626687,-2.975451534964777
-1.3032854900616588,1.8557593702967201,-2.7771404821291608
-1.355349266632241,1.7006153763345333,-2.363225170676616
-1.240156991283609,1.491811836682944,-1.8891198526673434
-0.9100883883586993,1.252324713869256,-1.4261174776585823
-0.4491267186984441,0.9945708954388796,-0.9413865262637932
-0.0775536962007579,0.7406263781077215,-0.3152345001902776
0.062047933531796245,0.5485442284690516,0.46112464948676796
0.23429634142488504,0.3802378501072223,1.200214559014989
0.3886531259317851,0.2483698975471857,1.8218315217723873
0.6127712586578917,0.04093704062254511,2.3088354790871053
1.0635156754202049,-0.18678792000639877,2.4636689596986368
1.5124928695002593,-0.37282646472532,2.3803403896322095
1.7366764432836344,-0.463479519801269,2.278398387203293
1.7623614655624826,-0.5195655064588434,2.213136328236547
1.8289789992844006,-0.46976158102068394,1.83848554126625
2.087520642188397,-0.21888703154889227,1.4894454908773689
2.275993244620702,0.09462238693113899,1.1880768796358028
2.2013567207165425,0.3558080844329955,1.0508953840453936
1.8410689005741436,0.5849443570535134,1.1094127539199827
1.3814825222698355,0.777901606879092,1.3004850553719782
0.9034573311703703,0.9167989992914947,1.4854473497524217
0.5552134298769069,1.0066999344872594,1.5978255937800363
0.2843366696232769,1.0641810189022272,1.6005694860339819
-0.0013854117168375923,1.0641673207183278,1.563378363723716
-0.32381092716441656,0.9531872002825836,1.4854896130541948
-1.2608593120137481,0.8816997832746681,0.5883218264058807
-1.1901766110983312,-0.2364688591060584,0.3516139495474424
-0.8553604067250093,-1.6918432995564359,0.20543133941231007
-0.730873177848296,-2.5482416985926477,0.25857380455953205
-0.8143389017532148,-3.473126061860427,0.33976892553954463
-1.244899985869711,-4.221621037301955,0.33983942278006163
-1.6198651157084536,-4.708946348683368,0.17944347372026348
-1.654537064774627,-5.018536294552882,-0.033943151432144436
-1.4328169042980923,-5.185261912028365,-0.19952336880810018
-1.105065736481821,-5.180840528417248,-0.37028402273245664
-0.9402558385342609,-5.000361394521586,-0.528529059248255
-1.0127226365199138,-4.728114505727892,-0.7684390565683357
-1.0299426028213632,-4.273613564233104,-1.0910707369674673
-0.6030556507057176,-3.603643204144405,-1.3241308664279123
0.1351962417237777,-2.789216247664487,-1.336173887134912
0.7878037675414635,-2.1626217433328687,-1.1310747617284278
1.1345522206371024,-1.7106213991914565,-0.9535808180153311
1.1573742090361694,-1.325970563955143,-0.9640767239900718
1.067557510186862,-0.9098631399575647,-1.118664583453245
0.9152211215105316,-0.4747809365860154,-1.4074460559641246
0.7897505462424844,-0.10909044305449256,-1.7191206778590575
0.7833531850582485,0.22589627182579508,-1.8185024374985024
0.8398255093335518,0.5661045816994466,-1.7897390417384869
0.5239780537891338,1.4416862695608184,-2.146771229372682
0.5796918199517588,1.9214580258672556,-2.172020274125474
0.6788893691773336,2.4086852201139157,-2.1194165649885903
0.7991461961262647,2.928597991052628,-2.097838653395851
0.8971350630522414,3.431609567294693,-2.057752161565339
0.9133969874288885,3.889139757760044,-1.9605905280358393
1.0038760679545422,4.271045716129702,-1.8153597203190381
1.1404135060740896,4.482513470577894,-1.605594820294528
1.2611830717435248,4.560810618040494,-1.4172311160132478
1.3057542089790046,4.474733913198712,-1.2023935178279395
1.3241323104706562,4.244734891529842,-0.9022842565459483
1.2796870986657953,3.9635269890518976,-0.5987454676969886
1.2499797109880089,3.5995702447510167,-0.3181438585073433
1.204723010837803,3.207048219634883,-0.051984477421096686
1.141892786315262,2.7321152412619236,0.2607316873426868
1.0658595217879543,2.3761718554696554,0.39283963791122944
0.9088985160493002,2.083867153058244,0.7754213265159717
1.0311868721100872,1.817682769275314,0.7290223709778871
1.2261304684814385,1.5747598390499373,0.7393913204813042
1.7164506846499377,1.1958821268423105,1.1145692364380957
1.910401308565632,1.061166801340585,1.4115177067109013
1.910401308565632,1.061166801340585,1.4115177067109013
2.1056165479361266,0.7829964667014256,1.5490652498754547
2.2596707334884107,0.14173368335167447,1.5785728982968874
2.375992302267284,-0.22575171004369465,1.4477028353331822
2.613458719267032,-0.4028410414625587,0.9398290127479736
2.4621194582593597,-0.8397481201075245,0.8717888330308033
2.051920151676716,-1.320812937708831,0.7297963508891397
0.5458851533610153,-2.0442671648296855,0.2845437131149733
-0.17795103483876418,-2.325174948730359,-0.19493425002317433
-0.9808687168562362,-2.5046896101547462,-0.6120054062674716
-1.8310744926812978,-2.6127165171870903,-1.0652253601726378
-2.8223721012511476,-2.8644720468899196,-1.4681414032844606
-3.8710768625713863,-3.252276139216183,-1.7356509238136502
-4.542188942813011,-3.659199636069683,-1.9837801554966408
-4.447201461261694,-3.823143801369901,-2.3339710131580773
-4.130526301743712,-3.809980060950589,-2.4593577093390273
-3.2791087202554707,-3.7666790389613882,-2.0203301091533685
-3.0671927571705626,-3.673733977051074,-1.468435911559521
-3.0068732679231402,-3.4951601516316275,-0.7561076704739174
-2.8750946014577714,-3.2277517928829065,0.031329890182052456
-2.609675841148721,-2.8221408908012853,0.8817520723336488
-2.160987671057635,-2.2647067070546463,1.6153197980150054
-2.28737369976112,-1.246219799121329,2.1303720136115833
-2.5631244657536327,-0.9656537462755257,2.127195414830346
-2.6242260751556055,-0.7453908988789151,2.0377980139655545
-2.531407310750223,-0.5683346155199138,1.8315529926821457
-2.2533913596676514,-0.39062625503684545,1.5877298925487127
-1.860504352198423,-0.1964907602706193,1.3440861617186837
-1.48707169716873,-0.06695230099987748,1.0658709707894904
-1.0584075571527711,0.03887094938066332,0.7683813224772441
-0.6390911100590505,0.09760311090708562,0.5759217203198034
-0.248071150143039,0.15876135914583173,0.41238997142382516
0.0889700106062256,0.18110426926625475,0.19198682492204977
0.4933019558713814,0.21774542700884947,-0.07062842658043705
0.9523561819243044,0.28230661501718257,-0.29472053416080957
1.4747619141831472,0.36552956764756195,-0.524651729484479
2.046706014870235,0.49163031255231165,-0.8397186288150322
2.710635730798494,0.6864806607511305,-1.1302516212677887
3.4530644175154057,0.954774690746159,-1.2195648433337574
3.9924574427840067,1.1574652547603568,-1.3628083131047504
4.293533609486805,1.4150948913330936,-1.5774966559078867
4.757255355181118,2.2230114448079963,-1.8603554850301796
4.794100000333493,2.6646137205817366,-1.8053987526396114
4.60406999282805,3.081079125046158,-1.6460062829574247
4.2666453902186,3.4050845979613564,-1.3250777871198867
3.9113922769862945,3.598189042819016,-0.8153993600435867
3.4795961289555994,3.6849803964105585,-0.2888070568667631
2.411082889183585,3.7203288789435716,0.7487524293842769
1.9394996590043394,3.597071076049701,1.2816780619109194
1.5330041771553868,3.353625944662345,1.7806764783890903
1.2236090884041073,3.046175926955013,2.1864031385677833
1.1229286395582272,2.6706503918527256,2.4740358706825627
1.2932715625463538,2.278651462977918,2.5941935191394143
1.6043699578867945,1.9069457324482142,2.579900192682916
1.9585853770388,1.5789664008855921,2.42832348501617
2.3164176979344466,1.2931580170841066,2.2728853056737406
0.6450533317930491,2.965070567755034,1.7184342817262057
0.8861629530192708,2.8029779710291445,1.9002805133271816
1.1767373239088363,2.5504504079984356,1.96935366151158
1.3792517081016167,2.2103940704430873,1.9347693957024807
1.4735755432982778,1.8010933087862948,1.8243535933744968
1.424820345691892,1.2821491543975314,1.6228487051383484
1.2125776808442936,0.6657227811550979,1.3759385862705957
0.9096378233771882,0.010106381655857533,1.1038196034663477
0.5668731786991323,-0.6920745542723927,0.8305602074851324
-0.08419296126362208,-2.053780933642948,0.3178345755312837
-0.48834600109717363,-2.7231832493434505,0.028761954653016286
-0.729646057240642,-3.2540421472264,-0.2726537642535241
-0.7045042032800581,-3.5652652795148203,-0.4697647214070504
-0.6276269383443267,-3.759797602935703,-0.5168927743169089
-0.6226261387020808,-3.838097019659904,-0.47348689700475155
-0.6984004729538333,-3.8267493104725414,-0.4142718425169536
-0.7383922489183796,-3.7567442425449467,-0.32496189533975306
-0.7865414734303935,-3.5768508939946053,-0.18342649731124855
-0.8474743871797621,-3.335270364115476,-0.0855506035270211
-0.9469061681836197,-3.051713797618379,0.09651514564746955
-0.9863948328715065,-2.683020138747411,0.35879871976484645
-1.2174086857947848,-2.3423791936385103,0.5319220392876298
-1.6320360624348744,-2.1042888555027517,0.4904049962945759
-2.0088990783641916,-1.8858237071117985,0.3403344981286521
-2.2318547350218725,-1.6155339895160936,0.1952809685595141
-2.343422539537661,-1.2949287157429974,0.07015023061806162
-2.4782937457920635,-1.0421894739300663,-0.20007595272021436
-2.5863523743098913,-0.9017039607758683,-0.5858140501474707
-2.616397352947958,-0.7471371695697875,-0.9317255789178122
-2.5053055669609954,-0.5406586785187092,-1.210216912050724
-2.2693942586809777,-0.3088719495754041,-1.43627624843786
-1.4892563688006455,0.017195574943201897,-1.6903511007239864
-1.4892563688006455,0.017195574943202008,-1.6903511007239862
-0.3768042757990129,0.14484153432322355,-1.5585368082417046
-0.3768042757990128,0.14484153432322355,-1.5585368082417044
0.7449770968678023,0.04838965625966676,-1.24858689694363
1.2152354417554434,0.010866983611143965,-1.1201703733240596
1.6587281075084954,-0.05670554856059795,-1.0292207315406516
2.080175859649357,-0.1382900685711015,-1.0040290218030723
2.4826640782625358,-0.19561942880941818,-1.062339927057689
2.8173422220141013,-0.12711283334247003,-1.1194462541895256
3.1050892233840104,0.11632323814849022,-1.1123175300571955
3.3036946219378622,0.4613826914536867,-1.1279276446059405
3.3125533543291037,0.7317312400788628,-1.230632415166691
3.142466622602824,0.957882465733255,-1.4128422797954447
2.9280695425875143,1.1668780641784853,-1.6188311254805314
2.706356281226463,1.3621059840730425,-1.730023284961003
2.431343449673976,1.5695990265234385,-1.8070291430464396
2.2530446727866984,1.7476622184164516,-1.6015928811792537
2.1018678867886647,1.8068090426404642,-1.3292664725857766
1.844469874472475,1.7678664356796316,-1.1916595748649839
1.4476272759792796,1.6638507990738285,-1.2096500223754196
0.5350477235719613,1.4457482209532038,-1.384640751564549
0.14708400872387095,1.3456078055947907,-1.1923147320112237
0.23185762949758204,1.2762808766929652,-1.0368172027156062
0.41419413667255417,1.1507760081686091,-0.8693100787648027
0.3487053606741261,1.078875066557285,-0.896528161618543
0.14367014308763465,1.0373363281781294,-0.885737035290263
0.06305326891539359,0.8976714919908808,-0.7489672217004492
0.09633827875476675,0.6565771240179553,-0.5097517025736464
0.1732498452282915,0.3343275552239828,-0.18679487411524787
0.1912158588422131,-0.1458671159299582,0.19152825763802087
-0.12284316818666602,-0.6933220631638553,0.5270545308012539
-0.2668408351000856,-1.2413233043074179,0.9920400870873662
-0.6467477720328013,-1.756832813472852,1.4434024309729105
-1.0957122478721433,-2.199481419106037,1.9406221895188267
-1.549189267416914,-2.4882780961421878,2.444978729990847
-2.02962867197469,-2.6059128608094984,2.8755887176525086
-2.593427034955812,-2.5669064238653347,3.140142623125415
-3.202365743924479,-2.4246894775147974,3.2047441699402794
-3.7825158702093264,-2.2536667430608226,3.0605373228811206
-4.277821903901475,-1.9892685063576396,2.739332778237168
-4.332873005311189,-1.5947597540306313,2.4254292970959996
-4.379630304096406,-1.3482132675269876,1.9547439004836968
-4.248958544291268,-1.0000600458166704,1.5304055089061988
-3.9435432928234118,-0.6718114522255416,1.0295844710010795
-3.4925707126375887,-0.4996519785083742,0.5456101474179718
-2.8624394060784475,-0.4784119979380502,0.07678117632185227
-2.1038250319573977,-0.6035587633980677,-0.3813030329352868
-1.292627757429923,-0.7199039324490071,-0.7080309484892868
-0.490455006995032,-0.7218995612043746,-0.8854344603292056
0.28682828485381395,-0.7159424197365394,-0.9836307166278414
0.8897926188989269,-0.8248781371593427,-1.1120643841887594
1.3561660097743926,-1.075385971765769,-1.3089621951561072
1.6556233967361127,-1.4045931103961025,-1.5510487654704415
2.1176351907369084,-1.8250798454782844,-2.049026131352335
2.1719384683585057,-1.7664971657049005,-2.253029327570306
1.9706304690486758,-1.7196812293755084,-2.5220139121290233
1.4954411854578074,-1.8404380082547906,-2.9348581876551854
0.8180099179821629,-1.8870187183738039,-3.3395722520997153
0.1932633830990555,-1.6136425262585918,-3.6864424896253296
-0.19622042878289148,-1.100263546296444,-3.8506270264256304
-0.26056159166950676,-0.41205024491131836,-3.6721535633316624
-0.08665964387588537,0.27414402996869797,-3.240313311731731
0.12679504285123128,0.8631308136914185,-2.7420620015973456
0.41863616402313,1.6132365142144696,-1.8372517866718003
0.9987536728702057,1.9969072023112537,-1.0477752523059591
2.0320661451114153,2.4268253334902123,-0.10133694231640511
3.07876406420394,2.6432699024752955,0.6300925983529725
3.697557002586595,2.5652298380503256,1.033132256604316
1.0222521947839098,3.6176034418891496,-3.0891136974967917
1.012755476870115,3.5714679234875866,-3.113729892604941
0.9340680141575417,3.4969466485274134,-2.9003958425594267
1.083595558804549,3.4018996357133777,-2.5046530979218757
1.3312210848605743,2.902602847173936,-1.7741940608312068
1.459738028433718,2.3757032871808788,-1.1420103944579303
1.6157649406645254,1.682871239210002,-0.5066205285835168
1.7658849593971435,1.0372235760067672,-0.09205457586599586
1.8500352565840528,0.24608503333822435,0.2897404704218757
1.8616661221188069,-0.606868372066951,0.5226094454659573
1.7697189759599035,-1.3722696818337086,0.48586447831904406
1.5801757191542347,-2.0467734644606077,0.383340280844627
1.3410873418359428,-2.726616428471261,0.4351533471214185
0.9794024040963525,-3.0898541002445885,0.3281048604031942
0.7857127891453459,-3.041299231951907,0.04208163320744518
0.8893286999282017,-2.5292803730199935,-0.31281572054795714
1.115725613613818,-1.598116841103253,-0.647683161656905
1.6838855804956132,0.17984766664987054,-0.7849334972629296
1.973919918903166,0.923963486372449,-0.6950347103841603
2.241464461652325,1.3934715932120487,-0.35861607403763185
2.3383899198384177,1.725854204138872,0.005626984345833197
2.46822175669621,2.115612496945201,0.24212430121041684
2.6052112364665105,2.261277268554651,0.43551524980561185
2.5125240738964045,2.1253689470930506,0.5341699229523162
1.9827006321165124,1.621506295204837,0.529339608025272
1.2597487263145117,0.9265034010988665,0.416747368228241
-0.33347142977527616,0.02351387530737455,0.08610843922213271
-1.1144047332883051,-0.37542512804750916,0.09279451322741561
-1.8651928769360342,-0.8915850708239653,0.2910739686996595
-2.423055689233861,-1.5155570266017409,0.664562298687709
-2.9108242865440506,-1.9877600808247915,1.0343570053300262
-3.367196195582691,-2.5164965842041638,1.522692337872275
-3.7060417295964445,-3.2263605121069734,2.1609348042819194
-3.9800023165245593,-3.9388467419216973,2.8714000926471637
-4.177915145326371,-4.569888965175821,3.4396993688026187
-4.328016492668351,-5.029175129351937,3.867369668695246
-4.403612016242951,-5.0891892331499164,4.022582624191305
-4.390084124031129,-4.791935614792689,3.859652487131609
-4.292671468744624,-4.456135828858608,3.4336614357417634
-4.001947945744907,-4.185250374382591,2.8472854137264134
-3.434180212553171,-3.3004937432361934,1.7456489251851375
-2.768673529851749,-2.1355163110723265,0.3881479520221427
-1.5516899089404976,-1.012675032935534,-1.0131540847007734
-0.3197458270325421,0.2782848806388152,-2.5599939886146075
0.46256333392738697,1.5497683243033142,-4.115907179788043
1.0861412415349103,2.7572041849453113,-5.574992201490446
1.6379412836696343,3.762841427895575,-7.080284250133067
1.9479909944944307,4.602408900024658,-8.302815841232977
2.3846746505601644,5.377604321383414,-9.099842731225381
2.9049961384775496,6.044113335196351,-9.671822614858113
3.146868667788544,6.20352567088978,-9.45245956697823
3.331470480981197,6.175074933624567,-9.21271517686657
3.4931647497758638,6.273123777860197,-7.844557839608961
3.332676548086137,5.578215567112231,-6.855555253049254
2.985026259249317,4.533558418405855,-5.84777957263222
2.6039453117117595,2.986317683293315,-4.676237810711125
1.5368119568404905,0.02820807312214768,-2.5078288637603627
1.07766195579031,-1.197226016095683,-1.369289670666305
0.5663349590433739,-2.651042849043138,-0.025454416827634496
-0.1326800461780507,-4.404059302964983,1.6073200761144568
-0.8685180916790178,-6.05758462612142,3.0751668375173073
-1.5280876518650293,-7.317016146423973,4.284711221648569
-2.3154109288009748,-8.256152938999929,5.392296760727098
-3.078648233819139,-8.956431336389931,6.090895115409319
-3.568855159361102,-9.37149947846409,6.411784706283346
-3.8584997132187264,-9.71363888694522,6.555254332186976
-3.8646348816328633,-9.833277938238563,6.548905007300162
-3.771804715786827,-9.674689907981564,6.422221777527267
-3.5543583150963487,-9.063461278730157,5.895326518445115
-3.1633477926939033,-8.063325661675718,5.097623041185866
-2.75625680158996,-6.9076556288626705,4.214881370467074
-2.140346699862531,-5.5493231022656495,3.3146913536991214
-1.3802916773632998,-3.803857005448548,2.562841629644994
-0.8390485809964066,-1.95868728555864,1.858633554311384
-0.43771097536159925,-0.304220608716175,1.0442769652965433
-0.09727197220028831,1.2331726489228605,0.1016305363532537
0.2705334192467954,2.612193060581447,-0.8992203738134731
0.7166324888897497,3.9308364937056917,-1.9285411383381024
1.2502912954532661,5.418451424952081,-3.1080248154396832
1.7847273967472455,6.779981035118471,-4.191899057609414
2.223060202668155,7.953820677314738,-5.26501342747833
2.484107197836826,9.00136623797934,-6.240529358475163
2.523124442809896,9.778443366682223,-6.940803239286785
2.2666916573329368,9.75050738669921,-7.006377559485755
1.9310534336788068,9.514339824466202,-6.868773344692353
1.1639591691972293,8.870667515822186,-6.304309200579061
1.1639591691972297,8.870667515822184,-6.304309200579059
0.5018363266985013,6.910692132406599,-4.226251320191234
0.2751934586971377,5.643756206021049,-3.01202304784839
0.026654918811287287,4.161139119488027,-1.6300267882595691
-0.267123998398885,2.638822300482738,-0.22102808622032133
-0.5055475447874287,1.4606588733091632,1.3124205021007957
-0.6361323833884565,0.35768195836024086,2.6912822784726176
-0.719514443080179,-1.1130448688611012,3.9131492663873195
-0.5787624214003035,-2.6194047490474635,5.173428457462233
-0.4630389388725854,-3.776446890642317,6.213263771536066
-0.3456471182854682,-4.678086065586517,7.117182642818442
-0.27295733448751514,-5.363762457533789,7.895762925344213
-0.344899281893986,-5.842239152520332,8.517422599660696
-0.41285926822270935,-6.164321724223538,8.923214321706475
-10.718632246169335,-1.5198273462306566,0.9968106951664442
-10.20824947842272,-1.4742255164392672,0.7321668496572507
-9.450692056321575,-1.417258273367794,0.3556979327387695
-8.586907508411294,-1.2280112468198712,-0.22391590019785945
-7.541094076985843,-1.2290036575055183,-0.8860274079808953
-6.532349656982237,-1.369602459207597,-1.2302637666925014
-5.347190335113742,-1.5431543042688194,-1.3966938162290998
-3.8940920471231153,-1.7974462700411706,-1.3740332970295026
-2.3724663874830365,-2.0306306695227176,-1.0899781489524971
-1.2300649070795031,-2.2229380705181967,-0.667186025711883
0.49194094391313364,-2.3485245909903245,0.23104532097473995
1.9381246789779238,-2.2779235358436623,1.3523478277497314
1.9381246789779234,-2.277923535843662,1.3523478277497312
2.2667865175160293,-1.9060147483638916,2.404147286877153
2.2063409303169648,-1.6525121944921617,2.682179824055054
1.9390214396603955,-1.2989890524791683,2.773812805717902
1.5236817412865142,-0.8795712599198794,2.656938324439238
1.4818975068689042,-0.4849323414886296,2.611362726861234
1.6098763090096053,-0.1306185615543236,2.6397884317578484
1.7576864826337797,0.17452232809365453,2.5961431884558097
1.9609349470828852,0.4790182395207797,2.471541583365382
2.3384581752505853,0.7980103776782929,2.348841469931885
3.079873783882192,1.1359381645904902,2.2493301371572563
3.86323517723811,1.4612262312733346,2.1356830508737263
4.559543045658396,1.7311110577071376,1.9560011385093397
5.264851504164706,2.0512827973015124,1.7720789659332468
6.720566083394592,2.5012607877615443,1.5389039508094655
6.996904131408409,2.5803259051700733,1.2937406114474372
6.409926601084487,2.6173296783059268,0.6940447164238146
5.81836903108411,2.507930995645195,0.4430274342957854
3.9481342546428078,2.105298838994379,-0.042784648843882875
2.948203412859853,1.9421275155696245,-0.2110392720309453
1.7755852879332257,1.75667179461784,-0.40843515602518987
0.4740710117863539,1.5430486933060392,-0.5995806385952904
-0.5989797141514765,1.4053953065458438,-0.6922647472252181
-1.515343126737209,1.219510272083335,-0.7006783118037971
-2.2397378983100835,1.0154530136693685,-0.66643059661127
-3.059845113869063,0.8679963384625311,-0.6456695270302126
-3.876446427019842,0.7274879422799284,-0.6363842704424036
-4.414958237669524,0.5715266178065358,-0.5734158740287851
-4.677780388218978,0.45239810681156,-0.47185433141265065
-4.86467996684891,0.49235413721767907,-0.41055750946495007
-5.0180830476791085,0.5243992005356627,-0.3316127670024529
-5.064150779737522,0.523432101765012,-0.265014404038459
-4.976534257258792,0.47348213981254395,-0.23632011455055246
-4.785173224919258,0.44324300884615997,-0.26292917569612206
-4.370233831012918,0.3936508644269111,-0.31555345631575826
-3.6846062691848767,0.366730394118008,-0.36338976977025195
-2.9714098412770813,0.37962478506639286,-0.4112750887897454
-2.4271754609016325,0.40511917443942763,-0.47883196327381944
-2.0631587438643098,0.44331367390583454,-0.5220039418526075
-1.8035844554718121,0.4058597959141592,-0.4198273730035593
-1.2551451049677727,0.22764829883545007,-0.3088120577199286
-1.2551451049677727,0.22764829883545012,-0.30881205771992853
-0.7968561758185958,0.018413739689065768,-0.20965897829290717
-0.7968561758185958,0.01841373968906583,-0.20965897829290722
-0.5495408595935943,-0.1468592791763363,-0.14552160481681548
0.0016478582947144216,-0.6364484361892294,0.03238636619192087
0.4468446267973838,-0.9532670456808399,0.05677851972793907
0.8946179526745436,-1.2868593860425381,0.05170396705253022
1.336327756682834,-1.5915591316704605,0.012718936352433485
1.7347835806709198,-1.811835063502313,-0.09302565972323351
2.0363384519061407,-1.9476015546642589,-0.21152288608785064
2.259492275365303,-1.9934178409830454,-0.30389581631713614
2.5097852826576714,-1.9693260821260252,-0.34473126917255636
2.717813971537006,-1.8974633174210567,-0.26106516850815153
2.7853994959272836,-1.7668761552446455,-0.16037666400827866
2.6450631152689406,-1.5562898540429382,-0.07411201479461815
-1.638536002091862,0.693313643174346,0.6189605753126661
-1.595324316498734,2.65686375688059,-0.46079968463388354
-1.3422945579857484,2.232432377228829,-0.788594745663627
2.4557189235898114,0.2840267312161572,-0.5738285889164131
4.092679603566884,-0.1374656394513667,-0.360379774870925
4.790186648309556,-0.26689471320040603,-0.29782997296392755
5.540958395180966,-0.2716298562384434,-0.34256815252041783
6.265302374631553,-0.14036686461668513,-0.3958524199222646
6.695411661535957,0.028328978127042825,-0.3430320630404424
6.773325580575556,0.10756369764533558,-0.14096415569726806
-6.251598632617492,-0.47866247401619466,1.1240241866497147
-5.051355190993966,-0.45153584658073653,0.05675367542713028
