-1.0101916750560296,-1.2518375239988415,0.6642967400829877
-0.6473064197653114,-1.2427592737568827,0.7703766692248724
-0.3821155045767766,-1.1849380312329212,0.8953706849387001
-0.16490928466005775,-1.0943903502504013,1.006501089458752
0.022929855289749036,-0.9651707031766497,1.051896297327566
0.09648029353690493,-0.7993332990317726,1.0134919367702937
0.1390081771121814,-0.6238068755407068,0.9812731003763382
0.2191773865128051,-0.46675176733625645,0.9666165736305183
0.3938851861766272,-0.35367555180455545,0.9449961353141895
0.48739926658821825,-0.1677163622678095,0.8695124339520821
0.36950705696149105,0.046261545425908865,0.754688809854633
0.1704892685743918,0.27681115401882844,0.6509419617182111
-0.06192705755240543,0.520285904006476,0.5340204128349318
-0.2598243816275091,0.7595421959615809,0.41861598473374606
-0.5393507204694669,0.9879287432860662,0.30179943972379697
-0.800906196387739,1.167620577316137,0.20241796345744995
-1.0000829954116022,1.3211960428704235,0.10479103478460955
-1.2654772379970094,1.4356177495988127,-0.007844098047549687
-1.72042553055731,1.5418534264976544,-0.10761197871890682
-2.1061688628606796,1.4660229497547363,-0.1381226020236409
-2.2146484922782044,1.2887460237826553,-0.15768805627656823
-2.3728424353812616,1.1566254834292409,-0.22593005979181613
-2.6722281273509685,1.0124013793102316,-0.2736010602447549
-3.0771127232650204,0.8251527650002027,-0.27533448848099984
-3.4880290028877843,0.6771412119080712,-0.30677422376592656
-3.6432536848861594,0.5290996543555792,-0.30655327377233066
-3.2704066973055923,0.10586576104383202,-0.0859424200253984
-2.7900520117890513,-0.05513364873693494,-0.09795566229749778
-2.4197974317533326,-0.09957260509741135,-0.18413822040803557
-2.2106822081608026,-0.07534332470530015,-0.2299666182036771
-1.8869409319409254,-0.08577859930164601,-0.19291547481586116
-1.3670586677687275,-0.10446122801443396,-0.1640093740783266
-0.771206785822222,-0.10795632542228116,-0.19536808290055407
-0.14055246678037514,-0.13240186632333784,-0.16000887536042302
0.26665232198174044,-0.14442977012389502,-0.12645422933219846
0.494703059423072,-0.16612431871293426,-0.1959254799556321
0.6042509182153804,-0.14920238336108038,-0.2561420943710478
0.5874821596750662,-0.16835842929620248,-0.2168989709025676
0.5859529394304371,-0.21916861559089207,-0.17595097539119958
0.5897570904829339,-0.2648075368644166,-0.209866860147162
0.5968184275105317,-0.3223417379621557,-0.24676665962174016
0.6130733266990146,-0.40310781713353505,-0.2561291103156501
0.5806092372991566,-0.45780706679784444,-0.23909710893959168
0.5229701595433918,-0.48046301029509997,-0.21514865047844517
0.44763032252271945,-0.47003629324112417,-0.20069589691909595
0.41223631163875835,-0.4402633889955382,-0.18285253698378956
0.3060314503819951,-0.30342103907271606,-0.1024768604443882
0.18502001278117772,-0.18599316624419576,-0.0606102520352498
0.07619764784805624,-0.047422242475018375,-0.02274961928425822
0.02273184734165522,0.08455149086253078,0.008428855470870043
0.17077596424131358,0.6325987212280884,-0.3858114246053181
0.2634789453134352,0.6362180760940022,-0.5305203779412172
0.44864318035021666,0.6804321749536645,-0.8743219514283702
0.5703302302192266,0.7375895019269514,-1.0606509173234955
0.5703302302192266,0.7375895019269514,-1.0606509173234955
0.9701379730497801,0.922499266026582,-1.3450762515622237
1.1318260246004455,1.0373003916975374,-1.4804671734159371
1.21747443436618,1.1704355158514204,-1.5161221240341312
1.298558917756008,1.2779544103104346,-1.4275512740270537
1.3431456804726734,1.2996251729816726,-1.279323678112716
1.3504630316404664,1.278335907298508,-1.0329951283502263
1.3264910452046528,1.2337402723192201,-0.7374417963453259
1.2709715845833358,1.1311898260491864,-0.3357450163172128
1.2357121680778744,0.954287819521091,0.06796242465142188
1.1395192566513574,0.7136763399460602,0.44838200766119674
1.0319680429957232,0.45074893197876786,0.814499419672987
0.9403462883423186,0.17998510389255545,1.1389829220202445
0.9050170697350705,-0.06250159238766578,1.3672764269723674
0.8872202623274393,-0.24942937110573926,1.4906335200505325
0.8804610220301112,-0.35762447143739995,1.5329580712376962
0.8304754993517347,-0.3838066069437923,1.5097819542929773
0.7459955784095446,-0.37323275942789697,1.4576666584173366
0.7163239551180184,-0.3352341048267763,1.2941901562594043
0.6746453964762713,-0.306224113964504,1.06411088116828
0.5840759065472418,-0.247168006096051,0.8326218184790339
0.3993272537121576,-0.18596120627779883,0.6673736500978944
0.19940231674396877,-0.14480314663174737,0.4954852422008012
0.06350422575340942,-0.18585971190477396,0.2865494479292778
-0.2937361139675274,-0.3574192021296379,-0.0853868343976048
-0.4779910806171403,-0.4554228142682687,-0.23458700085204698
-0.6089259603917572,-0.582236322466371,-0.3749693143779842
-0.7996441903255694,-0.7072298827744568,-0.4546341446019193
-1.0053423225386446,-0.7546700721260625,-0.4661154907600497
-1.1796261327918791,-0.8108393382760896,-0.4938798589907868
-1.2152862049189572,-0.893171383943842,-0.5770828818246644
-1.1766954913835534,-0.9794801031665763,-0.6003466961346527
-1.1931221131791945,-1.0088603531111833,-0.5278062985205438
-1.2204840839480293,-1.003237069321473,-0.4490048473605165
-1.1894087442596823,-1.0048970885924138,-0.3994508206734353
-1.0556152342779244,-1.0200085698039234,-0.3408174084742551
-0.8927887171704615,-1.0112169562574878,-0.27204403338101374
-0.6850388790505753,-0.9732709488288973,-0.19466998322850737
-0.47468730717344726,-0.9689344629534735,-0.09162112481821438
-0.2790737129045661,-0.9401299614750002,0.016083491741749105
-0.2047478156086682,-0.8390158922867681,0.10551079649657238
-0.20486052207147112,-0.7346692246822298,0.11694806202815403
-0.1812450122810402,-0.6529276132455696,0.05963803969964914
-0.05455053993609459,-0.6177653875861656,0.01525596146914842
0.014769325233311148,-0.5434660071887356,-0.01353045412229329
-0.034434272740876175,-0.4251778663664176,-0.09798985281310263
-0.09630010509027309,-0.30205495965582635,-0.24182549760856664
-0.10809285506037797,-0.2104767743976222,-0.46304920697078367
-0.1198849663193697,-0.12529737804776536,-0.7378722085548919
-0.14028856376346263,-0.02456863258886159,-1.0122751997185315
-0.1251761643557092,0.2005853433283054,-1.4928915793678708
-0.1367661179859422,0.34879241909041125,-1.6951336441800526
-0.19461555676421824,0.5767185578168328,-1.8283347815626794
-0.19433694431794696,0.8227306773668448,-1.8938321566029224
-0.05771842925502479,0.9878253642062531,-1.8387543242018234
0.19318619747392066,1.1083022680756103,-1.6273055725860393
0.4313129023725124,1.2177853709819266,-1.318698248392666
0.6275834197123097,1.3008983736932582,-0.9278623950995833
0.8046399054106802,1.3542952306329816,-0.46857981290309597
1.02576336426486,1.3363051796410084,-0.00557850806614358
1.5633350901114431,1.055935877531004,0.8821111823212595
1.8146548443879982,0.86633448519873,1.2156244557531757
2.009762991667441,0.6478409786769195,1.455661081685442
2.0598728675119395,0.5183380728488731,1.6276877091169053
1.8954820879407892,0.47305274833576616,1.7173867440291157
1.6844749628679807,0.45072746287689686,1.7383638057685666
1.5189198022174202,0.4678695767779836,1.6955158818066598
1.334334049003624,0.5311091924787071,1.6072414578442418
1.0527029462496713,0.6367083839256195,1.5369510456894866
0.6835874120378465,0.7656623589378729,1.4930281456658367
0.323174375126211,0.8651334472298546,1.4326248670473316
-0.009302885675985383,0.9242476234408086,1.3636015872166116
-0.302906080496254,0.9352305667398971,1.2909795584276644
-0.5284075423521672,0.8685030254059534,1.1900997610224708
-0.6324454148273072,0.7441960633093769,1.020428032935181
-0.7479449375523886,0.6009437890471473,0.8483615789861322
-0.9063361748682229,0.4281421430442855,0.6985628973257642
-1.0403121799506745,0.21110832886119857,0.5466027270987203
-1.0634523450910278,-0.04299803461553066,0.36443003855763206
-0.9973168379982207,-0.3183122062774653,0.1404620159037384
-0.9632969629950754,-0.6223182748449725,-0.06648116523200032
-0.9589789292057758,-0.936025538128421,-0.23079096433349966
-1.001354069804412,-1.2220852639822608,-0.38459212504782303
-1.018626675674367,-1.6564633583975323,-0.6705498715146899
-0.9618248184292522,-1.818028065599825,-0.6869666184169414
-0.880662524752497,-1.9434016425405474,-0.6723497514476999
-0.8478955326784234,-1.984394718927516,-0.6523915725547712
-0.8044071537066716,-1.961424315758954,-0.5826925073727801
-0.7334605547843727,-1.9063393886615605,-0.46706701287673535
-0.6108942828426085,-1.8088651150649864,-0.34529351095456795
-0.484666882996228,-1.6509856848599902,-0.2701609401507552
-0.3536577982939985,-1.4726239076893874,-0.1726478818800753
-0.28448317986065974,-1.252156857316924,-0.06835482310266089
-0.2258183256335978,-1.0454868890053537,-0.038630359959258016
-0.10967342043102021,-0.8636990884455051,-0.09167079964807245
0.06705162249802799,-0.7319530663913252,-0.16244717332999742
0.21905727627300883,-0.6262328522789796,-0.23243276029529303
0.25228405564019146,-0.519431602351763,-0.3690150543203463
0.27742505882408314,-0.2782890342716129,-0.8292290628257896
0.27742505882408314,-0.2782890342716129,-0.8292290628257893
0.37695848460440523,-0.050724403085548916,-1.2943860257448345
0.3862872737306719,0.08934178243558256,-1.5381613938676695
0.3342593307915011,0.27403788191554745,-1.7424955965783033
0.20783152451348516,0.5419390540012455,-1.8763185594735499
0.037315001149562994,0.9429177108711507,-1.9219105104387748
0.03731500114956305,0.9429177108711505,-1.921910510438775
0.13448588183295856,1.6498299846879358,-1.5965683716140024
0.42512709561994644,1.8094937241845166,-1.2800598842789
0.7204067114676487,1.8974436663909735,-0.8619654822380963
0.9975068371100401,1.9190515769151393,-0.41255105132798364
1.593140622717408,1.7191737811469416,0.48834948304830983
1.8819064782548218,1.5378305419415461,0.8980202828852057
2.151258181667002,1.289785573818062,1.2191631670045295
2.3797878607013847,0.9524010369308544,1.394904327576438
2.529205055102882,0.6071254894409077,1.4165536010777002
2.433399293394881,0.384017274434853,1.4042124656035355
2.149813618043686,0.27720142700459366,1.3775708764590775
1.7843565287301508,0.24591586179844127,1.2935300100571203
1.4075419285011421,0.25833931143616934,1.203861902385703
1.0340649338452916,0.3008394004516326,1.1197263776488002
0.6966373572685601,0.33902722080459996,1.0138417623517402
0.3598313016481494,0.3721510760556955,0.9149137909507042
0.034233309988968265,0.3715265759210374,0.8443583683908236
-0.2186817078349967,0.3124898458960479,0.787915401773516
-0.36746416804410326,0.196135462964377,0.6706591701686944
-0.5580666907577976,0.08596178870926907,0.5643992982589332
-0.7950695682388714,-0.012549148530398124,0.5068414265942176
-1.0427840560569663,-0.3503689517760873,0.354283573502753
-1.0601015456606542,-0.5827174705753841,0.2091748133403512
-1.1280547662893488,-0.8307852015536623,0.06203854065871605
-1.188644680424257,-1.0605905411959484,-0.06103689748112218
-1.2122260702910579,-1.2751636374864528,-0.18987212683858845
-1.2220237067905892,-1.430515358943017,-0.32140246310442877
-1.253416344417393,-1.5093219407113938,-0.3667297614253787
-1.249267137293855,-1.5638574066017616,-0.3335803172360702
-1.2159044807207593,-1.5994717005220458,-0.2897352904775724
-1.1666747955141215,-1.5877320650553168,-0.3014450867138929
-1.1628243424012517,-1.4793429029518685,-0.2906605851379992
-1.1373444198814748,-1.3293382619714456,-0.20759534239892918
-1.0202379120167944,-1.1812733016526291,-0.07663878880071573
-0.8456522628852713,-1.0789273180857406,0.02325532262704532
-0.6504964916992089,-0.9943680819208864,0.09910503032010276
-0.5284728229701613,-0.9003571249169848,0.18237043448890733
-0.4788086390800456,-0.8110059143292524,0.22849255079047012
-0.30455175007529,-0.6773232254912693,0.11893106046263122
-0.20179449326651897,-0.6064072572570129,0.03098964882843274
-0.11653243664744467,-0.5347899514715323,-0.0887850951066291
-0.061326813036681464,-0.46129013238806293,-0.30522763507699147
-0.030652353566175163,-0.3559201522666102,-0.6159041782830357
0.020923824273598013,-0.20287163820415127,-0.9488965497181531
0.128114075395364,-0.06938245691929561,-1.2709848982265999
0.28067668020740066,-0.004108499891308556,-1.5781991871670558
0.4282430756609876,0.07243497017711399,-1.8509546711907146
0.5840809315291702,0.14794520089503826,-2.068077077357458
0.7407814842836387,0.2496785847346139,-2.2205042919304288
0.9474041047476778,0.3835913216106678,-2.2387459932398275
1.1584946334757082,0.5315639635754601,-2.180013529492098
1.3214273464962656,0.6972422608433944,-2.0717020178355567
1.420465010033921,0.8898782082540361,-1.8372950464012745
1.4460187480654987,1.1078234419830764,-1.4630639997025285
1.411430981271442,1.3663758748302268,-1.0139084111468168
1.4041271141014358,1.627142224742937,-0.5229375843092683
1.5388650361983225,1.78514502117417,0.41753425548233947
1.5388650361983225,1.7851450211741697,0.41753425548233936
1.5600754212293078,1.683558098671029,1.2234382993575161
1.4619529436200147,1.6064483080498178,1.5527552799560091
1.3785006339583445,1.4787214157922117,1.8474750266743407
1.3338815687628,1.3048639285400745,2.0354551912988947
1.302623908987472,1.1068641099592689,2.0841026399700797
1.2568381510126723,0.9105331280382405,2.034233838035425
1.189236682135343,0.7299010433599424,1.9310603810987208
1.0564458346779626,0.5731931574518218,1.77679282843771
0.916977668903827,0.4516680814701864,1.6057830505955224
0.7973257327843047,0.3115853467320125,1.3916327602833631
0.6517340588522045,0.17153127788775446,1.1704999841209576
0.4864702999516586,0.022389145386570455,0.9489919253218332
0.3216599748460665,-0.15267347930386826,0.7269650229861094
0.13219692789060208,-0.35664103674722036,0.5116625410198883
-0.1019774417045484,-0.5632852508618589,0.325849053194083
-0.298652637070825,-0.7937178447346885,0.176640918281188
-0.4039813562545429,-1.0949724052621346,0.02847554212745295
-0.5040699492067645,-1.395331946652174,-0.10829597952641618
-0.6917104511854371,-1.660581422222149,-0.24898563798796025
-1.0597235827122837,-2.0031656794935784,-0.42476332975898223
-1.1012647199607863,-2.1363184462140703,-0.44491265025871707
-1.157391963989151,-2.1805987860486353,-0.3942422704628964
-1.2832525935925492,-2.1153167683773098,-0.28615581346794006
-1.4473601791395112,-1.9697369688036581,-0.16246590573523567
-1.5648574405132911,-1.7720425731634173,-0.040292406154445855
-1.6399102286958733,-1.5338166675037694,0.05262988013608049
-1.6291263198700854,-1.2923909825843747,0.13337502924275035
-1.5010837151220984,-1.0479813214044034,0.22476427144139371
-1.3715785102670237,-0.8005412568289874,0.34598193257630805
-1.2732207341995274,-0.5778694168396691,0.41599279689855756
-1.2216307828756872,-0.3781722172959232,0.4083436393137393
-1.1125182389900818,-0.24345373089848465,0.3272882368470362
-0.9216084801714894,-0.17095567604772333,0.24900963125284398
-0.6645937705236373,-0.14817304223998912,0.1637981745609829
-0.45918233043809104,-0.15943455314801608,-0.027866406098019332
-0.20113641383186617,-0.09625699573850867,-0.66009599598167
-0.13751011029971966,-0.037580533824733184,-0.9962945439964462
-0.05145789610310061,0.02231037417002725,-1.428616989794334
0.1566852000208796,0.08503518826905478,-1.9066642718658626
0.46883014771311954,0.1598319942909241,-2.3762149565916157
0.8591901926942331,0.29461673897591556,-2.811949226823252
1.319146839141907,0.45436413645523177,-3.229527955170428
1.7433418835291987,0.705182524533299,-3.549254933649686
2.1506118698924843,1.1812547735045158,-3.6264818325686474
2.4537703846035135,1.7221955865902354,-3.4883400276227725
2.6951266308257478,2.1443636463174123,-3.1440523377267846
2.97869278460465,2.3973447690496514,-2.6349929633714844
3.163090198075631,2.5407592940212376,-1.9617091145185308
3.2144950165998254,2.719728767512842,-1.1989701670588038
3.113456981707198,2.8412594143352554,-0.3514975176982357
2.906740150845239,2.8137024024771975,0.5159028334788048
2.6582459703532226,2.63199206138157,1.3157828357798813
2.4290885209130235,2.2716691062903775,1.9322527208143832
2.081088264421255,1.778284426242212,2.29281374107756
1.7392502703926906,1.2554271702349031,2.4603395878717937
1.0348158227590816,0.5749725557846148,2.4247597598858888
0.7405854728761566,0.33535408155077695,2.234955344859922
0.5224773706375664,0.06913316148078803,1.9704660931284201
0.38594022556488244,-0.14522852590358437,1.6256229554795703
0.27672460962686546,-0.2860806917221591,1.3202232304185761
0.15207118620399432,-0.36522949290595386,1.1166616796367794
0.022479391622631108,-0.4364439483203302,0.9749457618789635
-0.03560416538122604,-0.550781157494722,0.8140806639766697
-0.019594731361997873,-0.6867670375032044,0.6498781408918708
-0.012579667754532585,-0.8012147586691909,0.5561977243675812
-0.03894617582866663,-0.8989721913887658,0.5669532512562604
-0.10111053060358996,-1.0359831888327478,0.6210788214660269
-0.244218412204365,-1.1697688546826928,0.6730264678897477
-0.4451582252071738,-1.2916533043236633,0.7226488250985884
-0.6433316823008045,-1.413724855524817,0.7361603048310824
-0.8410642444490501,-1.6709909756345454,0.6128102041802135
-0.9074154667685692,-1.7588664430616618,0.5526096629124057
-1.015130231726286,-1.7778560733871123,0.5214697434397179
-1.1007350316849331,-1.7477956975940199,0.5247252114303556
-1.1537484562124116,-1.68123053269853,0.524278241373211
-1.1991002590319009,-1.5296325155192951,0.5119087053851988
-1.1435761085487537,-1.3522895827684722,0.4983695448980291
-0.9321491220561208,-1.196030555090158,0.4670232010683443
-0.6581790423082561,-1.0434486536742844,0.44164861423371937
-0.4794885400146816,-0.865431441597317,0.43092833196886315
-0.4429652140498913,-0.4980693081115575,0.40783468071304113
-0.44296521404989136,-0.4980693081115576,0.40783468071304113
-0.4470035657543247,-0.38337151017125587,0.371219059253594
-0.2673931171255766,-0.343120961013822,0.13686642306513686
-0.12719258406486236,-0.38006751825524016,-0.020017811409505322
-0.032014640316591854,-0.4198654061549968,-0.1502447901195194
-0.038153094564712726,-0.4097374144508271,-0.24419870976200847
-0.10242166399655242,-0.3870238067577012,-0.3204684482649933
-0.10055074919436999,-0.38589164648380503,-0.3873693573275351
0.0063211440583336095,-0.39581588793784733,-0.4350983050555349
0.14426497116424916,-0.4001979582602554,-0.43158835424247616
0.2451160419786972,-0.3889276066698756,-0.4313809763221913
0.2901607834926789,-0.36219819232134737,-0.4345517772224504
0.312999878577288,-0.3362950366545202,-0.42070764824209433
0.3588077322345226,-0.32434986427058565,-0.38078223167262104
0.4163938362726566,-0.3223637359590759,-0.32401602498651233
0.4326661371955873,-0.3218170160864866,-0.2624135951260766
0.40952634010550815,-0.29738867054916207,-0.20154276668389054
0.3491231661056688,-0.24766373552210652,-0.12050980817322865
0.2671855094703144,-0.18515525211409606,-0.0331474447608748
0.17991778506596295,-0.12013383875332219,0.04892034951280077
0.1324646739454784,-0.059692305926109857,0.14081482091491535
0.12096834448562921,-0.0038544814125009014,0.26192396410317037
0.09311815228376855,0.07003343958195256,0.3932222078466254
0.014632516575878725,0.17026709684578256,0.5138143937056323
-0.09352046400230887,0.2886880150376644,0.6078424471062076
-0.21758939400684188,0.4154312718625173,0.6767576153455613
-0.3138253790130892,0.5357238651993664,0.734191845793302
-0.4126662273159662,0.6776776981880032,0.7751172493783176
-0.5572170246078276,0.8712450814898809,0.8247794918243937
-0.7466401241305258,1.095703170033284,0.8975683817181915
-0.9082648509780389,1.3254071683971167,0.9957619287899379
-1.0225692870821532,1.745979720602255,1.1442355726640971
-0.9875132280755345,1.9331671704124611,1.1922825475338648
-0.927940624822049,2.1084913883826393,1.2418065644779523
-0.8336309107549134,2.2627687435238517,1.2864786856313897
-0.7107171817829148,2.37534969235849,1.3114433457071963
-0.5398161979056884,2.420716733907972,1.2965069173498638
-0.3081612564915975,2.3706522941553176,1.215100182356801
-0.05981093390722799,2.2435953243966926,1.0560420888616955
0.10571851871567209,2.0533940442310645,0.8736798880438263
0.16072426566134582,1.8045833589615252,0.723440617805004
0.16847059937062756,1.5145173857526104,0.5812802824770262
0.20446797134748615,1.1975960353005086,0.4052680650994239
0.2843785626617366,0.8692515716280409,0.1740632508918677
0.39357939742683107,0.531981326163011,-0.09486007644287031
0.4470488437514986,0.20768998930704458,-0.34590171212479254
0.4178652116241255,-0.08944735210784201,-0.5479960362049725
0.3240486799399763,-0.35343433548591374,-0.702793684063736
0.1802602520496074,-0.5946921393897304,-0.852488621099628
0.07715466234401439,-0.7996212416316791,-1.0345841031222376
0.05885821557713015,-0.9804501455631704,-1.279851689589321
1.0883573022547004,-1.5498901146512962,-0.7286319027421327
1.162900381737717,-1.5372415775966923,-0.457512881803677
1.1450293710222972,-1.515815945077132,-0.21281584555598151
1.001121039178994,-1.4878036612859185,-0.020808776635716876
0.7548360729704631,-1.4632306821080512,0.1286193481598848
0.48993076997365387,-1.4723461906466975,0.2501995332615794
0.19246356716121954,-1.4366308195220447,0.3209408364656229
-0.10005768131667314,-1.375419974032105,0.29242249051379227
-0.404677700783954,-1.2817744419499317,0.1644687310873008
-0.6799145464375642,-1.1903923689132756,0.006197831371835098
-1.2072895422004966,-0.8007550283574268,-0.20431797529083062
-1.5013990606070804,-0.43860424073258986,-0.20068133161150686
-1.6704725027993075,-0.06525430933042774,-0.09206921350826386
-1.7392273053491258,0.32587536659629224,0.05843721322932487
-1.779669220686117,0.7611140746973764,0.20625986616517983
-1.716957436897828,1.1497071506517054,0.37524363422414797
-1.5614636309884842,1.517595433362541,0.6108896750641432
-1.4585615105137828,1.9655563082871115,0.9646975575022692
-1.4756090412474419,2.515726519260957,1.3177038216223553
-1.5062465384116726,3.463208026752718,1.7890310379265209
-1.2718426533435816,3.7341874690477592,1.951532053019085
-1.1461513771954994,3.910164790912213,2.0215368674649583
-1.139194963728653,4.017603574214704,2.081247861578763
-1.0863517882747367,4.0012631450807365,2.117664522842591
-0.9727838903953065,3.8941036160377016,2.129930741145408
-0.7158023843567223,3.5952954366267016,1.9872580774594195
-0.5095424041936889,3.1702043300628557,1.7306911416365816
-0.44450642401762935,2.6440978150434225,1.458508545807558
-0.35765856525039513,2.1336200004828205,1.2046389642407123
-0.16180321314847243,1.585599065347586,0.8221155822865577
-0.03379481279504228,0.9949323715075655,0.4048711053473972
0.10915841928229328,0.440695148406486,-0.022134056129755948
0.17364405754727547,-0.06648144339398325,-0.4148865151136445
0.1287189803214461,-0.5034732089657581,-0.7430827070168492
0.08091437999814735,-0.9095668456184953,-1.0958560458723055
0.02100775407368819,-1.1929639736934752,-1.354302574028468
0.07728669984281147,-1.4520812260167044,-1.6247005912337804
0.2513905971791978,-1.6737642103234545,-1.8855892201336364
0.4407487667132311,-1.8871276576419633,-2.0847313287785108
0.6673249476905267,-2.1648437750898113,-2.182177776468223
0.857404129073112,-2.2363581425209738,-2.165296482077766
1.1243951707864757,-2.311161955339911,-2.1384988138844108
1.3268096479717508,-2.373868590546535,-2.0808097032332213
1.4029481026156825,-2.392613070398479,-1.9623318063849653
1.4384603813184604,-2.3992648610340277,-1.8134174723901766
1.4793624991214638,-2.392038295078732,-1.673978929951966
1.5332137599335167,-2.3774583058948737,-1.5420490202859152
1.5079013563576853,-2.319225504098827,-1.399176629935097
1.3919916940437254,-2.2391976662283555,-1.2394807463882447
1.270863085482904,-2.1888958619634273,-1.0866688691255666
1.1776006500369502,-2.161673349040949,-0.9565611184509247
1.041155144710651,-2.109369833173655,-0.8238842700341764
0.8397765773587045,-2.021983011219661,-0.670837344517332
0.6436020016020958,-1.9391988375827713,-0.5194366954555727
0.4774904811498714,-1.8565353837041092,-0.3874658598950199
0.2902724636543695,-1.714395018240422,-0.26609774434951894
-0.13229796660174992,-1.2382468315728798,0.010533184172454961
-0.13229796660174997,-1.2382468315728796,0.010533184172454961
-0.46151483968626633,-0.6905327122463186,0.2648885645723263
-0.6537650181461894,-0.35615383061849293,0.4211463900599434
-0.8104990242554093,0.018971718765694104,0.6054941627397928
-0.9013366026090555,0.4055055105179732,0.8232279801771234
-1.0174381649199926,0.8448861856251704,1.046007130808504
-1.2456691087286034,1.4159684302598123,1.2359890795316286
-1.5053835938549471,1.9764760154570948,1.395489777216472
-1.72767335917692,2.4955298718076073,1.5292730075322534
-1.8730997053958762,2.9498313113490626,1.6788215151422468
-1.9219369163785018,3.3752745397927666,1.8626563747570293
-1.9473000091700874,3.7713482221485597,1.9973527242989468
-2.024046933961559,4.129741204069726,2.060172275443848
-2.0966398186356225,4.372563133065586,2.0703941016152285
-2.099725327191729,4.4360788639493824,1.9314268545320858
-1.964554779548489,4.255668102609266,1.8459954601843052
-1.5022009126788272,3.5249280414460245,1.526345143205542
-1.3732590971863965,2.9814589100338695,1.3401812797821733
-1.294781985964859,2.358909995176074,1.1379450903813786
-1.1285524948253747,1.7336872911611043,0.8814552020124026
-0.8959730041516094,1.0993841352148797,0.5748106217981789
-0.7379517482952446,0.45840162925729633,0.2973452771051937
-0.5489082080402549,-0.14111549389057987,-0.010011721446972134
-0.25871540415459754,-0.6853157913159181,-0.39362844767908545
0.005114481786315274,-1.1861663965513654,-0.7898464908518646
0.1332275388316231,-1.587918590586339,-1.065292574478856
0.2042784293270611,-1.8449177165704789,-1.2767691849207903
0.4197231759076518,-2.014278784560107,-1.5246303204792735
0.6983703085834387,-2.1544060751652845,-1.745204339191534
0.8964502134135464,-2.280846392380785,-1.8637107747617236
1.0530405869455193,-2.3743802558506957,-1.9224764613028027
1.2892182103303091,-2.4417788448439954,-1.9608412999163927
1.4694433435040857,-2.4795239101034543,-1.938077523998959
1.4875796074486813,-2.463925182008998,-1.8355943018967456
1.6233293229064896,-2.393069712000496,-1.5576486773297833
1.7261349814389497,-2.363394664045408,-1.2506806134392963
1.640304238889876,-2.283474229514963,-1.081255341944765
1.4932961671901281,-2.154220136291057,-0.9057527319191375
1.3069722513676818,-2.0110972185270297,-0.7228125704783228
1.0779142316320858,-1.8596084272298876,-0.547482918166505
0.8502059547099869,-1.7029172196466897,-0.3965534089661905
0.6196648140277059,-1.5326044608603773,-0.2556692471020166
0.36003179142031544,-1.3283589907673068,-0.138769266944116
0.10604277827273761,-1.1169247680519685,-0.04677652596016297
-0.08076671599826593,-0.9435969491491077,0.03350848167694214
-0.21271868717897982,-0.787619466916661,0.1119906878112974
-0.3475213789424619,-0.6079016347840488,0.20077524950435563
-0.47897662492183507,-0.4316253425092996,0.27791642941957656
-0.6065184205943931,-0.2465700114427563,0.3356027290254135
-0.6656380534507014,-0.09096808016707501,0.3858366753950098
-0.6603189013718566,0.17459109433733638,0.5348865131563317
-0.7201965742390442,0.35741858964638495,0.6254765200553051
-0.7843451162374752,0.5834338687138801,0.7274091857601417
-0.81596887738889,0.8340714092381467,0.8118783693538949
-0.8846251539293716,1.0933165536844112,0.851927118030569
-0.994927346542426,1.3361405249729892,0.8206985342043807
-1.1540862363035684,1.5876657275021897,0.7716099252069274
-1.291035438881788,1.819676850099062,0.7532571283345862
-1.42668943498627,2.0533561582717077,0.77506781060385
-1.579038972870852,2.2746383324706345,0.8125052383821492
-1.6502748404493017,2.5117989262014113,0.8600727187660304
-1.5717771766467958,2.4880866151528513,0.8617807526142695
-1.4862031618187452,2.408140010867707,0.8978156179647964
-1.365520864777369,2.301239074301652,0.9592858861410228
-1.1627732722814217,2.1701865995868967,1.0347352992560728
-0.8721893249300878,1.985796029220533,1.0657822053864536
-0.5606960710908037,1.7562811331634414,1.0281962819337924
-0.2726399509982115,1.4948460528416996,0.9243800650757245
-0.0013086371331621147,1.2150098486420788,0.7719812582995392
0.2593535057231186,0.9250483407396063,0.5822117774711141
0.5182271810942722,0.6307480537376882,0.3722785683905353
0.7649942529933806,0.33804545971439304,0.13342972258095362
0.9302216646520398,0.05367584162050666,-0.10861763941286251
0.9565468136138757,-0.2154512790296939,-0.32674830153416035
0.889383789471505,-0.46433748638226213,-0.5181975366595073
0.8219077743391537,-0.6825729191793668,-0.6994869149091506
0.8270958268525925,-0.8806369109092326,-0.8883539907479633
0.854600555617991,-1.0779331041064955,-1.0639081542402034
0.8089062476898268,-1.2696263896503857,-1.1898914472912305
0.6888388189079796,-1.441393950909768,-1.2683979307476418
0.5684787908369815,-1.5924766723210657,-1.330203999597718
0.49963701547570033,-1.7094471354908711,-1.3667860011235522
0.5298056285004681,-1.803265159210391,-1.3611069544450118
0.9458321062725822,-1.977656536563858,-1.2834769992530974
0.9458321062725823,-1.9776565365638585,-1.2834769992530974
1.1765435925452663,-2.036503440913626,-1.0453817119696491
1.1941097434674808,-2.0041454200107367,-0.8961128952368963
1.2622762514551393,-1.9424598831390656,-0.7319975603242739
1.344083995340798,-1.875890470998708,-0.5621720573681183
1.3512277981257232,-1.7673546002850558,-0.39178476323352845
1.273193727761588,-1.5944225785638255,-0.26809217785540984
1.1285735805928288,-1.3636791136543998,-0.1742794034185614
0.9394508453585522,-1.1019094303154138,-0.10053305376886845
0.14898170184466497,-0.14800536130942266,0.075340668241802
-0.15879293931327995,0.1010987643548697,0.1224018255299388
-0.46753956431960836,0.34537691782079427,0.16575883204665853
-0.7182730112900005,0.5484225766497635,0.22591310462611444
-0.9506355525836022,0.7110756518897465,0.3159924330749084
-1.1417878487395752,0.847332274300101,0.3939434633740754
-1.2670744938031864,0.9673625954694083,0.4633651683461416
-1.3324528249632355,1.0871583867812014,0.5354990033038552
-1.3488376690641428,1.2028941315682122,0.5935065447127666
-1.3584952777868862,1.3070988546343854,0.6091309364621016
-1.340813062150245,1.4031473246846815,0.6110643866942164
-1.279516825400219,1.4899740754243427,0.6228056671738728
-1.1961011700577096,1.5784957339042258,0.6503781598232631
-1.09448476292573,1.653980125808907,0.6825447735700532
-0.9365469398021209,1.6803129926432359,0.7080262682970233
-0.7438006780114557,1.6589696532298546,0.7248867807889106
-0.5492901276991122,1.614832295202126,0.7314377900802934
-0.3992798357227914,1.5673783497396399,0.7356035525827075
-0.29214906965044096,1.5094809731294105,0.7448565516608804
-0.15050692649863842,1.4273370111893129,0.7516515574283568
0.19639723971720927,1.1319478725445338,0.6655072578654548
0.34129474873511817,0.9414281176240646,0.5609467783863648
0.4378015715736349,0.7402592008314994,0.4321899978541808
0.4506451730328444,0.5546195370741487,0.307786161265182
0.4239054236853037,0.3838518434203814,0.19379366440965956
0.3717642035503435,0.22577353045786025,0.10193295222920618
0.3278651924510087,0.07546251137942364,0.025245221105858147
0.30473771260708155,-0.06139703065600248,-0.04101909503371441
0.2951339523863318,-0.18094014856335427,-0.09969861086865336
0.29327423598148983,-0.27539732277996065,-0.15163090965179452
0.3000386927718083,-0.3427014205587161,-0.19562833443324912
0.3042387283623786,-0.386413705022156,-0.22102094730477842
0.28197580243030873,-0.3979263575160009,-0.22185706413587353
0.26064294536991667,-0.3908353500901227,-0.21704947820467876
0.23810371240503456,-0.37087822872144527,-0.20860688729326166
0.22722609349574743,-0.34936316393285427,-0.20258016292339392
0.23353841760257793,-0.3311761575226576,-0.19710969522452304
0.23757705262793008,-0.3088171750643315,-0.19050966454280144
0.1876250874318374,-0.24503735878106014,-0.16392141720917883
0.15080667818984014,-0.21867967529203824,-0.15449308324148572
0.11684046840655529,-0.19790384379450443,-0.1498136163676208
0.10066889335046064,-0.18543800154147716,-0.15267512588083113
0.08654150988955814,-0.1731174549403764,-0.15725504021920655
0.06324941321622773,-0.16223862072638218,-0.15993830290381028
0.028428576784575214,-0.1525491714898255,-0.16009021500440068
-0.008105519233900273,-0.14407190551032895,-0.16133105964221772
-0.03743802524258049,-0.13800478112249165,-0.16436523530481992
-0.05811193449089435,-0.13498670403686475,-0.16865943154064647
-0.0752121450637202,-0.13117812302518794,-0.17000860055155742
-0.08132087259724288,-0.12726306411642596,-0.1671879228506739
0.09771421500369504,-0.18975281976051894,-0.2627383293137012
0.08954560242420537,-0.20342002367949025,-0.27083428516551805
0.07844310996970447,-0.21775078736849612,-0.2800684474551058
0.06347531826202726,-0.23216667724532075,-0.2895512108894091
0.03935571397506923,-0.23811925773039938,-0.2993010879059197
0.013015726431049666,-0.24246428629977096,-0.3058765020870551
-0.01691649087220117,-0.23993599661931825,-0.30980438504165014
-0.03825704542706481,-0.2412555151361132,-0.30746825977138625
-0.049547978803399305,-0.2447197341997327,-0.3015497007107597
-0.06310865809798982,-0.24410606088005643,-0.2957209784500969
-0.07352105070755319,-0.24730236602348493,-0.2911660137236548
-0.07582172143664045,-0.2538668351721315,-0.28721507420884623
-0.060370532473789755,-0.28062548773745694,-0.2899538019570775
-0.05554614478902755,-0.3039289412332723,-0.30199809824710144
-0.06981374234898846,-0.3360680334479292,-0.32922743154972833
-0.09588974135545508,-0.3794402734719034,-0.38014317972067013
-0.1147251153475645,-0.42595401764241086,-0.45704823363509817
-0.09314678568895954,-0.4921819710300077,-0.5543731054467307
-0.004147858288734839,-0.5854254915258791,-0.6624952141048609
0.17767127764346816,-0.7221553901439903,-0.7730460546474337
0.3449670756804909,-0.8661678410743312,-0.8908337307956538
0.39108797677462703,-0.967073131748148,-1.0343012041831958
0.4016152054354376,-1.070610544382388,-1.1991666570317638
0.4118094816377596,-1.1908721320394986,-1.3624085153685768
0.48245650300330967,-1.3231282158626552,-1.5161832814109775
0.6252520369668157,-1.4740780902614976,-1.6348934354373645
0.7958184211215015,-1.6530399131698412,-1.7033842905407945
0.9153484841951499,-1.8807483966186636,-1.76996365329875
0.91534848419515,-1.8807483966186633,-1.7699636532987497
0.8261331045018822,-1.861490995206404,-1.8082148112995484
0.8776681289189051,-1.9108263350639711,-1.7030528605895148
0.9098507007323384,-1.9164015586421999,-1.5303850008218793
0.9169391225238543,-1.8520900388474262,-1.3153080559072234
0.8907342998799355,-1.7484040110485286,-1.0533735240577446
0.8275909555023007,-1.615201247714536,-0.744737166487984
0.735172977642002,-1.437281445530847,-0.40172771233216037
0.6280128687911414,-1.2329617828752097,-0.03507689241021845
0.5019133875510898,-1.0142434406298022,0.3629372928538489
0.3300262897837457,-0.765369496372161,0.7878365282801051
0.12362967247582882,-0.46848607686267674,1.2171019158427485
-0.07162024995122893,-0.14994969838344413,1.6479371189108751
-0.24341176821405844,0.14121693838429972,2.073653680382644
-0.3999447887935856,0.4262387990194795,2.485652608452953
-0.5261529861571117,0.7037049064476084,2.8691636819678403
-0.6432016034796425,1.0436779448724136,3.153978879957836
-0.8519537667738843,1.4821109707045912,3.2504358634741255
-1.1340692328108821,1.957439530484774,3.1922823864009144
-1.4463000172612168,2.3974286279741626,3.02432861276083
-1.7894856779531043,2.7910673036811886,2.787035818570273
-2.1392943666026216,3.1470799513130303,2.5542847300727107
-0.31071023312531737,2.3588462383982587,0.33629515485098654
-0.024324075407915834,1.887343969914547,0.1704368780608192
0.22934980068715,1.3633022072809848,0.029413653457932752
0.4483967482689234,0.7819956735073395,-0.09592101546070858
0.5927803438100452,0.1564605878183158,-0.17286474714595407
0.6825108475472256,-0.49717780221112484,-0.23393441412821964
0.7633040281749623,-1.1729729335423726,-0.2938416124503257
0.8696043854410487,-1.8419063663474133,-0.4021025156436149
1.02467779078694,-2.4977497258673647,-0.5896712905820499
1.132807795282545,-3.140375881099771,-0.7540492176412987
1.1505117694719664,-3.723344249673929,-0.9100296359163977
1.1648843877155717,-4.62223941560374,-1.3816162961802592
1.3592948214474954,-4.889921101370453,-1.6831874879290516
1.3592948214474951,-4.8899211013704535,-1.6831874879290523
1.866825123531504,-5.107812479423853,-2.19062977342658
2.0454955614108865,-5.050107574423131,-2.410603634632763
2.225028309159496,-4.887264462101499,-2.5824165230417786
2.380570565621347,-4.634798624105749,-2.6797472372708944
2.58464378281951,-4.349489804676312,-2.705322830694122
2.829645705239405,-4.067201460747615,-2.6360604673667143
3.0206794141078395,-3.779315462217358,-2.4903642759938087
3.07953393901835,-3.453364618412065,-2.3649096960635783
3.046343520556531,-3.1025448392099944,-2.227559488801236
2.9884059463539505,-2.779660266295285,-2.017606473255158
2.9019228665361196,-2.483135732981485,-1.745462707533295
2.7407148010764883,-2.2005684498834572,-1.4448735000357251
2.204424570632239,-1.583213548143674,-0.7792786467159568
1.8519197967992396,-1.302556761579535,-0.4003562067119839
1.4929415785251399,-1.0658069576922362,-0.021223452888525014
1.0670462084174739,-0.8204049196266469,0.3597961117552777
0.6288630343367143,-0.6208482516482192,0.7318418790145006
0.1515831234859419,-0.3781106399812696,1.0743456313806936
-0.31760388176229276,-0.09515044008249691,1.3990965100366026
-0.7546618269490117,0.16706109978346928,1.7181500716015916
-1.1383109455873015,0.39994639318993547,2.014154032138392
-1.4556002275942959,0.6552003907751855,2.216906815958266
-1.7049823500763672,0.8921148499305037,2.333397326937243
-1.8708929266057424,1.1616110447820769,2.351184882044563
-2.060403913091021,1.5053997738061728,2.25121718635093
-2.2149351135624746,1.844248420742961,2.0918945886252556
-2.3691409512644492,2.1786944632229885,1.946628209070845
-2.542202416188488,2.509458706535584,1.7965930928862799
-2.774191257744507,2.8350998215435617,1.6494780993914424
-2.999016004375759,3.122934862239626,1.5098739422713265
-3.199934267760829,3.3637061687966128,1.3822746543306081
-3.3430858806437795,3.5440752696237348,1.3110716151288637
-3.4353996482570026,3.7079137088696843,1.2870153887921487
-3.4814295583148462,3.8452992513100304,1.3375993908297346
-3.381377640032821,3.9558868972278702,1.45806593667881
-3.1258657732535737,4.027482402064627,1.5579739232200485
-2.8353984205012384,4.051754559793158,1.562822993266125
-2.1912515038298324,3.8338967601938836,1.3373979783313317
-1.8884464905806984,3.609681037448498,1.1657997233413522
-1.583900445575211,3.3483550847655623,0.9729515822832091
-1.3394944715771162,3.067306414083322,0.7872018044621627
-1.1824071774924663,2.753206741497437,0.6471874977211649
-1.0660759491455571,2.4146910093274934,0.5251728466472604
-0.9559877825436449,2.0604862341709635,0.4081339805521402
-0.8586579040902855,1.7033697339204308,0.31440990071309494
-0.7547451480969152,1.356360009865296,0.24635084021880913
-0.641239356200749,1.0196947717893432,0.20264809782336363
-0.4868716651784643,0.6796028867324332,0.15778823161494182
-0.29559669272661965,0.3278386991941709,0.10911339734499234
-0.09359376783230591,-0.03507937199472812,0.06471169398429122
0.11654233850286605,-0.41104635771059317,0.015610363885881294
0.3432361429865393,-0.7965670648939235,-0.04131281600122246
0.7751954399547105,-1.6324742988500174,-0.1974039892152287
1.0031062713572805,-2.0809601184261584,-0.3021631007469064
1.2127910853986807,-2.5428848090213467,-0.41569586062238323
1.395612618745046,-3.000192489194377,-0.5402481234195514
1.5457286736293239,-3.4197641604651907,-0.6711962792280122
1.7356708715124063,-3.8212348994108143,-0.8687535601641216
1.939652010977274,-4.188322694374466,-1.0842160363323825
2.1681878306899987,-4.518766404511561,-1.3316774081022706
2.365530107463575,-4.777829370236618,-1.588442485420759
2.521906055796841,-4.942156773561357,-1.8406715685487578
2.6506205228926167,-4.994014334360474,-2.0817497704277876
2.709460722577982,-4.914550268272172,-2.2997432456973708
2.7513849600154927,-4.728085516902585,-2.4795100385533697
2.8272319043630767,-4.482099502029875,-2.601165240728336
2.9417459300955033,-4.203018053333587,-2.653433218870216
2.902969976852831,-3.3803753730836856,-2.5795455658023565
2.9029699768528308,-3.3803753730836865,-2.579545565802357
2.713956599926528,-2.3970022696753195,-2.214733849683595
2.713956599926528,-2.39700226967532,-2.214733849683595
2.470354900100652,-1.667655688863767,-1.6392975785844497
2.3028434233368205,-1.3891593835496823,-1.3303527118009166
2.07769025581857,-1.1286638429388554,-1.0122415720631954
1.7703061896010839,-0.8513374835056506,-0.6864211013143338
1.394779482388457,-0.559716842949427,-0.3588945436695544
0.9759148208848198,-0.2589364333138479,-0.03818478946467219
0.5232818488330541,0.027001682161674638,0.29980585374448093
0.04389425317116986,0.3243275994335689,0.648959968748545
-0.4417762320121052,0.6305559872355365,1.0096049324647356
-0.9449352847425078,1.0019227987180856,1.3477864293768964
-1.4439185313938747,1.379689015008242,1.6608105767877521
-1.8707885445226755,1.716796880693835,1.9418446683689243
-2.175980058188203,1.9679779871932912,2.1788588106437525
-2.3478225879836874,2.1772047072442686,2.337342707276391
-2.436903590028099,2.3891652454433725,2.376800044121919
-2.4701709631472206,2.5984912262621664,2.317651945314305
-2.502281500684479,2.8105578501941197,2.1799950317043972
-2.591257995653469,3.049116335919826,1.9979719581607989
-2.9741430485370026,3.58778624070806,1.6345796446693233
-3.154976775253423,3.81065408313425,1.51404003704638
-3.1549767752534223,3.81065408313425,1.5140400370463805
-3.233440152574037,4.089956142918246,1.4413627052940414
-3.1878539561193278,4.216960622264911,1.4743017889802275
-3.1356009456828136,4.342915133703387,1.5340807433618153
-3.0421880622451876,4.447072076649417,1.5853784257142913
-2.8645664380360483,4.510380520649483,1.606508042552699
-2.546555190532908,4.4500130289011475,1.5327964785909889
-2.1231557635478095,4.2965292248918185,1.3618973558100604
-1.6428094971564722,4.039263576136432,1.0986952403596237
-1.233028504527342,3.711208625336888,0.8024849721508159
-0.9776215163366508,3.341763097525533,0.5580706811671879
-0.8629769650791409,2.938827257941674,0.3978372534301651
-0.7767985212975619,2.4960210445275455,0.28381348157439457
-0.6287865043241483,2.01968322239575,0.144157958269501
-0.2777234405094036,1.0089396769372707,-0.0840661472431064
-0.12665054334182965,0.5120195148863871,-0.12904866511999175
0.040514277868568885,-0.012036550140709673,-0.16697290454469177
0.23779930905198657,-0.5380094117242894,-0.22398025900050184
0.4704840007809381,-1.0617848443163662,-0.3026357095866527
0.7053406953462504,-1.5827434331110932,-0.37330869111635456
0.9438740856792986,-2.1000617752872013,-0.452389972935998
1.219093941234087,-2.6014501727416515,-0.5735432818056547
1.489443001610264,-3.0529340653291266,-0.6793004916262103
1.5979059767134656,-3.4517329099021903,-0.6654206285475731
1.5353473223618839,-3.7743193360390195,-0.5955049052882324
1.4250405022981234,-4.010805453390855,-0.5696966754881242
1.2992114064620948,-4.182750456465503,-0.6101998800072355
1.1765449371092638,-4.31998909572885,-0.7263167328637701
1.1467454827029386,-4.420062984738191,-0.927266268320216
1.2465045992283492,-4.466803077916602,-1.1773877601429945
1.57434985409517,-4.379252825093803,-1.6366030639996074
1.6518818653648166,-4.2499714376220155,-1.8682429294412293
1.8534465359916046,-4.075085124573416,-2.073263373877876
2.1591040744724155,-3.9156827900588316,-2.182523152961678
2.445898749609468,-3.771131764632374,-2.2275604933692215
2.6711917911985417,-3.6074281976987135,-2.224449739548904
2.8131948312240116,-3.396558541889428,-2.1647721452977233
2.813754253836963,-3.1046954099843407,-2.082310055461583
2.68799213437415,-2.7335041537920315,-1.995440353065601
2.468958067301362,-2.3084965101279975,-1.8935910934067834
2.2166408255494243,-1.8681785732316143,-1.782175286796967
1.965994800092397,-1.4618514792741328,-1.640351254227645
1.7089094183179252,-1.1191319037315262,-1.4223445799361687
1.4625882384462308,-0.8180467018403728,-1.0978219979589507
1.184038194667421,-0.5461079558730599,-0.6904410616351103
0.8858862423137089,-0.31341602315332895,-0.27575948740774514
0.5413442638128919,-0.07031234181231784,0.17926293272480515
0.20254450825076806,0.1629970243924439,0.6327811236258677
-0.402800825923674,0.6452990993565916,1.49015793361288
-0.6797991288074294,0.9031374082826232,1.8912043798866691
-0.9443053359690767,1.184654166609193,2.2851482458236427
-1.1489543317963313,1.4591437906021816,2.6125125036800574
-1.2802457639025817,1.708160190091239,2.812264238872552
-1.3411460372648827,1.9489868474851548,2.873697411035567
-1.395397121845552,2.1980777054984086,2.8007319164993376
-1.401378480032911,2.3742276598806975,2.573200229423775
-1.3933932991949682,2.5009245078926634,2.312460759465189
-1.4515481867164879,2.6342453493327236,2.0619129673935985
-1.6177154779766982,2.823647346829935,1.8590176638928617
-1.8139220567546641,2.9957810676894927,1.7043786656877018
-2.1197346487073205,3.218864151127802,1.4674636926454554
-2.232880687499006,3.2531465725806576,1.4004998711117285
-2.278473105794849,3.2388514160135586,1.3610695514465396
-2.2486406825238086,3.229222148968504,1.3854697589410545
-2.173673202534737,3.2674061647002834,1.4508025829012379
-2.0764900719727004,3.302345954548266,1.5042946576286302
-1.8820543189646355,3.252406827866614,1.4739164699966991
-1.5675376487332202,3.081749954131663,1.331677807386509
-1.220886706792753,2.8162742435566095,1.103448377253228
-0.9163200876562115,2.4916190931720372,0.8455735656963578
-0.6386444466087191,2.1351018872842324,0.578813524275689
-0.39210273852759514,1.7664617578673683,0.32688607665592284
-0.1770057536088225,1.3978052656439341,0.11420480131914343
0.03641045124615636,1.0214356751769211,-0.06298123415528875
0.2453377080105041,0.6331712509401841,-0.20979788801287463
0.43040408907375655,0.22881094970399274,-0.3180153784547809
0.6039563478924187,-0.18174327705626336,-0.39662066100238413
0.7586599266181714,-0.5858822038834717,-0.45302612780238816
1.053847933702311,-1.3816348485315437,-0.549211954022827
1.1842547263520329,-1.7828318290347818,-0.6035393322882957
1.2295478136596163,-2.1742623297878887,-0.6409391005942942
1.1848493698479556,-2.538911075660347,-0.6697675477288386
1.1249615200919032,-2.844436835597823,-0.7241359832128984
1.0730560797008075,-3.0625470091983558,-0.7950188130223962
0.7699674116355953,-3.187489214826451,-0.9129511292841936
0.7699674116355955,-3.1874892148264515,-0.9129511292841935
0.5352322877757751,-3.023343940408295,-1.0718580940967923
0.5056928696095033,-2.851462071373337,-1.1203901136946857
0.44977512653573687,-2.60061505477207,-1.1218367032904029
0.39359167140859064,-2.2710531688506252,-1.0811888762494686
0.3754579524386289,-1.901198958236419,-0.9976308197868747
0.36615761733611724,-1.5393029897335555,-0.8990772066317364
0.351777333013295,-1.1991171786388446,-0.8011494471933087
0.39988982770354253,-0.9096366356770008,-0.6864693568213615
0.45805689947249156,-0.6547606226490112,-0.5702089664239933
0.475433907070697,-0.3965925414615197,-0.4453140925920651
0.3734606631966356,-0.15127783050706556,-0.34715177127678
0.23597185351580555,0.09623344194634148,-0.26352738181840696
0.1251962530153185,0.3015533244155902,-0.1913947069592369
0.05143632543665229,0.44371028463027895,-0.12407911505087107
-0.0007721594573005391,0.5384297213828245,-0.07019692336353403
-0.05214460353203856,0.6120687555727466,-0.0306228319844652
-0.12558967979585253,0.6656244591429423,-0.006590471444990927
-0.20394568872139138,0.6911448611879991,0.003915145429483062
-0.2598228254407067,0.6869205827508096,0.016785871888783714
-0.29468512221806803,0.6659310440286617,0.037477539063847924
-0.2939092545413438,0.6261318654488996,0.05632969083861949
-0.2681997043358711,0.5719611633918542,0.06560918925779952
-0.23149226949879356,0.5061036528418277,0.06847615864036102
-0.1899673510623416,0.43223280651914436,0.06877154290724427
-0.16210746140889903,0.36688250138948025,0.07049301735355454
-0.1416389016530847,0.3167149391846047,0.07783825970085845
-0.11134882510439617,0.24771900423645138,0.0962045739553185
-0.09640721506985961,0.22694874083564254,0.1005321449923387
-0.0764780319567494,0.21211453724712398,0.09871762208712101
-0.05436001601985627,0.2159124140912307,0.09116558091555005
-0.04279547746787376,0.24472001610229333,0.07939112195862158
-0.04699328443208283,0.3039354777719975,0.0584158546334644
-0.04113892532592738,0.37183755927326806,0.029235382193386027
-0.00922787128061172,0.4436630680086189,-0.005671828937179553
0.02608021426726056,0.5303239287579168,-0.043795726289779104
0.044788755717648294,0.6442217228222622,-0.08790364384378835
0.0427314825869668,0.7803685693078656,-0.14034352600609384
0.04597296899075327,0.9224956246272998,-0.20311238030203033
0.08332510194124113,1.057643750012763,-0.2751457857189799
0.10960025725571482,1.2120867274083043,-0.37309164917403453
0.11973003083289005,1.3777764242559547,-0.47898241356164833
0.08582882073385664,1.7232467634953588,-0.67758663646385
0.08784601699540409,1.880022027222811,-0.7605526040391613
0.10905112948036824,2.008629834458128,-0.8270293564022703
0.19380181995608373,2.058150437799957,-0.8573992933336048
0.3259295516834324,2.0350102143624973,-0.8708906153866949
0.4641695151507798,1.9628252790828575,-0.8717904128014107
0.6040923989050309,1.8055927168455712,-0.8574356372266402
0.7724006995558164,1.5460388549928716,-0.8160036728971877
0.9767028615780258,1.1766625966785942,-0.7973687514959776
1.2128883287303318,0.7008344756711176,-0.8175884400083772
1.4323926908652005,0.19002583147032115,-0.8661041070695276
1.5748141332440933,-0.3127323755150574,-0.9127958957058703
1.620720790719261,-0.7591551378019253,-0.932588168473704
1.5252010328161523,-1.0791759649409254,-0.9133077029346525
1.3280366034164865,-1.2903020512115722,-0.8311530064737082
1.0589870254937304,-1.4386296558955265,-0.695089441427211
0.7394127599611899,-1.5240220132864284,-0.5215830585681004
0.16795944818589828,-1.6730248326658992,-0.029854606457654594
0.16795944818589817,-1.6730248326658994,-0.02985460645765465
-0.02487844780679612,-1.7502782479150107,0.34829846368068934
-0.6190547897138747,-1.7919977051060798,1.2102739420813435
-0.844942277255217,-1.7574773397878907,1.564642395721745
-1.023516335446848,-1.6891151442219097,1.7718900608108432
-1.2368585982267577,-1.523034761725552,1.8222499503713379
-1.3495204239112681,-1.331368437972255,1.7430776299066932
-1.1931850316170927,-1.0977216349395926,1.5815098800593914
-0.7745220360691674,-0.7170715564495802,1.3757674177381922
-0.3306695929863612,-0.22875859392818632,1.0479234776741768
-0.15847131098038303,0.302798372601057,0.535131036746309
-0.13836495844077293,0.8734676800791761,-0.07701338195977259
0.03090585252473759,1.306227029585772,-0.7899158132697877
0.3259781869818707,1.5843571655210515,-1.3754194287430674
0.7552110275401134,1.7730771109710364,-1.8508186294484534
1.6330432151651517,1.5831544598974296,-2.3259093629541496
1.7499265806360809,1.4017098929035916,-2.3168702498271947
1.4979896648844209,1.1546574147810744,-2.211192661518394
1.076075091107734,0.8751201290654298,-1.9884848172436933
0.7972118332140445,0.4991968872289618,-1.711336609295315
0.6994090555169955,0.010017470042285967,-1.3674466541957644
0.5297411461063669,-0.38534944998133563,-0.8792043787641302
0.20124186078909015,-0.6705411551836268,-0.3759618823320907
-0.5400101092344747,-1.15010457123437,0.6743910443293536
-0.7416821682557282,-1.3282774423317447,1.1490904433002536
-0.8352833580392041,-1.46070031569157,1.5333237873561538
-1.0239252238500753,-1.5758876925454088,1.8592438850232258
-1.0185656167240236,-1.7026624521136136,2.015493127028802
-1.176696257657178,-1.5465132420688874,2.0552483208420056
-1.4546437369243699,-1.2061059570291002,1.946750489588187
-1.4526000867680846,-0.9062964061419686,1.700295018288375
-1.1372597937166185,-0.5572659933743542,1.4069684267128886
-0.02856084308100034,0.33170443094887747,0.6414098674688983
0.29861701071949387,0.7279899723880909,0.04280529483738759
0.4215476171626728,1.0688540398156428,-0.5941527256376911
0.7097998309080975,1.3628985252935255,-1.1611801691392512
0.8661241955281255,1.5982699161251874,-1.601105327371174
1.182556524762378,1.5897021953967647,-1.89348195515768
1.5773035560850284,1.3943092504325063,-2.0214573870469112
1.722063862574498,1.2502602264446288,-2.017939616736282
1.0809406861552284,0.8003973566851734,-1.628980911499446
0.5909151594208224,0.5061592362566495,-1.231081026403826
0.2651388393072843,0.12322075777948018,-0.7551608199936305
0.014808511567385864,-0.268248805571735,-0.22803223916477797
-0.2747216617967895,-0.5840084583932094,0.29759598330683973
-0.5852534258324471,-0.8330960074906667,0.8381683833848868
-0.7811284447251999,-1.0369214304111793,1.3245203616886039
-0.8916027209442448,-1.168819409705822,1.6855995505170387
-1.1590657534952784,-1.2475822165850359,1.9610839836075413
-1.295115438251979,-1.2833254964124163,2.014768833807214
0.059289944349359976,0.949567105539431,-0.31362819114345114
0.578875332339454,1.219854165472286,-0.6973372330115287
0.9329523877354924,1.415106419154977,-0.9791645117518991
1.3709293396273452,1.4362826394827959,-1.120464448569687
1.6989978412111997,1.433863464830182,-1.1910076542586547
1.8096292023670206,1.3959615643479166,-1.237938151990147
1.8178159247343542,1.3241916037756276,-1.3077702368609803
1.691208871303795,1.1664293883308823,-1.3759183346490798
1.4092075175731065,0.9735274811000333,-1.4004471801559346
0.993750410743028,0.7853979325617703,-1.3011130122961088
0.5401305442077537,0.6044373069510153,-1.0682348391366538
0.1515438521614739,0.3345942551034726,-0.710471652373125
-0.1416664070697371,0.020415024745988455,-0.33259852714625443
-0.37084084416361435,-0.28568679381066786,0.07231105953349823
-0.534253358935194,-0.6187176950431216,0.5723831569461422
-0.5869984601964132,-0.9511195592179881,1.05140277121655
-0.7293609376739344,-1.2801527681079545,1.4374132809634985
-0.8940850867340783,-1.590501876085471,1.8156554488750498
-1.2230228752998344,-1.6270688007943621,2.0639193734391723
-1.5676432704734082,-1.4803849199133483,2.106199497660336
-1.65941739353087,-1.305245513314486,1.8516199536422826
-1.4671449430257644,-1.0343429858173627,1.5190876461193477
-1.1244867686291573,-0.5892440543486435,1.144409686104901
-0.464612675013312,0.43105088025151367,0.09885465905925864
-0.3917534718730459,0.8915751949773393,-0.5828841597165899
-0.17157811767130185,1.3203949854773067,-1.1584511283074592
0.18862686492284422,1.688764290846359,-1.7034051974412936
0.7530926784515425,1.7176096585299112,-2.0806524907469166
1.3716648516341807,1.5336558668424392,-2.309069472044366
1.7461211869861821,1.3062775282329768,-2.2942584914329216
1.7830955769542838,1.0224065644705382,-2.1744401874485795
1.5245228561861424,0.6820281524810484,-1.9250022162623994
1.0947511804932886,0.3421241449433853,-1.5563813954751264
0.7611604418086182,-0.028030723214786987,-1.054644076927524
0.5961211445400934,-0.46794035147723434,-0.5151219218655392
0.3938125159082491,-0.8388386907440362,0.07426279760371501
0.09393982129284908,-1.102722169151337,0.6849809719653893
-0.1348569201461341,-1.2857572305710567,1.234470762199652
-0.4279846291479978,-1.4821611084944368,1.7582984499616594
-0.4205194101092616,-1.7022337814736832,2.0715816546121766
-0.6296108810363311,-1.6153660372439622,2.2939673511178236
-1.0530548673465918,-1.252325482446852,2.325283946693222
-1.282776327631635,-0.8526139245131079,2.1626074480940614
-1.111739078937205,-0.444610845808358,1.785142595822867
-0.7765419009212953,0.012985711373939016,1.2996775325699295
-0.4400588781483025,0.48347750708912224,0.7347289195140504
-0.0732866203465716,0.9363880516398322,0.040983220285445925
0.22217215535512236,1.3804615632684787,-0.6710204532193761
0.506891950824229,1.846762300641605,-1.3772864000061125
0.5139329559682743,2.269188830309642,-1.9122681256089453
0.7449631423687011,2.3929192077831987,-2.3373894332269236
1.1171113585078671,2.2050501733124017,-2.5719165301270146
1.2865277610786996,1.9620898664479154,-2.610748978162322
0.7264698708825479,1.5413703682418258,-2.0661863392527064
0.3660571030744794,1.2484213578229115,-1.6748215178702512
0.0743127423354539,0.8527471705853633,-1.1950632143591016
-0.15572149035045454,0.3665182813052771,-0.6424713381680559
-0.27744648387932386,-0.1721217093141636,-0.06406070775806463
-0.34975423928031807,-0.7092674288816976,0.5334257679757691
-0.23654404882199717,-1.2680812893801925,1.1116499874621488
0.11067367972074921,-1.9060748904307514,1.4730535154391675
0.4157540606360097,-2.4525088106118966,1.7301889526138572
0.5450322917225319,-2.801665744894413,1.9738741674699773
0.3495677721311063,-2.785575763370105,2.158001246519588
-0.06044329547153981,-2.4129164736383095,2.225813594998943
-0.2611515556997996,-1.9941113798260937,2.0689965498427467
-0.11559637249113952,-1.4635931767409658,1.709865932053154
0.12254276777127449,-0.8376265646303706,1.246429511363059
0.27590371069571723,-0.15331051884532315,0.6822838980689173
0.267912330149231,0.5486572909983706,-0.027994725812323158
0.04212284451500391,1.2737734432247279,-0.7237484513597968
0.030047152644674426,2.339622021428977,-1.8459183778807904
0.8844402466209993,2.115946145917822,-2.5223099211920488
1.0278716418356768,1.8099729889158742,-2.586460729022296
0.8355504182662113,1.4642063205296014,-2.413651062666688
0.5105929543257883,1.0849324456574962,-2.1057574744766105
0.22110626773194444,0.6462695092754588,-1.6871935932018205
0.004731799162408547,0.15617528994894048,-1.144545355629067
-0.11562755961197504,-0.3724497357421237,-0.5059010085935568
-0.24568859174038246,-0.8643655185990343,0.20468248958075722
-0.3322737437284253,-1.3006532223218092,0.9356875048527992
-0.23192846048401353,-1.7381429619564988,1.5110372887176238
-0.15270982176565187,-2.043278260423297,2.011217892604141
-0.19477405962331099,-2.248215698744253,2.3939299461354375
-0.27968152332998336,-2.3327611155030885,2.6597801520891493
-0.6281877024292206,-1.99661644581229,2.7319722901191494
-1.0430114464738096,-1.5695144028847392,2.66696794766413
-1.3011256437083842,-1.0538254144097798,2.4156875283334074
-1.2988767157454524,-0.41770468524885596,1.9611545932923906
-1.1194380886519144,0.20772757188049223,1.3685020702247646
-0.912834935745525,0.8304143782187285,0.5776770212274128
-0.9210587809856314,1.9820895893126194,-1.0618216136171519
-0.5773160163391369,2.425891913832129,-1.7795572757611315
-0.18236711606107972,2.720209035307491,-2.386930574007392
0.4661405878122405,2.5964273729533813,-2.7683298339260847
1.0537493687132127,2.3363701492072186,-3.0100388698314053
1.4106662519963997,1.941192171342896,-3.1138969290422103
1.4332611886407927,1.4904237525641595,-3.033512516802187
1.2615137926870499,1.0634847819077033,-2.810525914023189
1.0534552488913762,0.6135996042941427,-2.378288948666443
0.9264881725568312,0.1000363459240725,-1.8098532603221924
0.7797436501255803,-0.400072009010574,-1.1697961669785046
0.5542814439895227,-0.8314057845696288,-0.46775706243265935
0.3218307149228465,-1.2048832375549476,0.23060915559309725
0.17244904246850593,-1.5358441119625992,0.9112397873567017
0.16379537762999183,-1.8501226618548252,1.4955127652372115
0.22431393981721995,-2.1482289754442165,2.0149323445887077
0.23494887228170683,-2.371138311767055,2.4029738342106333
0.28425920537471766,-2.5680125720033122,2.6513614590151846
0.08962851515990392,-2.559127803882279,2.8543060921875654
-0.41068597013417435,-2.212398066609963,2.9527044801255027
-0.9704013053891909,-1.7551867846401301,2.921089604189926
-1.1656338349098336,-1.3652340126445404,2.678919338229907
-1.0775888337513557,-0.9305066170312867,2.2671749020426404
-1.0055695638851596,-0.4317466456869345,1.7516499819668698
-1.0174831254423962,0.06499323218022747,1.1176377737173215
-1.1357686842922128,0.5631914310644396,0.48906332453252327
-1.2280539670961224,0.9932830573894329,-0.04385890886023742
-1.3285915139903557,1.386694523271929,-0.5073206367922346
-1.097539682704562,1.6347053675371788,-0.9921955427440606
-0.4715722791094718,1.6189170127214783,-1.397994549578177
0.5370379309213795,1.3132175673131667,-1.849249585271034
0.5489917724508886,1.1098272996611604,-1.7890218432891976
0.5441971047522651,0.8444843743022359,-1.6676715641362136
0.5022408859228482,0.570948616505772,-1.4650305250440194
0.4873426186613645,0.2949379357262466,-1.2326537637652548
0.5666168654749009,-0.29551673589295857,-0.6306331359068947
0.6119031536626433,-0.554201055576162,-0.2647897472118872
0.6327499148779031,-0.7828196996195498,0.059876867757396486
0.5931888320838531,-0.964512957516964,0.4290764317922484
0.491206318620957,-1.0371026038198277,0.797564147680943
0.2820205147586873,-0.982391033768623,1.1028760163923128
0.054784042102149356,-0.8476642179490015,1.281481588481705
-0.0495050997957295,-0.7570766988672473,1.3373329984541449
-0.060485735931545985,-0.6733632991452394,1.2972906886909517
-0.0878759185142921,-0.5628512005086272,1.213178300695756
-0.16653108965299204,-0.37924002486792935,1.0409187740755836
-0.25449272105115833,-0.1963846011230706,0.8243833963335038
-0.32869141645299116,-0.008032643495890127,0.6358413945238416
-0.3141768993325968,0.1623461753704411,0.37901949270162255
-0.19882414783122526,0.2589693190952834,0.09638656772887039
0.019048929724594422,0.2806917939099691,-0.13813921036425214
0.20883140150048254,0.2595777072931314,-0.26109916387088783
0.27419887219910444,0.27668718383803875,-0.3006623276352691
0.27419887219910444,0.27668718383803875,-0.3006623276352691
0.30998895548223704,0.22507417925413015,-0.3302126323282518
0.32318682157933337,0.19677820963181336,-0.3881864718947542
0.33525030606590084,0.17907952324280202,-0.45002200275200455
0.28587125816674985,0.17999866653372554,-0.49782344071682527
0.20652975786038472,0.1881861627690422,-0.5449769228414756
